{
  "time": "2022-06-09T11:09:22.044695",
  "features": [
    "i"
  ],
  "seed": 888,
  "split_id": 0,
  "metrics_train": {
    "acc": 0.6947866645057481,
    "auc": 0.7046482103616181,
    "nll": 0.5779000062531517,
    "mse": 0.1975040120925431,
    "rmse": 0.4444142347996327,
    "f1": 0.7942195128782009
  },
  "metrics_test": {
    "acc": 0.6925106835144548,
    "auc": 0.701820106799864,
    "nll": 0.5810346496129435,
    "mse": 0.1987612500904089,
    "rmse": 0.4458264797994943,
    "f1": 0.7942195128782009
  }
}