{"time": "2022-06-12T11:55:35.503984", "features": ["tcA_TW", "tcW_TW"], "seed": 888, "split_id": 4, "metrics_train": {"acc": 0.8448720784487208, "auc": 0.6104714849267461, "nll": 0.4202278374403379, "mse": 0.12766694579651175, "rmse": 0.35730511582751195, "f1": 0.9177859618717503}, "metrics_test": {"acc": 0.848955223880597, "auc": 0.6043363610280572, "nll": 0.41529534769414167, "mse": 0.1255208196130173, "rmse": 0.3542891751281957, "f1": 0.9177859618717503}}