{"time": "2022-06-12T11:53:43.019220", "features": ["icA", "icW"], "seed": 888, "split_id": 1, "metrics_train": {"acc": 0.8459472231203522, "auc": 0.6261174584038368, "nll": 0.4064688291780926, "mse": 0.1252683399023317, "rmse": 0.3539326770762085, "f1": 0.910294878427315}, "metrics_test": {"acc": 0.835358906190657, "auc": 0.6338072470072232, "nll": 0.41871313111748754, "mse": 0.13145709981716877, "rmse": 0.3625701308949329, "f1": 0.910294878427315}}