{"time": "2022-06-12T11:54:55.286322", "features": ["icA", "icW"], "seed": 888, "split_id": 3, "metrics_train": {"acc": 0.8435633990088239, "auc": 0.6303766529175403, "nll": 0.4077690699278352, "mse": 0.12646282991915775, "rmse": 0.3556161271921702, "f1": 0.9157365103232895}, "metrics_test": {"acc": 0.8445700874759975, "auc": 0.6165620682459724, "nll": 0.4144528414741979, "mse": 0.12676241352077883, "rmse": 0.35603709570883035, "f1": 0.9157365103232895}}