{"time": "2022-06-12T11:53:29.813143", "features": ["user_avg_correct"], "seed": 888, "split_id": 0, "metrics_train": {"acc": 0.8410906222266049, "auc": 0.5667391170942437, "nll": 0.43708220212762006, "mse": 0.13350187372701472, "rmse": 0.36537908222422194, "f1": 0.9214543141827433}, "metrics_test": {"acc": 0.8543488943488944, "auc": 0.5635456685409158, "nll": 0.4143674289392349, "mse": 0.12428481401907704, "rmse": 0.3525405140109106, "f1": 0.9214543141827433}}