{"time": "2022-06-12T11:53:10.081439", "features": ["tcA_TW", "tcW_TW"], "seed": 888, "split_id": 0, "metrics_train": {"acc": 0.8424958090918055, "auc": 0.6082778664515918, "nll": 0.4243295365694244, "mse": 0.12928938868118048, "rmse": 0.3595683365942842, "f1": 0.923068738029368}, "metrics_test": {"acc": 0.8578869778869779, "auc": 0.6106665856298047, "nll": 0.39913218900604275, "mse": 0.1190849900541987, "rmse": 0.3450869311553231, "f1": 0.923068738029368}}