{"time": "2022-06-12T11:53:51.734032", "features": ["icA_TW", "icW_TW", "tcA_TW", "tcW_TW"], "seed": 888, "split_id": 1, "metrics_train": {"acc": 0.8488322928843236, "auc": 0.7132646797729081, "nll": 0.38487262347654017, "mse": 0.11934144992208795, "rmse": 0.3454583186465307, "f1": 0.9102417764864584}, "metrics_test": {"acc": 0.8357387011014052, "auc": 0.717292719877355, "nll": 0.4014707340907242, "mse": 0.1263858777593529, "rmse": 0.3555079151852359, "f1": 0.9102417764864584}}