{"time": "2022-06-12T11:53:49.398589", "features": ["icA_TW", "icW_TW"], "seed": 888, "split_id": 1, "metrics_train": {"acc": 0.8461213221578332, "auc": 0.6316328902562766, "nll": 0.40023839997911764, "mse": 0.12446919128291682, "rmse": 0.35280191507830116, "f1": 0.910294878427315}, "metrics_test": {"acc": 0.835358906190657, "auc": 0.6376965392417747, "nll": 0.4161425097229228, "mse": 0.13118103155849734, "rmse": 0.36218922065475295, "f1": 0.910294878427315}}