{"time": "2022-06-12T11:55:29.196046", "features": ["tcA", "tcW"], "seed": 888, "split_id": 4, "metrics_train": {"acc": 0.8447246184472462, "auc": 0.5883976037496419, "nll": 0.4243784716459782, "mse": 0.12890468660140994, "rmse": 0.35903298817993023, "f1": 0.9178215677782591}, "metrics_test": {"acc": 0.848955223880597, "auc": 0.5839982181148259, "nll": 0.41809147496432497, "mse": 0.1263381717660976, "rmse": 0.35544081330947014, "f1": 0.9178215677782591}}