{"time": "2022-06-12T11:55:56.866645", "features": ["n_gram"], "seed": 888, "split_id": 4, "metrics_train": {"acc": 0.8456585317899187, "auc": 0.6239664874553414, "nll": 0.41469888289276396, "mse": 0.12571920808513112, "rmse": 0.3545690455822831, "f1": 0.9171940072475526}, "metrics_test": {"acc": 0.8476616915422885, "auc": 0.5997802467457944, "nll": 0.41937200524228885, "mse": 0.12715891176016828, "rmse": 0.3565934824981638, "f1": 0.9171940072475526}}