{"time": "2022-06-12T11:55:03.934439", "features": ["icA_TW", "icW_TW", "tcA_TW", "tcW_TW"], "seed": 888, "split_id": 3, "metrics_train": {"acc": 0.846367702163665, "auc": 0.7151401183337005, "nll": 0.3878329560952707, "mse": 0.12063525662987191, "rmse": 0.34732586518984143, "f1": 0.9158596694694114}, "metrics_test": {"acc": 0.8452101557499466, "auc": 0.7092475996459146, "nll": 0.39056919683434504, "mse": 0.12162206329425694, "rmse": 0.3487435494661614, "f1": 0.9158596694694114}}