{"time": "2022-06-12T11:54:06.664369", "features": ["user_avg_correct"], "seed": 888, "split_id": 1, "metrics_train": {"acc": 0.8459472231203522, "auc": 0.5686055041292166, "nll": 0.42854061760249, "mse": 0.13009112702006523, "rmse": 0.36068147584824095, "f1": 0.910294878427315}, "metrics_test": {"acc": 0.835358906190657, "auc": 0.5601808225262479, "nll": 0.4477481360878016, "mse": 0.13776204801261974, "rmse": 0.3711631016313714, "f1": 0.910294878427315}}