{"time": "2022-06-12T11:54:38.482976", "features": ["weekend"], "seed": 888, "split_id": 2, "metrics_train": {"acc": 0.8446836610101917, "auc": 0.5075007607925843, "nll": 0.43174293826989923, "mse": 0.1311728661154523, "rmse": 0.3621779481352396, "f1": 0.913170431842631}, "metrics_test": {"acc": 0.8402149321266968, "auc": 0.4956935727767634, "nll": 0.43955993827234113, "mse": 0.13431749758369185, "rmse": 0.36649351642790606, "f1": 0.913170431842631}}