{"time": "2022-06-12T11:53:40.843016", "features": ["tcA", "tcW"], "seed": 888, "split_id": 1, "metrics_train": {"acc": 0.8478871838237123, "auc": 0.5874114819495644, "nll": 0.41901674941234346, "mse": 0.12673563437644883, "rmse": 0.35599948648340607, "f1": 0.9107976351000934}, "metrics_test": {"acc": 0.8366881883782757, "auc": 0.5871850986894631, "nll": 0.4389005177466423, "mse": 0.13475239773322667, "rmse": 0.36708636277206846, "f1": 0.9107976351000934}}