{"time": "2022-06-12T11:53:38.719428", "features": ["c"], "seed": 888, "split_id": 1, "metrics_train": {"acc": 0.8459472231203522, "auc": 0.576136901006938, "nll": 0.4241440017533367, "mse": 0.1288374084032251, "rmse": 0.35893928233508393, "f1": 0.910294878427315}, "metrics_test": {"acc": 0.835358906190657, "auc": 0.5703356613763273, "nll": 0.4427132252848046, "mse": 0.13626804368392037, "rmse": 0.3691450171462705, "f1": 0.910294878427315}}