{"time": "2022-06-12T11:54:49.101781", "features": ["bundle"], "seed": 888, "split_id": 3, "metrics_train": {"acc": 0.8435633990088239, "auc": 0.6183678459195099, "nll": 0.420673222409252, "mse": 0.12828249273052264, "rmse": 0.35816545440693, "f1": 0.9157365103232895}, "metrics_test": {"acc": 0.8445700874759975, "auc": 0.6222877383741702, "nll": 0.4169448928647666, "mse": 0.12693861609853835, "rmse": 0.35628445952432214, "f1": 0.9157365103232895}}