{"time": "2022-06-12T11:53:05.746797", "features": ["icA", "icW"], "seed": 888, "split_id": 0, "metrics_train": {"acc": 0.8410906222266049, "auc": 0.6262201998586533, "nll": 0.41403644263796263, "mse": 0.12834829475014312, "rmse": 0.35825730243798676, "f1": 0.9214543141827433}, "metrics_test": {"acc": 0.8543488943488944, "auc": 0.6348819368989863, "nll": 0.38905256027824486, "mse": 0.11934420386250744, "rmse": 0.3454623045463968, "f1": 0.9214543141827433}}