{"time": "2022-06-12T11:54:04.569216", "features": ["part_of_day"], "seed": 888, "split_id": 1, "metrics_train": {"acc": 0.8459472231203522, "auc": 0.5115487121056612, "nll": 0.42952467204428507, "mse": 0.13028187237123018, "rmse": 0.36094580253997993, "f1": 0.910294878427315}, "metrics_test": {"acc": 0.835358906190657, "auc": 0.5086612690888906, "nll": 0.447654707693744, "mse": 0.13763000655979482, "rmse": 0.3709851837469993, "f1": 0.910294878427315}}