{"time": "2022-06-12T11:53:16.753667", "features": ["month"], "seed": 888, "split_id": 0, "metrics_train": {"acc": 0.8410906222266049, "auc": 0.5362341229014151, "nll": 0.43631914918407927, "mse": 0.13326760384068326, "rmse": 0.36505835676050924, "f1": 0.9214543141827433}, "metrics_test": {"acc": 0.8543488943488944, "auc": 0.5431661008834415, "nll": 0.4145051260615454, "mse": 0.1243085573458633, "rmse": 0.35257418701014304, "f1": 0.9214543141827433}}