{"time": "2022-06-12T11:54:25.733232", "features": ["icA_TW", "icW_TW"], "seed": 888, "split_id": 2, "metrics_train": {"acc": 0.8448331713637837, "auc": 0.6324684479917417, "nll": 0.40235571967807504, "mse": 0.12523402453282806, "rmse": 0.35388419650053327, "f1": 0.9131905298759866}, "metrics_test": {"acc": 0.8403092006033183, "auc": 0.6359306796244392, "nll": 0.40780803913331076, "mse": 0.12815735151131472, "rmse": 0.35799071428085216, "f1": 0.9131905298759866}}