{"time": "2022-06-12T11:54:02.486220", "features": ["weekend"], "seed": 888, "split_id": 1, "metrics_train": {"acc": 0.8459472231203522, "auc": 0.505655774970502, "nll": 0.4296319166564454, "mse": 0.13030933640707262, "rmse": 0.3609838450776885, "f1": 0.910294878427315}, "metrics_test": {"acc": 0.835358906190657, "auc": 0.5014812137496909, "nll": 0.4477023525255424, "mse": 0.13764422125582287, "rmse": 0.37100434128972515, "f1": 0.910294878427315}}