{"time": "2022-06-12T11:55:18.616391", "features": ["user_avg_correct"], "seed": 888, "split_id": 3, "metrics_train": {"acc": 0.8435633990088239, "auc": 0.5663334894810065, "nll": 0.4327043810098081, "mse": 0.1317609953937271, "rmse": 0.36298897420407567, "f1": 0.9157365103232895}, "metrics_test": {"acc": 0.8445700874759975, "auc": 0.5698762616851274, "nll": 0.43160812948804006, "mse": 0.13125415845507732, "rmse": 0.362290157822535, "f1": 0.9157365103232895}}