{"time": "2022-06-12T11:53:01.432488", "features": ["c"], "seed": 888, "split_id": 0, "metrics_train": {"acc": 0.8410906222266049, "auc": 0.576481050135049, "nll": 0.43211862080383967, "mse": 0.13208847263400247, "rmse": 0.36343977855210413, "f1": 0.9214543141827433}, "metrics_test": {"acc": 0.8543488943488944, "auc": 0.5699193264066997, "nll": 0.41167658452232564, "mse": 0.12360077216355407, "rmse": 0.3515690147944697, "f1": 0.9214543141827433}}