{"time": "2022-06-12T11:54:44.935220", "features": ["n_gram"], "seed": 888, "split_id": 2, "metrics_train": {"acc": 0.8474496025516434, "auc": 0.6261708181139714, "nll": 0.41086922318913005, "mse": 0.1242422250952918, "rmse": 0.3524801059567643, "f1": 0.9130813804420286}, "metrics_test": {"acc": 0.8402149321266968, "auc": 0.5885258912191831, "nll": 0.43397263489864546, "mse": 0.1328400275666687, "rmse": 0.36447225898093905, "f1": 0.9130813804420286}}