{"time": "2022-06-12T11:54:23.649690", "features": ["tcA_TW", "tcW_TW"], "seed": 888, "split_id": 2, "metrics_train": {"acc": 0.8468017243527448, "auc": 0.6085555199966317, "nll": 0.4177844223844518, "mse": 0.1266370279502735, "rmse": 0.35586096716312327, "f1": 0.9135129576306047}, "metrics_test": {"acc": 0.8414404223227753, "auc": 0.610130044378517, "nll": 0.42488674930971854, "mse": 0.12951318464264452, "rmse": 0.35987940291526066, "f1": 0.9135129576306047}}