{"time": "2022-06-12T11:54:51.182991", "features": ["c"], "seed": 888, "split_id": 3, "metrics_train": {"acc": 0.8435633990088239, "auc": 0.5718629784991944, "nll": 0.4287877180417372, "mse": 0.13063509433321893, "rmse": 0.3614347718928257, "f1": 0.9157365103232895}, "metrics_test": {"acc": 0.8445700874759975, "auc": 0.5889361823496678, "nll": 0.4245153439408575, "mse": 0.12925355689890067, "rmse": 0.35951850703253185, "f1": 0.9157365103232895}}