{"time": "2022-06-12T11:53:14.583606", "features": ["icA_TW", "icW_TW", "tcA_TW", "tcW_TW"], "seed": 888, "split_id": 0, "metrics_train": {"acc": 0.8431121191204023, "auc": 0.7131567797854819, "nll": 0.39310221279136154, "mse": 0.12267575559874308, "rmse": 0.3502509894329252, "f1": 0.923019591141397}, "metrics_test": {"acc": 0.8578869778869779, "auc": 0.7180722137795887, "nll": 0.3690985654408593, "mse": 0.11324417012035257, "rmse": 0.3365177114511992, "f1": 0.923019591141397}}