{"time": "2022-06-12T11:55:41.983619", "features": ["month"], "seed": 888, "split_id": 4, "metrics_train": {"acc": 0.8434957851016245, "auc": 0.5384685553177443, "nll": 0.43224056194697524, "mse": 0.13160835421176448, "rmse": 0.3627786573267017, "f1": 0.9158576051779935}, "metrics_test": {"acc": 0.844776119402985, "auc": 0.5352002733230649, "nll": 0.4307239540991283, "mse": 0.1309192588136641, "rmse": 0.3618276645223028, "f1": 0.9158576051779935}}