{"time": "2022-06-12T11:53:23.333228", "features": ["hour"], "seed": 888, "split_id": 0, "metrics_train": {"acc": 0.8410906222266049, "auc": 0.5293727494676039, "nll": 0.4370991716411933, "mse": 0.13345325715000125, "rmse": 0.36531254721129036, "f1": 0.9214543141827433}, "metrics_test": {"acc": 0.8543488943488944, "auc": 0.510553498844138, "nll": 0.41591649527262614, "mse": 0.12467414790633795, "rmse": 0.3530922654297853, "f1": 0.9214543141827433}}