{"time": "2022-06-12T11:55:46.149942", "features": ["day"], "seed": 888, "split_id": 4, "metrics_train": {"acc": 0.8434957851016245, "auc": 0.511311604586992, "nll": 0.43371713307610754, "mse": 0.13198153564431384, "rmse": 0.363292630869818, "f1": 0.9158576051779935}, "metrics_test": {"acc": 0.844776119402985, "auc": 0.5028968469692852, "nll": 0.4317225884398476, "mse": 0.13114417587596333, "rmse": 0.36213833803667256, "f1": 0.9158576051779935}}