{"time": "2022-06-12T11:53:36.549603", "features": ["bundle"], "seed": 888, "split_id": 1, "metrics_train": {"acc": 0.8459472231203522, "auc": 0.6183751742398709, "nll": 0.4162566742978427, "mse": 0.12654296083506447, "rmse": 0.3557287742579513, "f1": 0.910294878427315}, "metrics_test": {"acc": 0.835358906190657, "auc": 0.6214298992667149, "nll": 0.43421837588658135, "mse": 0.1337238583892059, "rmse": 0.365682729137166, "f1": 0.910294878427315}}