{"time": "2022-06-12T11:55:39.866834", "features": ["icA_TW", "icW_TW", "tcA_TW", "tcW_TW"], "seed": 888, "split_id": 4, "metrics_train": {"acc": 0.845339035120057, "auc": 0.7157337587898702, "nll": 0.3883480031511753, "mse": 0.1210167038456534, "rmse": 0.3478745518799175, "f1": 0.9178052483192367}, "metrics_test": {"acc": 0.8491542288557213, "auc": 0.7086746096463411, "nll": 0.38806443160137283, "mse": 0.1198504978232248, "rmse": 0.34619430645697336, "f1": 0.9178052483192367}}