{"time": "2022-06-12T11:55:54.568828", "features": ["user_avg_correct"], "seed": 888, "split_id": 4, "metrics_train": {"acc": 0.8434957851016245, "auc": 0.568231529980253, "nll": 0.43300026670985786, "mse": 0.13184860753738822, "rmse": 0.3631096356989005, "f1": 0.9158576051779935}, "metrics_test": {"acc": 0.844776119402985, "auc": 0.562031500105705, "nll": 0.4304730831602094, "mse": 0.1308534632039368, "rmse": 0.36173673189757327, "f1": 0.9158576051779935}}