{"time": "2022-06-12T11:54:42.634247", "features": ["user_avg_correct"], "seed": 888, "split_id": 2, "metrics_train": {"acc": 0.8446836610101917, "auc": 0.5655429756961828, "nll": 0.43103788762399187, "mse": 0.13103949986666816, "rmse": 0.36199378429286344, "f1": 0.913170431842631}, "metrics_test": {"acc": 0.8402149321266968, "auc": 0.5729483333978707, "nll": 0.43805583085987887, "mse": 0.1339519549103379, "rmse": 0.36599447387950806, "f1": 0.913170431842631}}