{"time": "2022-06-12T11:55:12.318043", "features": ["hour"], "seed": 888, "split_id": 3, "metrics_train": {"acc": 0.8435633990088239, "auc": 0.5301258476374443, "nll": 0.43293865620776584, "mse": 0.13175945484457555, "rmse": 0.3629868521648898, "f1": 0.9157365103232895}, "metrics_test": {"acc": 0.8445700874759975, "auc": 0.504547263653126, "nll": 0.43243638032771214, "mse": 0.13138789205668336, "rmse": 0.36247467781444176, "f1": 0.9157365103232895}}