{"time": "2022-06-12T11:54:40.535236", "features": ["part_of_day"], "seed": 888, "split_id": 2, "metrics_train": {"acc": 0.8446836610101917, "auc": 0.5133362001236673, "nll": 0.4316354197435884, "mse": 0.131145066973087, "rmse": 0.3621395683615462, "f1": 0.913170431842631}, "metrics_test": {"acc": 0.8402149321266968, "auc": 0.5015412507732069, "nll": 0.43962189013016406, "mse": 0.13433237789303548, "rmse": 0.3665138167832633, "f1": 0.913170431842631}}