{"time": "2022-06-12T11:55:01.616765", "features": ["icA_TW", "icW_TW"], "seed": 888, "split_id": 3, "metrics_train": {"acc": 0.8436117490632177, "auc": 0.6345942300011382, "nll": 0.40347715370824294, "mse": 0.1259059158919432, "rmse": 0.35483223626376337, "f1": 0.9160782497974302}, "metrics_test": {"acc": 0.8453168337956048, "auc": 0.6260092592424024, "nll": 0.40389799012220096, "mse": 0.12566172432099734, "rmse": 0.35448797486092154, "f1": 0.9160782497974302}}