{"time": "2022-06-12T11:53:25.482773", "features": ["weekend"], "seed": 888, "split_id": 0, "metrics_train": {"acc": 0.8410906222266049, "auc": 0.5043857752938884, "nll": 0.4378299365506661, "mse": 0.13365000439592759, "rmse": 0.3655817342208546, "f1": 0.9214543141827433}, "metrics_test": {"acc": 0.8543488943488944, "auc": 0.5077956064048926, "nll": 0.41570552082570783, "mse": 0.12459764737442555, "rmse": 0.3529839194275365, "f1": 0.9214543141827433}}