{"time": "2022-06-12T11:54:21.448898", "features": ["icA", "icW", "tcA", "tcW"], "seed": 888, "split_id": 2, "metrics_train": {"acc": 0.8466023772146221, "auc": 0.6955581001079323, "nll": 0.3959365518946109, "mse": 0.12195518629290047, "rmse": 0.3492208274042378, "f1": 0.9134141331142154}, "metrics_test": {"acc": 0.8410633484162896, "auc": 0.6929224721306289, "nll": 0.40278318700831417, "mse": 0.12510594447479045, "rmse": 0.3537031869729059, "f1": 0.9134141331142154}}