{"time": "2022-06-12T11:54:17.266193", "features": ["tcA", "tcW"], "seed": 888, "split_id": 2, "metrics_train": {"acc": 0.8467768059604794, "auc": 0.5883175545643926, "nll": 0.42129840042903277, "mse": 0.12766238104808425, "rmse": 0.35729872802472196, "f1": 0.9133494272946736}, "metrics_test": {"acc": 0.8409690799396682, "auc": 0.5848903212866957, "nll": 0.43008127099282933, "mse": 0.13116974827383993, "rmse": 0.36217364381445527, "f1": 0.9133494272946736}}