{"time": "2022-06-12T11:55:14.401076", "features": ["weekend"], "seed": 888, "split_id": 3, "metrics_train": {"acc": 0.8435633990088239, "auc": 0.50233060300327, "nll": 0.4337060316969623, "mse": 0.1319622446499518, "rmse": 0.3632660796853345, "f1": 0.9157365103232895}, "metrics_test": {"acc": 0.8445700874759975, "auc": 0.5168862015476458, "nll": 0.4319193072376178, "mse": 0.13124674485854662, "rmse": 0.36227992610486526, "f1": 0.9157365103232895}}