{"time": "2022-06-12T11:53:27.682706", "features": ["part_of_day"], "seed": 888, "split_id": 0, "metrics_train": {"acc": 0.8410906222266049, "auc": 0.5132798496764992, "nll": 0.4376852237331657, "mse": 0.1336117263348743, "rmse": 0.36552937821038994, "f1": 0.9214543141827433}, "metrics_test": {"acc": 0.8543488943488944, "auc": 0.5009260246777427, "nll": 0.41581310533495247, "mse": 0.12462925804161747, "rmse": 0.35302869294381367, "f1": 0.9214543141827433}}