{"time": "2022-06-12T11:54:00.319174", "features": ["hour"], "seed": 888, "split_id": 1, "metrics_train": {"acc": 0.8459472231203522, "auc": 0.5299679619734752, "nll": 0.42889427597110974, "mse": 0.13011681076888812, "rmse": 0.36071707856558183, "f1": 0.910294878427315}, "metrics_test": {"acc": 0.835358906190657, "auc": 0.5118211305757076, "nll": 0.44795305651299544, "mse": 0.13770223516708124, "rmse": 0.3710825180025074, "f1": 0.910294878427315}}