{"time": "2022-06-12T11:55:50.351891", "features": ["weekend"], "seed": 888, "split_id": 4, "metrics_train": {"acc": 0.8434957851016245, "auc": 0.5051102136106658, "nll": 0.4337893788538889, "mse": 0.13200069156554933, "rmse": 0.3633189942262162, "f1": 0.9158576051779935}, "metrics_test": {"acc": 0.844776119402985, "auc": 0.5041644015583945, "nll": 0.4316498876804384, "mse": 0.13112564678243396, "rmse": 0.3621127542388337, "f1": 0.9158576051779935}}