{"time": "2022-06-12T11:54:13.149856", "features": ["bundle"], "seed": 888, "split_id": 2, "metrics_train": {"acc": 0.8446836610101917, "auc": 0.6209187674763516, "nll": 0.41808170185834276, "mse": 0.127305201198246, "rmse": 0.35679854427708363, "f1": 0.913170431842631}, "metrics_test": {"acc": 0.8402149321266968, "auc": 0.6120874120099673, "nll": 0.42712398193878304, "mse": 0.13077238757524384, "rmse": 0.3616246501211496, "f1": 0.913170431842631}}