{"time": "2022-06-12T11:54:27.987147", "features": ["icA_TW", "icW_TW", "tcA_TW", "tcW_TW"], "seed": 888, "split_id": 2, "metrics_train": {"acc": 0.8468764795295407, "auc": 0.7148502963993385, "nll": 0.3868392886090226, "mse": 0.12015839962585395, "rmse": 0.34663871628231885, "f1": 0.9141385526654648}, "metrics_test": {"acc": 0.8428544494720965, "auc": 0.7122315453844721, "nll": 0.3938430607938853, "mse": 0.12320582504139323, "rmse": 0.351006873211043, "f1": 0.9141385526654648}}