{"time": "2022-06-12T11:55:20.966659", "features": ["n_gram"], "seed": 888, "split_id": 3, "metrics_train": {"acc": 0.8461743019460897, "auc": 0.6235917025948478, "nll": 0.41387927267589, "mse": 0.12539379062096365, "rmse": 0.3541098567125231, "f1": 0.9154994791063781}, "metrics_test": {"acc": 0.8442500533390228, "auc": 0.5968795245177987, "nll": 0.42376509068069085, "mse": 0.12893499068396103, "rmse": 0.35907518806506394, "f1": 0.9154994791063781}}