{"time": "2022-06-12T11:55:08.166505", "features": ["week"], "seed": 888, "split_id": 3, "metrics_train": {"acc": 0.8436600991176115, "auc": 0.5541682646581624, "nll": 0.43070876737094255, "mse": 0.13116720952071076, "rmse": 0.36217013891361993, "f1": 0.9150599270453361}, "metrics_test": {"acc": 0.8435033070194154, "auc": 0.5486815900277667, "nll": 0.42991465167643694, "mse": 0.13081435242927475, "rmse": 0.3616826681350307, "f1": 0.9150599270453361}}