{"time": "2022-06-12T11:55:10.246614", "features": ["day"], "seed": 888, "split_id": 3, "metrics_train": {"acc": 0.8435633990088239, "auc": 0.5096043175092915, "nll": 0.4336065209421627, "mse": 0.13193564529102, "rmse": 0.3632294664410089, "f1": 0.9157365103232895}, "metrics_test": {"acc": 0.8445700874759975, "auc": 0.5069436515724353, "nll": 0.4320827493396568, "mse": 0.13129020591705085, "rmse": 0.36233990384313297, "f1": 0.9157365103232895}}