{"time": "2022-06-12T11:54:32.216665", "features": ["week"], "seed": 888, "split_id": 2, "metrics_train": {"acc": 0.8446836610101917, "auc": 0.5596705793904206, "nll": 0.42825114920397, "mse": 0.13028248523349759, "rmse": 0.36094665150614375, "f1": 0.913170431842631}, "metrics_test": {"acc": 0.8402149321266968, "auc": 0.5262141044187553, "nll": 0.4395734862743168, "mse": 0.13426037490336207, "rmse": 0.3664155767750084, "f1": 0.913170431842631}}