{"time": "2022-06-12T11:53:07.866950", "features": ["icA", "icW", "tcA", "tcW"], "seed": 888, "split_id": 0, "metrics_train": {"acc": 0.8424218518883739, "auc": 0.6921198066093807, "nll": 0.40304508131857936, "mse": 0.12469754155092985, "rmse": 0.35312539069136595, "f1": 0.923354948442649}, "metrics_test": {"acc": 0.8582800982800983, "auc": 0.7061721368877157, "nll": 0.3750509147027967, "mse": 0.11433365331961245, "rmse": 0.3381325972449454, "f1": 0.923354948442649}}