{"time": "2022-06-12T11:55:52.501182", "features": ["part_of_day"], "seed": 888, "split_id": 4, "metrics_train": {"acc": 0.8434957851016245, "auc": 0.5116645024933824, "nll": 0.4337026098879297, "mse": 0.13197791939314607, "rmse": 0.3632876537857378, "f1": 0.9158576051779935}, "metrics_test": {"acc": 0.844776119402985, "auc": 0.504332548095799, "nll": 0.43162959281515795, "mse": 0.13112241522977963, "rmse": 0.3621082921306548, "f1": 0.9158576051779935}}