{"time": "2022-06-12T11:54:59.501161", "features": ["tcA_TW", "tcW_TW"], "seed": 888, "split_id": 3, "metrics_train": {"acc": 0.8460776018373021, "auc": 0.6085518269220183, "nll": 0.4188113685160504, "mse": 0.1270210053996579, "rmse": 0.35640006369199473, "f1": 0.9152817186866639}, "metrics_test": {"acc": 0.8439300192020482, "auc": 0.6107292032670112, "nll": 0.4213073400174169, "mse": 0.12824606734377966, "rmse": 0.35811460085254787, "f1": 0.9152817186866639}}