{"time": "2022-06-12T11:53:32.250703", "features": ["n_gram"], "seed": 888, "split_id": 0, "metrics_train": {"acc": 0.8427176807021004, "auc": 0.6238721022185836, "nll": 0.4191193957460737, "mse": 0.12754952408014392, "rmse": 0.3571407622774862, "f1": 0.9235838027420555}, "metrics_test": {"acc": 0.8586732186732187, "auc": 0.5995691540170764, "nll": 0.40157669496694964, "mse": 0.11973028672326712, "rmse": 0.3460206449379388, "f1": 0.9235838027420555}}