{"time": "2022-06-12T11:55:16.485383", "features": ["part_of_day"], "seed": 888, "split_id": 3, "metrics_train": {"acc": 0.8435633990088239, "auc": 0.5095217640263662, "nll": 0.43361012174604924, "mse": 0.13193721485089618, "rmse": 0.3632316269970116, "f1": 0.9157365103232895}, "metrics_test": {"acc": 0.8445700874759975, "auc": 0.5131938959359498, "nll": 0.4317803632906305, "mse": 0.1312110192310646, "rmse": 0.36223061608741, "f1": 0.9157365103232895}}