{"time": "2022-06-12T11:53:53.851893", "features": ["month"], "seed": 888, "split_id": 1, "metrics_train": {"acc": 0.8459472231203522, "auc": 0.5398090988990221, "nll": 0.42815184720593064, "mse": 0.1299399525234757, "rmse": 0.36047184706087065, "f1": 0.910294878427315}, "metrics_test": {"acc": 0.835358906190657, "auc": 0.5300374311766882, "nll": 0.4465104597606761, "mse": 0.13733896241166854, "rmse": 0.37059271769918595, "f1": 0.910294878427315}}