{"time": "2022-06-12T11:53:45.101668", "features": ["icA", "icW", "tcA", "tcW"], "seed": 888, "split_id": 1, "metrics_train": {"acc": 0.8478125699505061, "auc": 0.6926500476403346, "nll": 0.3946356810643481, "mse": 0.12128733080925802, "rmse": 0.3482633067224539, "f1": 0.9107216922438823}, "metrics_test": {"acc": 0.8364982909229016, "auc": 0.7018562268922921, "nll": 0.40796326181350223, "mse": 0.12776728234433443, "rmse": 0.3574454956274235, "f1": 0.9107216922438823}}