{"time": "2022-06-12T11:54:08.999816", "features": ["n_gram"], "seed": 888, "split_id": 1, "metrics_train": {"acc": 0.8485835799736364, "auc": 0.6271931667829602, "nll": 0.409063876329124, "mse": 0.12355716084272532, "rmse": 0.3515069854821172, "f1": 0.9103990889797609}, "metrics_test": {"acc": 0.8356437523737182, "auc": 0.584185308184491, "nll": 0.44165012457860725, "mse": 0.13575752068102537, "rmse": 0.36845287443718683, "f1": 0.9103990889797609}}