{"time": "2022-06-12T11:54:53.217601", "features": ["tcA", "tcW"], "seed": 888, "split_id": 3, "metrics_train": {"acc": 0.8460292517829082, "auc": 0.5825740919557536, "nll": 0.42244505253252723, "mse": 0.12810311345758854, "rmse": 0.35791495282760755, "f1": 0.9150795947901591}, "metrics_test": {"acc": 0.8435033070194154, "auc": 0.5818743693687485, "nll": 0.42623725279547675, "mse": 0.12972628209082065, "rmse": 0.36017534908821935, "f1": 0.9150795947901591}}