{"time": "2022-06-12T11:54:57.366461", "features": ["icA", "icW", "tcA", "tcW"], "seed": 888, "split_id": 3, "metrics_train": {"acc": 0.8459083766469238, "auc": 0.6976691299451476, "nll": 0.39555635076922185, "mse": 0.12220385997199246, "rmse": 0.34957668682564125, "f1": 0.9149441259915465}, "metrics_test": {"acc": 0.843289950928099, "auc": 0.6836528676161365, "nll": 0.4055446505309992, "mse": 0.12434192341166303, "rmse": 0.3526215016298113, "f1": 0.9149441259915465}}