{"time": "2022-06-12T11:53:58.105876", "features": ["day"], "seed": 888, "split_id": 1, "metrics_train": {"acc": 0.8459472231203522, "auc": 0.5108097071205685, "nll": 0.42956572140362326, "mse": 0.13029174717993347, "rmse": 0.36095948135481004, "f1": 0.910294878427315}, "metrics_test": {"acc": 0.835358906190657, "auc": 0.5013848565247475, "nll": 0.4477335370132817, "mse": 0.13765150816059996, "rmse": 0.3710141616712224, "f1": 0.910294878427315}}