{"time": "2022-06-12T11:53:21.149346", "features": ["day"], "seed": 888, "split_id": 0, "metrics_train": {"acc": 0.8410906222266049, "auc": 0.5126197326113017, "nll": 0.43771220666124055, "mse": 0.13361834759206154, "rmse": 0.3655384351775631, "f1": 0.9214543141827433}, "metrics_test": {"acc": 0.8543488943488944, "auc": 0.4958592026438509, "nll": 0.4159617936357471, "mse": 0.12466822064215857, "rmse": 0.3530838719655127, "f1": 0.9214543141827433}}