{"time": "2022-06-12T11:54:30.049906", "features": ["month"], "seed": 888, "split_id": 2, "metrics_train": {"acc": 0.8446836610101917, "auc": 0.5416030582475146, "nll": 0.4299845938492427, "mse": 0.13073706445011815, "rmse": 0.36157580733522277, "f1": 0.913170431842631}, "metrics_test": {"acc": 0.8402149321266968, "auc": 0.5233595354900717, "nll": 0.43944259994805096, "mse": 0.13425166541908487, "rmse": 0.3664036918742562, "f1": 0.913170431842631}}