{
  "time": "2022-06-12T11:52:59.286219",
  "features": [
    "bundle"
  ],
  "seed": 888,
  "split_id": 0,
  "metrics_train": {
    "acc": 0.8410906222266049,
    "auc": 0.6200470849494855,
    "nll": 0.4239307257039347,
    "mse": 0.12966435049875966,
    "rmse": 0.36008936460101076,
    "f1": 0.9214543141827433
  },
  "metrics_test": {
    "acc": 0.8543488943488944,
    "auc": 0.6150993563158221,
    "nll": 0.40432694449753215,
    "mse": 0.12155838784811063,
    "rmse": 0.3486522448631453,
    "f1": 0.9214543141827433
  }
}