{"time": "2022-06-12T11:54:36.367301", "features": ["hour"], "seed": 888, "split_id": 2, "metrics_train": {"acc": 0.8446836610101917, "auc": 0.5275018059150982, "nll": 0.4311107110324321, "mse": 0.13100954203018392, "rmse": 0.3619524029899289, "f1": 0.913170431842631}, "metrics_test": {"acc": 0.8402149321266968, "auc": 0.5190686634186186, "nll": 0.4396242994803604, "mse": 0.13430463792725839, "rmse": 0.36647597182797453, "f1": 0.913170431842631}}