{"time": "2022-06-12T11:55:25.132533", "features": ["bundle"], "seed": 888, "split_id": 4, "metrics_train": {"acc": 0.8434957851016245, "auc": 0.6178454190952724, "nll": 0.4206073673921108, "mse": 0.12826699449526682, "rmse": 0.35814381817262575, "f1": 0.9158576051779935}, "metrics_test": {"acc": 0.844776119402985, "auc": 0.6230760170336143, "nll": 0.41739722047343375, "mse": 0.12707314841781983, "rmse": 0.3564732085554535, "f1": 0.9158576051779935}}