{"time": "2022-06-12T11:53:47.285066", "features": ["tcA_TW", "tcW_TW"], "seed": 888, "split_id": 1, "metrics_train": {"acc": 0.8480115402790559, "auc": 0.610139118871537, "nll": 0.4148460055107608, "mse": 0.1254908735429332, "rmse": 0.35424691042115414, "f1": 0.9106281446133098}, "metrics_test": {"acc": 0.8364033421952146, "auc": 0.6030892191865982, "nll": 0.43605848566030575, "mse": 0.13391016438094952, "rmse": 0.365937377676768, "f1": 0.9106281446133098}}