{"time": "2022-06-12T11:55:37.600089", "features": ["icA_TW", "icW_TW"], "seed": 888, "split_id": 4, "metrics_train": {"acc": 0.8436432451030991, "auc": 0.6344975740053375, "nll": 0.40303311877362985, "mse": 0.12594187271564034, "rmse": 0.35488290000455125, "f1": 0.9159695612283447}, "metrics_test": {"acc": 0.8450746268656717, "auc": 0.6273108634592733, "nll": 0.40546565292404746, "mse": 0.12547809638507526, "rmse": 0.35422887570760697, "f1": 0.9159695612283447}}