{"time": "2022-06-12T11:53:12.250503", "features": ["icA_TW", "icW_TW"], "seed": 888, "split_id": 0, "metrics_train": {"acc": 0.8413617986391875, "auc": 0.632204963875169, "nll": 0.4080317449177565, "mse": 0.12759442092710008, "rmse": 0.3572036127016356, "f1": 0.921306607275427}, "metrics_test": {"acc": 0.8541523341523342, "auc": 0.6372194700220273, "nll": 0.3855131368357732, "mse": 0.11890793254330029, "rmse": 0.344830295280592, "f1": 0.921306607275427}}