{"time": "2022-06-12T11:53:03.533874", "features": ["tcA", "tcW"], "seed": 888, "split_id": 0, "metrics_train": {"acc": 0.8427176807021004, "auc": 0.5861241765974478, "nll": 0.428404863031926, "mse": 0.13053484224098869, "rmse": 0.3612960589890079, "f1": 0.9232077376840091}, "metrics_test": {"acc": 0.8579852579852579, "auc": 0.5889802209511957, "nll": 0.40232356927792157, "mse": 0.11991862575976882, "rmse": 0.34629268799639534, "f1": 0.9232077376840091}}