{"time": "2022-06-12T11:55:33.306550", "features": ["icA", "icW", "tcA", "tcW"], "seed": 888, "split_id": 4, "metrics_train": {"acc": 0.8447246184472462, "auc": 0.6973081692772303, "nll": 0.3974765993185723, "mse": 0.12285470898690312, "rmse": 0.35050636083658043, "f1": 0.9174520636984076}, "metrics_test": {"acc": 0.8483582089552238, "auc": 0.6858141554166288, "nll": 0.39699906662702894, "mse": 0.12156570198309095, "rmse": 0.34866273386051877, "f1": 0.9174520636984076}}