{"time": "2022-06-12T11:55:06.034449", "features": ["month"], "seed": 888, "split_id": 3, "metrics_train": {"acc": 0.8435633990088239, "auc": 0.5369783314523247, "nll": 0.43232282452056287, "mse": 0.13161355716135303, "rmse": 0.3627858282256255, "f1": 0.9157365103232895}, "metrics_test": {"acc": 0.8445700874759975, "auc": 0.5446425157924933, "nll": 0.43007456122833454, "mse": 0.13078536927261142, "rmse": 0.3616425988080102, "f1": 0.9157365103232895}}