{"time": "2022-06-12T11:55:44.066986", "features": ["week"], "seed": 888, "split_id": 4, "metrics_train": {"acc": 0.8434957851016245, "auc": 0.5552659498067242, "nll": 0.430753315188053, "mse": 0.13121333065039403, "rmse": 0.3622338066089277, "f1": 0.9158576051779935}, "metrics_test": {"acc": 0.844776119402985, "auc": 0.5402819304762768, "nll": 0.43043439809872835, "mse": 0.13086064501442302, "rmse": 0.3617466586085116, "f1": 0.9158576051779935}}