{"time": "2022-06-12T11:53:18.917167", "features": ["week"], "seed": 888, "split_id": 0, "metrics_train": {"acc": 0.8410906222266049, "auc": 0.5564676867385675, "nll": 0.434522368560836, "mse": 0.132761889749838, "rmse": 0.3643650501212184, "f1": 0.9214543141827433}, "metrics_test": {"acc": 0.8543488943488944, "auc": 0.524740383198792, "nll": 0.41517682702994707, "mse": 0.12460443817477466, "rmse": 0.3529935384320436, "f1": 0.9214543141827433}}