{"time": "2022-06-12T11:54:19.366512", "features": ["icA", "icW"], "seed": 888, "split_id": 2, "metrics_train": {"acc": 0.8446836610101917, "auc": 0.6271008219115685, "nll": 0.4079856367573536, "mse": 0.12599701381346956, "rmse": 0.3549605806473017, "f1": 0.913170431842631}, "metrics_test": {"acc": 0.8402149321266968, "auc": 0.6306426561315265, "nll": 0.4127249587238059, "mse": 0.12858818025848362, "rmse": 0.3585919411510577, "f1": 0.913170431842631}}