{"time": "2022-06-12T11:55:27.134296", "features": ["c"], "seed": 888, "split_id": 4, "metrics_train": {"acc": 0.8434957851016245, "auc": 0.575028017516855, "nll": 0.42848736123456976, "mse": 0.13057571433171697, "rmse": 0.36135261771809124, "f1": 0.9158576051779935}, "metrics_test": {"acc": 0.844776119402985, "auc": 0.5743151822657123, "nll": 0.42599543392726685, "mse": 0.12958087952917002, "rmse": 0.3599734428109524, "f1": 0.9158576051779935}}