{"time": "2022-06-12T11:54:34.300894", "features": ["day"], "seed": 888, "split_id": 2, "metrics_train": {"acc": 0.8446836610101917, "auc": 0.5121727405108655, "nll": 0.4316936362123003, "mse": 0.1311598318178012, "rmse": 0.3621599533601157, "f1": 0.913170431842631}, "metrics_test": {"acc": 0.8402149321266968, "auc": 0.5017336713103759, "nll": 0.4395090342788285, "mse": 0.1343033891581626, "rmse": 0.3664742680709828, "f1": 0.913170431842631}}