{"time": "2022-06-12T11:55:48.249819", "features": ["hour"], "seed": 888, "split_id": 4, "metrics_train": {"acc": 0.8434957851016245, "auc": 0.525918765361729, "nll": 0.4331935280578322, "mse": 0.13184606652724526, "rmse": 0.3631061367248497, "f1": 0.9158576051779935}, "metrics_test": {"acc": 0.844776119402985, "auc": 0.5180900984567063, "nll": 0.4316899244704785, "mse": 0.13112423169386422, "rmse": 0.36211080029994164, "f1": 0.9158576051779935}}