{"time": "2022-06-12T11:53:55.982825", "features": ["week"], "seed": 888, "split_id": 1, "metrics_train": {"acc": 0.8459472231203522, "auc": 0.553047657583791, "nll": 0.42678651822659486, "mse": 0.12958879646676608, "rmse": 0.3599844392008717, "f1": 0.910294878427315}, "metrics_test": {"acc": 0.835358906190657, "auc": 0.5484723053603722, "nll": 0.44542125821989437, "mse": 0.1369712114751245, "rmse": 0.3700962192121456, "f1": 0.910294878427315}}