{"time": "2022-06-12T11:55:23.104455", "features": ["i"], "seed": 888, "split_id": 4, "metrics_train": {"acc": 0.8588807785888077, "auc": 0.7913490304879486, "nll": 0.3531114586003729, "mse": 0.10768782907264467, "rmse": 0.32815823785583176, "f1": 0.9200466071131332}, "metrics_test": {"acc": 0.8566169154228855, "auc": 0.7737500377518046, "nll": 0.3616365017924937, "mse": 0.1101977308021593, "rmse": 0.3319604355976165, "f1": 0.9200466071131332}}