{"time": "2022-06-12T11:54:15.216175", "features": ["c"], "seed": 888, "split_id": 2, "metrics_train": {"acc": 0.8446836610101917, "auc": 0.5765837825478018, "nll": 0.42624047124239295, "mse": 0.12969666690100892, "rmse": 0.36013423455846144, "f1": 0.913170431842631}, "metrics_test": {"acc": 0.8402149321266968, "auc": 0.5687302064830564, "nll": 0.43462937143324887, "mse": 0.13295687701743716, "rmse": 0.36463252325791945, "f1": 0.913170431842631}}