{"time": "2022-06-12T11:55:31.249939", "features": ["icA", "icW"], "seed": 888, "split_id": 4, "metrics_train": {"acc": 0.8434957851016245, "auc": 0.6293022083553749, "nll": 0.40840166925259347, "mse": 0.12653886452271834, "rmse": 0.35572301657710925, "f1": 0.9158576051779935}, "metrics_test": {"acc": 0.844776119402985, "auc": 0.6218541798797982, "nll": 0.4113309873223385, "mse": 0.12645528816461876, "rmse": 0.35560552324818967, "f1": 0.9158576051779935}}