{"time": "2022-06-13T14:40:35.677087", "features": ["i", "icA_TW", "icW_TW", "tcA", "tcW"], "seed": 888, "split_id": 2, "metrics_train": {"acc": 0.8665121726346217, "auc": 0.8455476635548344, "nll": 0.3174138863997573, "mse": 0.09705056570679374, "rmse": 0.3115293978211266, "f1": 0.9231756214915798}, "metrics_test": {"acc": 0.8645361990950227, "auc": 0.8461347930022998, "nll": 0.3221227623191587, "mse": 0.09910197299255273, "rmse": 0.3148046584670448, "f1": 0.9231756214915798}}