{"time": "2022-06-13T14:40:53.307111", "features": ["i", "part_of_day", "tcA", "tcW"], "seed": 888, "split_id": 2, "metrics_train": {"acc": 0.8612543918666368, "auc": 0.8142544700758877, "nll": 0.33895970467519837, "mse": 0.10354664266151158, "rmse": 0.32178664152122843, "f1": 0.9194634430836117}, "metrics_test": {"acc": 0.8568061840120663, "auc": 0.8123358972856922, "nll": 0.3457805012981136, "mse": 0.10594869191620138, "rmse": 0.32549760662131044, "f1": 0.9194634430836117}}