{"time": "2022-06-13T14:39:25.702278", "features": ["i", "icA_TW", "icW_TW", "tcA", "tcA_TW", "tcW", "tcW_TW"], "seed": 888, "split_id": 0, "metrics_train": {"acc": 0.8642392269007001, "auc": 0.8447801694133137, "nll": 0.3223402537579172, "mse": 0.09889347741864193, "rmse": 0.3144733333983057, "f1": 0.9304199084036859}, "metrics_test": {"acc": 0.8760687960687961, "auc": 0.8546356267541493, "nll": 0.2999625400753642, "mse": 0.09102062560956761, "rmse": 0.30169624725801214, "f1": 0.9304199084036859}}