{"time": "2022-06-13T14:41:49.666174", "features": ["i", "icA_TW", "icW_TW", "tcA", "tcA_TW", "tcW", "tcW_TW"], "seed": 888, "split_id": 4, "metrics_train": {"acc": 0.8669910786699108, "auc": 0.850197851693273, "nll": 0.31561068358023514, "mse": 0.09680966093831286, "rmse": 0.3111425090506163, "f1": 0.9231633972233152}, "metrics_test": {"acc": 0.8639800995024876, "auc": 0.8313136872942527, "nll": 0.326854977450193, "mse": 0.09910836742662407, "rmse": 0.3148148144967515, "f1": 0.9231633972233152}}