{"time": "2022-06-13T14:39:43.585962", "features": ["i", "tcA", "tcW", "user_avg_correct"], "seed": 888, "split_id": 0, "metrics_train": {"acc": 0.8580021694113007, "auc": 0.8114979305546444, "nll": 0.3450555798451391, "mse": 0.10569159628619122, "rmse": 0.3251024396804663, "f1": 0.9272836867773576}, "metrics_test": {"acc": 0.8695823095823095, "auc": 0.8234404323953084, "nll": 0.32200275739295364, "mse": 0.09740397815386269, "rmse": 0.3120961040350595, "f1": 0.9272836867773576}}