{"time": "2022-06-13T14:40:15.782592", "features": ["i", "tcA", "tcW", "weekend"], "seed": 888, "split_id": 1, "metrics_train": {"acc": 0.8620389484418136, "auc": 0.8157303071483208, "nll": 0.3365756794295695, "mse": 0.10270888701038383, "rmse": 0.3204822725368501, "f1": 0.9171442343741631}, "metrics_test": {"acc": 0.8531143182681352, "auc": 0.8070544894207633, "nll": 0.355777134803016, "mse": 0.10961162226259524, "rmse": 0.33107645984363676, "f1": 0.9171442343741631}}