{"time": "2022-06-13T14:41:46.932627", "features": ["i", "icA_TW", "icW_TW", "tcA", "tcW"], "seed": 888, "split_id": 4, "metrics_train": {"acc": 0.8676792253434589, "auc": 0.8493149389066776, "nll": 0.31625993260642965, "mse": 0.09699956074514876, "rmse": 0.31144752486598565, "f1": 0.9238647234258061}, "metrics_test": {"acc": 0.8653731343283582, "auc": 0.8310939717918516, "nll": 0.32674985290069775, "mse": 0.09897219055869874, "rmse": 0.31459845924400004, "f1": 0.9238647234258061}}