{"time": "2022-06-13T14:40:28.047227", "features": ["c", "i", "tcA", "tcW"], "seed": 888, "split_id": 2, "metrics_train": {"acc": 0.8612294734743714, "auc": 0.8139552432933231, "nll": 0.3390775026427038, "mse": 0.10356454436881936, "rmse": 0.3218144564323041, "f1": 0.9195207295090657}, "metrics_test": {"acc": 0.8569004524886877, "auc": 0.812536260879091, "nll": 0.34568371488549204, "mse": 0.10594526277556127, "rmse": 0.3254923390428126, "f1": 0.9195207295090657}}