{"time": "2022-06-13T14:41:34.319110", "features": ["i", "n_gram", "tcA", "tcW"], "seed": 888, "split_id": 3, "metrics_train": {"acc": 0.8654659736492204, "auc": 0.830380466927867, "nll": 0.3276880539869638, "mse": 0.09966472654974402, "rmse": 0.3156972070667462, "f1": 0.9201029385361182}, "metrics_test": {"acc": 0.8575848090462983, "auc": 0.8094584436382652, "nll": 0.34342180936708194, "mse": 0.10495044871766365, "rmse": 0.3239605666090607, "f1": 0.9201029385361182}}