{"time": "2022-06-13T14:41:24.207167", "features": ["hour", "i", "tcA", "tcW"], "seed": 888, "split_id": 3, "metrics_train": {"acc": 0.8611386437809743, "auc": 0.8162904556464213, "nll": 0.33873535858707626, "mse": 0.10353396632260073, "rmse": 0.32176694411110773, "f1": 0.9213134328358208}, "metrics_test": {"acc": 0.8593983358224877, "auc": 0.8044240567611689, "nll": 0.34639216992789523, "mse": 0.10583210416512386, "rmse": 0.3253184657610506, "f1": 0.9213134328358208}}