{"time": "2022-06-13T14:39:12.193201", "features": ["bundle", "i", "tcA", "tcW"], "seed": 888, "split_id": 0, "metrics_train": {"acc": 0.8579775170101568, "auc": 0.8114378145043402, "nll": 0.34496773853079055, "mse": 0.10567823927619036, "rmse": 0.32508189626029677, "f1": 0.927224901359053}, "metrics_test": {"acc": 0.8694840294840295, "auc": 0.8229910814431329, "nll": 0.3221589922208727, "mse": 0.09746071043256943, "rmse": 0.31218697992159994, "f1": 0.927224901359053}}