{"time": "2022-06-13T14:41:19.377776", "features": ["i", "tcA", "tcW", "week"], "seed": 888, "split_id": 3, "metrics_train": {"acc": 0.8604617430194609, "auc": 0.8166365288105654, "nll": 0.3384224121129933, "mse": 0.10342866591022311, "rmse": 0.3216032740974866, "f1": 0.9208452722063036}, "metrics_test": {"acc": 0.8585449114572221, "auc": 0.8040760311013311, "nll": 0.34684450003935713, "mse": 0.10596758000556775, "rmse": 0.3255266195037938, "f1": 0.9208452722063036}}