{"time": "2022-06-13T14:42:04.274389", "features": ["i", "part_of_day", "tcA", "tcW"], "seed": 888, "split_id": 4, "metrics_train": {"acc": 0.8603308019366414, "auc": 0.8168041986907821, "nll": 0.33933641456029834, "mse": 0.10385315646693014, "rmse": 0.32226255827652417, "f1": 0.9227080080303368}, "metrics_test": {"acc": 0.862089552238806, "auc": 0.8014919513152727, "nll": 0.34430746923602557, "mse": 0.10463724275232991, "rmse": 0.3234768040406142, "f1": 0.9227080080303368}}