{"time": "2022-06-13T14:41:05.899637", "features": ["i", "icA", "icW", "tcA", "tcW"], "seed": 888, "split_id": 3, "metrics_train": {"acc": 0.8659011241387646, "auc": 0.8400344259162019, "nll": 0.3223474819022652, "mse": 0.09804379736436514, "rmse": 0.31311946181028916, "f1": 0.9234547196933398}, "metrics_test": {"acc": 0.8636654576488159, "auc": 0.8208875907027517, "nll": 0.3366377698268019, "mse": 0.10095114496730945, "rmse": 0.317728099115123, "f1": 0.9234547196933398}}