{"time": "2022-06-13T14:41:01.003184", "features": ["bundle", "i", "tcA", "tcW"], "seed": 888, "split_id": 3, "metrics_train": {"acc": 0.8605342681010516, "auc": 0.8156025387420323, "nll": 0.33916589108016676, "mse": 0.10370498795633554, "rmse": 0.3220325883452411, "f1": 0.9212316505549588}, "metrics_test": {"acc": 0.8591849797311714, "auc": 0.8052745935026484, "nll": 0.3460222336753267, "mse": 0.10575285768801271, "rmse": 0.3251966446444562, "f1": 0.9212316505549588}}