{"time": "2022-06-13T14:40:10.795519", "features": ["day", "i", "tcA", "tcW"], "seed": 888, "split_id": 1, "metrics_train": {"acc": 0.8619892058596762, "auc": 0.8157770897698795, "nll": 0.3365415399083949, "mse": 0.10269753044699459, "rmse": 0.32046455411947605, "f1": 0.9171442343741631}, "metrics_test": {"acc": 0.8531143182681352, "auc": 0.8069282417913477, "nll": 0.3558337670914352, "mse": 0.10961804104754994, "rmse": 0.3310861535122693, "f1": 0.9171442343741631}}