{"time": "2022-06-13T14:40:08.014234", "features": ["i", "tcA", "tcW", "week"], "seed": 888, "split_id": 1, "metrics_train": {"acc": 0.8624866316810506, "auc": 0.8161942007947142, "nll": 0.33603214453434493, "mse": 0.10250362200731146, "rmse": 0.32016186844674593, "f1": 0.9170506912442397}, "metrics_test": {"acc": 0.8530193695404482, "auc": 0.807306394737401, "nll": 0.3553225584711559, "mse": 0.10939465256034198, "rmse": 0.3307486244269838, "f1": 0.9170506912442397}}