{"time": "2022-06-13T14:39:51.761066", "features": ["c", "i", "tcA", "tcW"], "seed": 888, "split_id": 1, "metrics_train": {"acc": 0.8620638197328824, "auc": 0.8156180260086124, "nll": 0.33657973410356506, "mse": 0.10271021667364093, "rmse": 0.3204843470025345, "f1": 0.9171933583288698}, "metrics_test": {"acc": 0.8532092669958222, "auc": 0.8071962066454759, "nll": 0.3556099881547562, "mse": 0.10952511951790318, "rmse": 0.33094579543771696, "f1": 0.9171933583288698}}