{"time": "2022-06-13T14:41:56.980615", "features": ["day", "i", "tcA", "tcW"], "seed": 888, "split_id": 4, "metrics_train": {"acc": 0.8599621519329549, "auc": 0.8168647460665115, "nll": 0.33933502060516146, "mse": 0.10386812614276617, "rmse": 0.32228578333951713, "f1": 0.9229911336641945}, "metrics_test": {"acc": 0.8625870646766169, "auc": 0.8005366041496784, "nll": 0.34460425643140835, "mse": 0.1046600888265339, "rmse": 0.3235121154246528, "f1": 0.9229911336641945}}