{"time": "2022-06-13T14:41:08.842513", "features": ["i", "tcA", "tcA_TW", "tcW", "tcW_TW"], "seed": 888, "split_id": 3, "metrics_train": {"acc": 0.8617913695152907, "auc": 0.8219450736100007, "nll": 0.3349091416305498, "mse": 0.10229209407871742, "rmse": 0.31983135255743367, "f1": 0.9207849706832596}, "metrics_test": {"acc": 0.8587582675485385, "auc": 0.8117986116944771, "nll": 0.3421281847786697, "mse": 0.1045491995119976, "rmse": 0.3233406864469697, "f1": 0.9207849706832596}}