{"time": "2022-06-13T14:41:29.177083", "features": ["i", "part_of_day", "tcA", "tcW"], "seed": 888, "split_id": 3, "metrics_train": {"acc": 0.8603408678834764, "auc": 0.8157797449603359, "nll": 0.3391660978105072, "mse": 0.10370027369184569, "rmse": 0.32202526871636283, "f1": 0.921296020048929}, "metrics_test": {"acc": 0.8592916577768295, "auc": 0.8052610695263289, "nll": 0.3460056972403417, "mse": 0.10570263547731702, "rmse": 0.3251194172566705, "f1": 0.921296020048929}}