{"time": "2022-06-13T14:39:57.208082", "features": ["i", "tcA", "tcA_TW", "tcW", "tcW_TW"], "seed": 888, "split_id": 1, "metrics_train": {"acc": 0.862536374263188, "auc": 0.8223975783120248, "nll": 0.33206379583339557, "mse": 0.10126217472340326, "rmse": 0.3182171816910634, "f1": 0.9166532496109053}, "metrics_test": {"acc": 0.852544625902013, "auc": 0.812016493210552, "nll": 0.35229821676965395, "mse": 0.10833517743408909, "rmse": 0.32914309568041844, "f1": 0.9166532496109053}}