{"time": "2022-06-13T14:39:54.428074", "features": ["i", "icA", "icW", "tcA", "tcW"], "seed": 888, "split_id": 1, "metrics_train": {"acc": 0.8669385927823513, "auc": 0.8359850320673131, "nll": 0.32239962392166027, "mse": 0.09768338675227073, "rmse": 0.31254341578774414, "f1": 0.9198298605502612}, "metrics_test": {"acc": 0.8586213444739841, "auc": 0.8368700695581176, "nll": 0.3350283125181276, "mse": 0.10306503904266527, "rmse": 0.32103744180806276, "f1": 0.9198298605502612}}