{"time": "2022-06-13T14:39:46.391508", "features": ["i", "n_gram", "tcA", "tcW"], "seed": 888, "split_id": 0, "metrics_train": {"acc": 0.8626121684252046, "auc": 0.8282203164622381, "nll": 0.33287123274744346, "mse": 0.10152254601906129, "rmse": 0.3186260284707784, "f1": 0.9275664981314575}, "metrics_test": {"acc": 0.8704668304668305, "auc": 0.8248541142430358, "nll": 0.3200870293457982, "mse": 0.09663755591773442, "rmse": 0.31086581657965295, "f1": 0.9275664981314575}}