{"time": "2022-06-13T14:40:02.446499", "features": ["i", "icA_TW", "icW_TW", "tcA", "tcA_TW", "tcW", "tcW_TW"], "seed": 888, "split_id": 1, "metrics_train": {"acc": 0.8676847315144129, "auc": 0.8474536070991338, "nll": 0.3146881663500735, "mse": 0.09625840461227783, "rmse": 0.31025538611324355, "f1": 0.9196867404806914}, "metrics_test": {"acc": 0.8588112419293581, "auc": 0.8434058424728489, "nll": 0.3306948775802596, "mse": 0.10190756757564105, "rmse": 0.3192296470812839, "f1": 0.9196867404806914}}