{"time": "2022-06-13T14:41:03.449221", "features": ["c", "i", "tcA", "tcW"], "seed": 888, "split_id": 3, "metrics_train": {"acc": 0.8604617430194609, "auc": 0.8155924988425772, "nll": 0.3392101656751818, "mse": 0.10370098991718009, "rmse": 0.32202638077831464, "f1": 0.9213054113716366}, "metrics_test": {"acc": 0.8592916577768295, "auc": 0.8050888122125668, "nll": 0.3461333559853552, "mse": 0.10576359605218282, "rmse": 0.3252131547957167, "f1": 0.9213054113716366}}