{"time": "2022-06-13T14:41:52.243461", "features": ["i", "month", "tcA", "tcW"], "seed": 888, "split_id": 4, "metrics_train": {"acc": 0.8600604586006045, "auc": 0.8168384347475263, "nll": 0.3392564654544491, "mse": 0.10382542480207763, "rmse": 0.3222195288961823, "f1": 0.9226309921962096}, "metrics_test": {"acc": 0.8618905472636816, "auc": 0.8005688441907524, "nll": 0.34456178502416523, "mse": 0.10463885096231931, "rmse": 0.32347928985070945, "f1": 0.9226309921962096}}