{"time": "2022-06-13T14:41:36.911226", "features": ["bundle", "i", "tcA", "tcW"], "seed": 888, "split_id": 4, "metrics_train": {"acc": 0.8599621519329549, "auc": 0.8166813858451958, "nll": 0.33934454256452107, "mse": 0.10387819057867609, "rmse": 0.32230139710940764, "f1": 0.9229396676703469}, "metrics_test": {"acc": 0.8624875621890548, "auc": 0.8012188925130621, "nll": 0.3442923631019327, "mse": 0.10459883514835833, "rmse": 0.323417431732364, "f1": 0.9229396676703469}}