{"time": "2022-06-13T14:40:45.836652", "features": ["day", "i", "tcA", "tcW"], "seed": 888, "split_id": 2, "metrics_train": {"acc": 0.8611297999053101, "auc": 0.8140821588026412, "nll": 0.33906356690433326, "mse": 0.10357226175822118, "rmse": 0.32182644664200794, "f1": 0.9192428018452728}, "metrics_test": {"acc": 0.8564291101055806, "auc": 0.8127475792708738, "nll": 0.34564119268053517, "mse": 0.10594031015940823, "rmse": 0.32548473106953607, "f1": 0.9192428018452728}}