{"time": "2022-06-13T14:41:41.822354", "features": ["i", "icA", "icW", "tcA", "tcW"], "seed": 888, "split_id": 4, "metrics_train": {"acc": 0.8663766619971, "auc": 0.8401731339237489, "nll": 0.32278544084192906, "mse": 0.098107103942988, "rmse": 0.3132205356342205, "f1": 0.9238111279546348}, "metrics_test": {"acc": 0.8649751243781094, "auc": 0.8206726994050315, "nll": 0.3332038623701317, "mse": 0.10021284450572607, "rmse": 0.31656412384495825, "f1": 0.9238111279546348}}