{"time": "2022-06-13T14:40:18.232186", "features": ["i", "part_of_day", "tcA", "tcW"], "seed": 888, "split_id": 1, "metrics_train": {"acc": 0.862188176188226, "auc": 0.8157366082775944, "nll": 0.3364621306989281, "mse": 0.10266453091375419, "rmse": 0.3204130629574178, "f1": 0.9171353580802399}, "metrics_test": {"acc": 0.8531143182681352, "auc": 0.8070680908657808, "nll": 0.3558132050236809, "mse": 0.10963361553704634, "rmse": 0.3311096729741467, "f1": 0.9171353580802399}}