{"time": "2022-06-13T14:40:48.315739", "features": ["hour", "i", "tcA", "tcW"], "seed": 888, "split_id": 2, "metrics_train": {"acc": 0.8612045550821061, "auc": 0.8146611316854651, "nll": 0.3386536657009156, "mse": 0.10342935871839314, "rmse": 0.32160435121184716, "f1": 0.9199788023317436}, "metrics_test": {"acc": 0.8576546003016591, "auc": 0.8122469681519852, "nll": 0.3456507464754164, "mse": 0.10586512254757417, "rmse": 0.32536920958746873, "f1": 0.9199788023317436}}