{"time": "2022-06-13T14:39:40.980407", "features": ["i", "part_of_day", "tcA", "tcW"], "seed": 888, "split_id": 0, "metrics_train": {"acc": 0.8582733458238833, "auc": 0.8116471384914653, "nll": 0.34497624865668824, "mse": 0.10566831693731739, "rmse": 0.32506663461099383, "f1": 0.9272757165561462}, "metrics_test": {"acc": 0.8695823095823095, "auc": 0.8233514393279964, "nll": 0.32191790287347544, "mse": 0.09736192801115309, "rmse": 0.31202872946437654, "f1": 0.9272757165561462}}