{"time": "2022-06-13T14:39:20.224448", "features": ["i", "tcA", "tcA_TW", "tcW", "tcW_TW"], "seed": 888, "split_id": 0, "metrics_train": {"acc": 0.8588156986490484, "auc": 0.8175002142097518, "nll": 0.3408529429743363, "mse": 0.10426832427180735, "rmse": 0.32290606106390657, "f1": 0.9276731286726345}, "metrics_test": {"acc": 0.8705651105651105, "auc": 0.8301695579904907, "nll": 0.3176555641712692, "mse": 0.09610078525870243, "rmse": 0.3100012665437069, "f1": 0.9276731286726345}}