{"time": "2022-06-13T14:40:43.410092", "features": ["i", "tcA", "tcW", "week"], "seed": 888, "split_id": 2, "metrics_train": {"acc": 0.8618275148887394, "auc": 0.8148854080100646, "nll": 0.33832001210775253, "mse": 0.10330953065306529, "rmse": 0.32141799988965347, "f1": 0.9197645436707854}, "metrics_test": {"acc": 0.8573717948717948, "auc": 0.8114922454258753, "nll": 0.3461085362573296, "mse": 0.1060776576537125, "rmse": 0.32569565188026767, "f1": 0.9197645436707854}}