{"time": "2022-06-13T14:40:55.733234", "features": ["i", "tcA", "tcW", "user_avg_correct"], "seed": 888, "split_id": 2, "metrics_train": {"acc": 0.8613291470434328, "auc": 0.8141066303448808, "nll": 0.3390624594062786, "mse": 0.10356421165944746, "rmse": 0.32181393950456444, "f1": 0.9194805194805196}, "metrics_test": {"acc": 0.8568061840120663, "auc": 0.8125849120984993, "nll": 0.34573909371699396, "mse": 0.1059999521648059, "rmse": 0.3255763384596705, "f1": 0.9194805194805196}}