{"time": "2022-06-13T14:41:39.461486", "features": ["c", "i", "tcA", "tcW"], "seed": 888, "split_id": 4, "metrics_train": {"acc": 0.8600113052667797, "auc": 0.8166980451813275, "nll": 0.33939227776898323, "mse": 0.10387553635754464, "rmse": 0.3222972794758662, "f1": 0.9228796074276473}, "metrics_test": {"acc": 0.8623880597014926, "auc": 0.8010857041466581, "nll": 0.3444129978037127, "mse": 0.10460698059664086, "rmse": 0.3234300242659003, "f1": 0.9228796074276473}}