{"time": "2022-06-13T14:39:14.794280", "features": ["c", "i", "tcA", "tcW"], "seed": 888, "split_id": 0, "metrics_train": {"acc": 0.8581007790158761, "auc": 0.811456666417551, "nll": 0.3450413716504035, "mse": 0.1056822092872857, "rmse": 0.325088002373643, "f1": 0.9272836867773576}, "metrics_test": {"acc": 0.8695823095823095, "auc": 0.8233881931154995, "nll": 0.32196849969756436, "mse": 0.09740727316572889, "rmse": 0.3121013828321318, "f1": 0.9272836867773576}}