{"time": "2022-06-13T14:39:49.073057", "features": ["bundle", "i", "tcA", "tcW"], "seed": 888, "split_id": 1, "metrics_train": {"acc": 0.8618897206954013, "auc": 0.8156091308551221, "nll": 0.33652889998239, "mse": 0.10271407919783229, "rmse": 0.3204903730189603, "f1": 0.9170104473613716}, "metrics_test": {"acc": 0.8529244208127611, "auc": 0.8072105619055185, "nll": 0.355579111095828, "mse": 0.10952028476822108, "rmse": 0.3309384909136758, "f1": 0.9170104473613716}}