{"time": "2022-06-13T14:41:44.525360", "features": ["i", "tcA", "tcA_TW", "tcW", "tcW_TW"], "seed": 888, "split_id": 4, "metrics_train": {"acc": 0.8607731819410651, "auc": 0.8233246404328685, "nll": 0.33475222471838906, "mse": 0.10233533918475506, "rmse": 0.3198989515218127, "f1": 0.9218566720661342}, "metrics_test": {"acc": 0.8607960199004975, "auc": 0.8056600903023164, "nll": 0.34178940936421087, "mse": 0.10383003891072344, "rmse": 0.3222266887002432, "f1": 0.9218566720661342}}