{"time": "2022-06-13T14:39:59.644077", "features": ["i", "icA_TW", "icW_TW", "tcA", "tcW"], "seed": 888, "split_id": 1, "metrics_train": {"acc": 0.867858830551894, "auc": 0.8467212022799577, "nll": 0.31516236941554904, "mse": 0.09637829292901715, "rmse": 0.3104485350730732, "f1": 0.9199611147116008}, "metrics_test": {"acc": 0.8592859855677933, "auc": 0.8427249836323816, "nll": 0.33119563234798916, "mse": 0.10203736798568472, "rmse": 0.31943288494718997, "f1": 0.9199611147116008}}