{"time": "2022-06-13T14:40:20.585239", "features": ["i", "tcA", "tcW", "user_avg_correct"], "seed": 888, "split_id": 1, "metrics_train": {"acc": 0.8619643345686074, "auc": 0.8156404300238068, "nll": 0.3366002023808725, "mse": 0.10272090694971309, "rmse": 0.32050102488090904, "f1": 0.9169791108730584}, "metrics_test": {"acc": 0.8528294720850741, "auc": 0.806760173815324, "nll": 0.35586237782999314, "mse": 0.10961052913127436, "rmse": 0.33107480896509534, "f1": 0.9169791108730584}}