{"time": "2022-06-13T14:39:17.295285", "features": ["i", "icA", "icW", "tcA", "tcW"], "seed": 888, "split_id": 0, "metrics_train": {"acc": 0.8640173552904052, "auc": 0.8333544322284815, "nll": 0.33025845023459294, "mse": 0.10042536383711871, "rmse": 0.316899611607712, "f1": 0.9294318244320995}, "metrics_test": {"acc": 0.8739066339066339, "auc": 0.850409251677362, "nll": 0.30349662099558605, "mse": 0.09160570404176578, "rmse": 0.3026643422039765, "f1": 0.9294318244320995}}