{"time": "2022-06-13T14:40:58.353145", "features": ["i", "n_gram", "tcA", "tcW"], "seed": 888, "split_id": 2, "metrics_train": {"acc": 0.8659639680047844, "auc": 0.8300034161241191, "nll": 0.3267988423598531, "mse": 0.09930447670024185, "rmse": 0.31512612824112485, "f1": 0.9195878478861269}, "metrics_test": {"acc": 0.8572775263951734, "auc": 0.8136614278901224, "nll": 0.3446928563908376, "mse": 0.1055012972713747, "rmse": 0.3248096323562075, "f1": 0.9195878478861269}}