{"time": "2022-06-13T14:40:33.158452", "features": ["i", "tcA", "tcA_TW", "tcW", "tcW_TW"], "seed": 888, "split_id": 2, "metrics_train": {"acc": 0.8612294734743714, "auc": 0.8198002644128723, "nll": 0.33523730574358007, "mse": 0.10232339356944216, "rmse": 0.31988028005715224, "f1": 0.9201743197278911}, "metrics_test": {"acc": 0.8584087481146304, "auc": 0.8204237819075051, "nll": 0.3400867847511876, "mse": 0.10404221586288796, "rmse": 0.3225557562079585, "f1": 0.9201743197278911}}