{"time": "2022-06-13T14:40:40.965584", "features": ["i", "month", "tcA", "tcW"], "seed": 888, "split_id": 2, "metrics_train": {"acc": 0.8610550447285141, "auc": 0.8141374108641645, "nll": 0.3389323833141032, "mse": 0.1035189568314001, "rmse": 0.3217436197213553, "f1": 0.9192599268409055}, "metrics_test": {"acc": 0.8564291101055806, "auc": 0.8122096688837723, "nll": 0.345915027431783, "mse": 0.10600657107365645, "rmse": 0.32558650321175236, "f1": 0.9192599268409055}}