{"time": "2022-06-13T14:40:50.878190", "features": ["i", "tcA", "tcW", "weekend"], "seed": 888, "split_id": 2, "metrics_train": {"acc": 0.8611297999053101, "auc": 0.8140992801263143, "nll": 0.3390857643408909, "mse": 0.10357817564585987, "rmse": 0.32183563451839803, "f1": 0.9195207295090657}, "metrics_test": {"acc": 0.8569004524886877, "auc": 0.8126865170261065, "nll": 0.34566943398732186, "mse": 0.10595677649297909, "rmse": 0.3255100251804529, "f1": 0.9195207295090657}}