{"time": "2022-06-13T14:40:38.456230", "features": ["i", "icA_TW", "icW_TW", "tcA", "tcA_TW", "tcW", "tcW_TW"], "seed": 888, "split_id": 2, "metrics_train": {"acc": 0.8662879071042336, "auc": 0.8464292425222555, "nll": 0.316898002134205, "mse": 0.09693180887290913, "rmse": 0.3113387365441524, "f1": 0.9231920466085841}, "metrics_test": {"acc": 0.8645361990950227, "auc": 0.8463419412895619, "nll": 0.3219010604178629, "mse": 0.09905270635547606, "rmse": 0.31472639920330175, "f1": 0.9231920466085841}}