{"time": "2022-06-13T14:39:36.118383", "features": ["hour", "i", "tcA", "tcW"], "seed": 888, "split_id": 0, "metrics_train": {"acc": 0.8582486934227394, "auc": 0.8121019102053455, "nll": 0.3445917225525764, "mse": 0.10554015601657876, "rmse": 0.32486944457209077, "f1": 0.9272328767123288}, "metrics_test": {"acc": 0.8694840294840295, "auc": 0.8232280987401561, "nll": 0.32204885207138384, "mse": 0.09740225397755317, "rmse": 0.31209334177062026, "f1": 0.9272328767123288}}