{"time": "2022-06-13T14:41:11.389184", "features": ["i", "icA_TW", "icW_TW", "tcA", "tcW"], "seed": 888, "split_id": 3, "metrics_train": {"acc": 0.8664571497642934, "auc": 0.8472352348973761, "nll": 0.31725011756001026, "mse": 0.0970598336914102, "rmse": 0.3115442724419921, "f1": 0.9230584563677829}, "metrics_test": {"acc": 0.8632387454661831, "auc": 0.8387635132481652, "nll": 0.3239152868742367, "mse": 0.09948043470134865, "rmse": 0.31540519130373973, "f1": 0.9230584563677829}}