{"time": "2022-06-13T14:41:21.800308", "features": ["day", "i", "tcA", "tcW"], "seed": 888, "split_id": 3, "metrics_train": {"acc": 0.8607276683186269, "auc": 0.815629454264281, "nll": 0.33919180266705873, "mse": 0.10370015772332777, "rmse": 0.32202508865510426, "f1": 0.9211028885175458}, "metrics_test": {"acc": 0.8589716236398549, "auc": 0.8048782369658993, "nll": 0.3462462806505603, "mse": 0.10580487810608757, "rmse": 0.3252766178287145, "f1": 0.9211028885175458}}