{"time": "2022-06-13T14:39:38.458388", "features": ["i", "tcA", "tcW", "weekend"], "seed": 888, "split_id": 0, "metrics_train": {"acc": 0.8580514742135884, "auc": 0.811527206493672, "nll": 0.3450537186967331, "mse": 0.1056930074500778, "rmse": 0.3251046100104977, "f1": 0.9273853236148407}, "metrics_test": {"acc": 0.8697788697788698, "auc": 0.8234519203795754, "nll": 0.3219914714738868, "mse": 0.09739875166132889, "rmse": 0.31208773071258167, "f1": 0.9273853236148407}}