{"time": "2022-06-13T14:41:54.605114", "features": ["i", "tcA", "tcW", "week"], "seed": 888, "split_id": 4, "metrics_train": {"acc": 0.8603799552704662, "auc": 0.8179221449237973, "nll": 0.33848839984023565, "mse": 0.10358985463975355, "rmse": 0.3218537783524586, "f1": 0.922922364235084}, "metrics_test": {"acc": 0.8625870646766169, "auc": 0.7987256123342695, "nll": 0.3454415782574703, "mse": 0.10473563465130392, "rmse": 0.32362885324288365, "f1": 0.922922364235084}}