{"time": "2022-06-13T14:41:59.463368", "features": ["hour", "i", "tcA", "tcW"], "seed": 888, "split_id": 4, "metrics_train": {"acc": 0.8608469119418024, "auc": 0.8172498988452065, "nll": 0.33894607837433166, "mse": 0.10371264739204793, "rmse": 0.32204448045580275, "f1": 0.9226821376771172}, "metrics_test": {"acc": 0.862089552238806, "auc": 0.8011140180000604, "nll": 0.3446355605187727, "mse": 0.10473907664669173, "rmse": 0.3236341710121039, "f1": 0.9226821376771172}}