{"time": "2022-06-13T14:39:28.220357", "features": ["i", "month", "tcA", "tcW"], "seed": 888, "split_id": 0, "metrics_train": {"acc": 0.8580268218124445, "auc": 0.8116456152423275, "nll": 0.3449202003456224, "mse": 0.10564962882236616, "rmse": 0.32503788828745206, "f1": 0.9273853236148407}, "metrics_test": {"acc": 0.8697788697788698, "auc": 0.8229882870685815, "nll": 0.32207677733951334, "mse": 0.09738183221803166, "rmse": 0.31206062266494256, "f1": 0.9273853236148407}}