{"time": "2022-06-13T14:40:05.149148", "features": ["i", "month", "tcA", "tcW"], "seed": 888, "split_id": 1, "metrics_train": {"acc": 0.8621135623150198, "auc": 0.8156759845313946, "nll": 0.3364704292700412, "mse": 0.10266536027024291, "rmse": 0.32041435715373756, "f1": 0.9170862346009642}, "metrics_test": {"acc": 0.8530193695404482, "auc": 0.8068695425430914, "nll": 0.3558181185674346, "mse": 0.10957572821531864, "rmse": 0.33102224731174584, "f1": 0.9170862346009642}}