{"time": "2022-06-13T14:42:01.891503", "features": ["i", "tcA", "tcW", "weekend"], "seed": 888, "split_id": 4, "metrics_train": {"acc": 0.85991299859913, "auc": 0.8167682033605573, "nll": 0.3394070953486155, "mse": 0.10388911594735994, "rmse": 0.32231834565745704, "f1": 0.9227680811911001}, "metrics_test": {"acc": 0.8621890547263682, "auc": 0.8011769125064179, "nll": 0.34438317280097125, "mse": 0.10461893000654514, "rmse": 0.3234484966830811, "f1": 0.9227680811911001}}