{"time": "2022-06-13T14:42:09.675254", "features": ["i", "n_gram", "tcA", "tcW"], "seed": 888, "split_id": 4, "metrics_train": {"acc": 0.8653935953206027, "auc": 0.8321694141653169, "nll": 0.32749621974911947, "mse": 0.09972363369922738, "rmse": 0.3157904901975792, "f1": 0.921872378502321}, "metrics_test": {"acc": 0.8609950248756219, "auc": 0.805046245960557, "nll": 0.34199760312638267, "mse": 0.10390923480769702, "rmse": 0.32234955375755836, "f1": 0.921872378502321}}