{"time": "2022-06-13T14:40:30.503648", "features": ["i", "icA", "icW", "tcA", "tcW"], "seed": 888, "split_id": 2, "metrics_train": {"acc": 0.8659639680047844, "auc": 0.8362529382770862, "nll": 0.323830409689592, "mse": 0.09818242213212766, "rmse": 0.31334074444943744, "f1": 0.9231179071873835}, "metrics_test": {"acc": 0.8639705882352942, "auc": 0.8366344344064072, "nll": 0.3288818978957782, "mse": 0.10044018813476877, "rmse": 0.3169230003246353, "f1": 0.9231179071873835}}