{"time": "2022-06-13T14:39:30.801366", "features": ["i", "tcA", "tcW", "week"], "seed": 888, "split_id": 0, "metrics_train": {"acc": 0.8582733458238833, "auc": 0.8125852121482274, "nll": 0.3441671010010503, "mse": 0.1053916774661364, "rmse": 0.3246408438045595, "f1": 0.9272488221759614}, "metrics_test": {"acc": 0.8694840294840295, "auc": 0.8214913949564333, "nll": 0.32275225727647966, "mse": 0.09760912199405719, "rmse": 0.3124245860908792, "f1": 0.9272488221759614}}