{"time": "2022-06-13T14:40:13.439565", "features": ["hour", "i", "tcA", "tcW"], "seed": 888, "split_id": 1, "metrics_train": {"acc": 0.8626856020096003, "auc": 0.8163824847080019, "nll": 0.3360239534039145, "mse": 0.1025326991764492, "rmse": 0.3202072753334146, "f1": 0.9168228804027636}, "metrics_test": {"acc": 0.852544625902013, "auc": 0.8066891841047024, "nll": 0.356221937478972, "mse": 0.1097288672841717, "rmse": 0.33125347890123613, "f1": 0.9168228804027636}}