{"time": "2022-06-13T14:39:22.945247", "features": ["i", "icA_TW", "icW_TW", "tcA", "tcW"], "seed": 888, "split_id": 0, "metrics_train": {"acc": 0.8643871413075633, "auc": 0.8440548118148914, "nll": 0.32288145443680466, "mse": 0.09904830549760865, "rmse": 0.3147194075642757, "f1": 0.9301632833186232}, "metrics_test": {"acc": 0.8755773955773956, "auc": 0.8540494290704683, "nll": 0.3002435493903438, "mse": 0.09102587039430743, "rmse": 0.30170493929385284, "f1": 0.9301632833186232}}