{"time": "2022-06-13T14:39:33.497372", "features": ["day", "i", "tcA", "tcW"], "seed": 888, "split_id": 0, "metrics_train": {"acc": 0.8582240410215956, "auc": 0.8115131903280973, "nll": 0.3449994704033677, "mse": 0.10566747305564193, "rmse": 0.32506533659503273, "f1": 0.9273932818236615}, "metrics_test": {"acc": 0.8697788697788698, "auc": 0.8234662027383939, "nll": 0.32207985414815504, "mse": 0.09744910771958322, "rmse": 0.31216839641383176, "f1": 0.9273932818236615}}