{"time": "2022-06-13T14:42:06.927452", "features": ["i", "tcA", "tcW", "user_avg_correct"], "seed": 888, "split_id": 4, "metrics_train": {"acc": 0.8600113052667797, "auc": 0.8167313180987539, "nll": 0.33941635584281954, "mse": 0.10388825571127504, "rmse": 0.3223170112036829, "f1": 0.9227853041199754}, "metrics_test": {"acc": 0.8621890547263682, "auc": 0.8011463335447435, "nll": 0.3443811061307126, "mse": 0.10462584324914997, "rmse": 0.3234591832815231, "f1": 0.9227853041199754}}