{"time": "2022-06-13T14:40:25.566220", "features": ["bundle", "i", "tcA", "tcW"], "seed": 888, "split_id": 2, "metrics_train": {"acc": 0.8610550447285141, "auc": 0.8139592284086051, "nll": 0.3390238737027889, "mse": 0.10356841218417004, "rmse": 0.3218204657633974, "f1": 0.9194549021687258}, "metrics_test": {"acc": 0.8568061840120663, "auc": 0.8125995405603892, "nll": 0.3456373814241583, "mse": 0.10594463333676882, "rmse": 0.32549137213875395, "f1": 0.9194549021687258}}