{"time": "2022-06-13T14:41:31.671215", "features": ["i", "tcA", "tcW", "user_avg_correct"], "seed": 888, "split_id": 3, "metrics_train": {"acc": 0.8605826181554455, "auc": 0.8157631727045965, "nll": 0.3391763635200089, "mse": 0.10369808874574245, "rmse": 0.32202187619126504, "f1": 0.9213697649445173}, "metrics_test": {"acc": 0.8593983358224877, "auc": 0.8045920661592921, "nll": 0.34640759072620264, "mse": 0.10585670129887553, "rmse": 0.32535626826430675, "f1": 0.9213697649445173}}