{"time": "2022-06-13T14:41:14.412385", "features": ["i", "icA_TW", "icW_TW", "tcA", "tcA_TW", "tcW", "tcW_TW"], "seed": 888, "split_id": 3, "metrics_train": {"acc": 0.8662395745195214, "auc": 0.84796241458457, "nll": 0.3167334372439726, "mse": 0.09694000815760195, "rmse": 0.3113519040532785, "f1": 0.9221708035338663}, "metrics_test": {"acc": 0.8618519308726265, "auc": 0.8396040803917167, "nll": 0.3233512729371655, "mse": 0.09928276349674339, "rmse": 0.31509167474997396, "f1": 0.9221708035338663}}