{"time": "2022-06-13T14:40:23.168213", "features": ["i", "n_gram", "tcA", "tcW"], "seed": 888, "split_id": 1, "metrics_train": {"acc": 0.8668888502002139, "auc": 0.8311405102842926, "nll": 0.3246032734700914, "mse": 0.09852929947927773, "rmse": 0.3138937710106362, "f1": 0.9162011173184358}, "metrics_test": {"acc": 0.8518799848082036, "auc": 0.8107417264540306, "nll": 0.35414219439379635, "mse": 0.10914305617607621, "rmse": 0.3303680616767853, "f1": 0.9162011173184358}}