{"time": "2022-06-13T14:41:16.897576", "features": ["i", "month", "tcA", "tcW"], "seed": 888, "split_id": 3, "metrics_train": {"acc": 0.8605584431282485, "auc": 0.8156894412241922, "nll": 0.3391114145264279, "mse": 0.10366453048997583, "rmse": 0.3219697664222152, "f1": 0.9211766811862283}, "metrics_test": {"acc": 0.8590783016855131, "auc": 0.8051270434533162, "nll": 0.34624327159920476, "mse": 0.10584719740294844, "rmse": 0.32534166256867325, "f1": 0.9211766811862283}}