{"time": "2022-06-13T14:41:26.674648", "features": ["i", "tcA", "tcW", "weekend"], "seed": 888, "split_id": 3, "metrics_train": {"acc": 0.8606067931826423, "auc": 0.8156438254481062, "nll": 0.3392329203088551, "mse": 0.10371623825461057, "rmse": 0.3220500555109571, "f1": 0.9211766811862283}, "metrics_test": {"acc": 0.8590783016855131, "auc": 0.8050020333645165, "nll": 0.34618127181796554, "mse": 0.10578549520051887, "rmse": 0.32524682196836124, "f1": 0.9211766811862283}}