{"time": "2022-06-12T19:30:41.972297", "features": ["i", "tcA", "tcW"], "seed": 888, "split_id": 4, "metrics_train": {"acc": 0.8599867285998672, "auc": 0.8167311854097269, "nll": 0.3394165671878264, "mse": 0.10388838858861207, "rmse": 0.3223172173319509, "f1": 0.9228367528991971}, "metrics_test": {"acc": 0.8622885572139304, "auc": 0.8011313838301471, "nll": 0.344388130747122, "mse": 0.1046279329355832, "rmse": 0.3234624134819735, "f1": 0.9228367528991971}}