{"time": "2022-06-12T19:30:30.856372", "features": ["i"], "seed": 888, "split_id": 3, "metrics_train": {"acc": 0.8581892904629518, "auc": 0.788108165580874, "nll": 0.35509421786138795, "mse": 0.10834797404873127, "rmse": 0.329162534394076, "f1": 0.9216491165447082}, "metrics_test": {"acc": 0.8595050138681459, "auc": 0.7862956866577911, "nll": 0.35413721182598773, "mse": 0.10767880634625178, "rmse": 0.3281444900440228, "f1": 0.9216491165447082}}