{"time": "2022-06-13T18:28:58.569621", "features": ["i", "icA", "icA_TW", "icW", "icW_TW", "n_gram", "tcA", "tcA_TW", "tcW", "tcW_TW"], "seed": 888, "split_id": 4, "metrics_train": {"acc": 0.8704809653714763, "auc": 0.8587853322511276, "nll": 0.30760425148266773, "mse": 0.09397205218884158, "rmse": 0.3065486130923472, "f1": 0.92331046890813}, "metrics_test": {"acc": 0.8642786069651741, "auc": 0.8304182144906527, "nll": 0.3274589248707286, "mse": 0.09952698740011114, "rmse": 0.31547898091649645, "f1": 0.92331046890813}}