{"time": "2022-06-14T13:07:40.191709", "features": ["bundle", "i", "icA", "icA_TW", "icW", "icW_TW", "n_gram", "tcA", "tcA_TW", "tcW", "tcW_TW", "user_avg_correct"], "seed": 888, "split_id": 1, "metrics_train": {"acc": 0.8719377222871639, "auc": 0.8566648043487257, "nll": 0.30600882166360877, "mse": 0.09321501238217016, "rmse": 0.30531133680584177, "f1": 0.918667531905689}, "metrics_test": {"acc": 0.8571971135586783, "auc": 0.8414054468182843, "nll": 0.332979965372216, "mse": 0.10277358721378992, "rmse": 0.320583198583129, "f1": 0.918667531905689}}