{"time": "2022-06-14T13:07:46.113719", "features": ["bundle", "i", "icA", "icA_TW", "icW", "icW_TW", "n_gram", "tcA", "tcA_TW", "tcW", "tcW_TW", "user_avg_correct"], "seed": 888, "split_id": 3, "metrics_train": {"acc": 0.8700108787622386, "auc": 0.8563922299344771, "nll": 0.308677853352001, "mse": 0.09414827425094369, "rmse": 0.3068359076948845, "f1": 0.9226043486116966}, "metrics_test": {"acc": 0.8629187113292085, "auc": 0.8386792484726359, "nll": 0.3240829243272595, "mse": 0.09963695497003712, "rmse": 0.3156532194830858, "f1": 0.9226043486116966}}