{"time": "2022-06-14T13:07:49.045562", "features": ["bundle", "i", "icA", "icA_TW", "icW", "icW_TW", "n_gram", "tcA", "tcA_TW", "tcW", "tcW_TW", "user_avg_correct"], "seed": 888, "split_id": 4, "metrics_train": {"acc": 0.870751308707513, "auc": 0.8588960040507305, "nll": 0.3074372753500113, "mse": 0.093923815548851, "rmse": 0.3064699260104505, "f1": 0.9232759590505119}, "metrics_test": {"acc": 0.8642786069651741, "auc": 0.8303844643773972, "nll": 0.32751773186665983, "mse": 0.0995584580460615, "rmse": 0.3155288545379986, "f1": 0.9232759590505119}}