{"time": "2022-06-12T19:30:36.839526", "features": ["i", "icA_TW", "icW_TW", "n_gram", "tcA_TW", "tcW_TW", "user_avg_correct"], "seed": 888, "split_id": 3, "metrics_train": {"acc": 0.8701801039526169, "auc": 0.8563660207924502, "nll": 0.30875211087650584, "mse": 0.094164221597013, "rmse": 0.30686189336086195, "f1": 0.9225025591617994}, "metrics_test": {"acc": 0.862705355237892, "auc": 0.8384884390375125, "nll": 0.324218283275617, "mse": 0.09966262115081581, "rmse": 0.31569387252655984, "f1": 0.9225025591617994}}