{"time": "2022-06-12T19:30:33.485117", "features": ["i", "tcA", "tcW"], "seed": 888, "split_id": 3, "metrics_train": {"acc": 0.8606067931826423, "auc": 0.8156441243864445, "nll": 0.3392314722004126, "mse": 0.1037160012466233, "rmse": 0.32204968754312324, "f1": 0.9211766811862283}, "metrics_test": {"acc": 0.8590783016855131, "auc": 0.8050286478563761, "nll": 0.34617625661412393, "mse": 0.10578338536303761, "rmse": 0.3252435785116097, "f1": 0.9211766811862283}}