{"time": "2022-06-12T19:30:06.863520", "features": ["i", "tcA", "tcW"], "seed": 888, "split_id": 0, "metrics_train": {"acc": 0.8580021694113007, "auc": 0.8114874315031239, "nll": 0.3450586090218379, "mse": 0.10569241082870047, "rmse": 0.3251036924255098, "f1": 0.9272836867773576}, "metrics_test": {"acc": 0.8695823095823095, "auc": 0.8234061236855379, "nll": 0.32200962993497734, "mse": 0.09740850896324589, "rmse": 0.3121033626272647, "f1": 0.9272836867773576}}