{"time": "2022-06-13T18:28:55.801095", "features": ["i", "icA", "icA_TW", "icW", "icW_TW", "n_gram", "tcA", "tcA_TW", "tcW", "tcW_TW"], "seed": 888, "split_id": 3, "metrics_train": {"acc": 0.8702042789798139, "auc": 0.8563580225311287, "nll": 0.3087666925508419, "mse": 0.094170285379033, "rmse": 0.306871773513031, "f1": 0.9225212208777316}, "metrics_test": {"acc": 0.862705355237892, "auc": 0.8382235078090994, "nll": 0.3243986447318572, "mse": 0.09972136988994058, "rmse": 0.3157869058240708, "f1": 0.9225212208777316}}