{"time": "2022-06-19T20:14:39.834836", "features": ["c"], "seed": 888, "split_id": 4, "metrics_test": {"acc": 0.8059918557300756, "auc": 0.5, "pr_auc": 0.9029959278650378, "nll": 0.49202631087763465, "mse": 0.15638243021834233, "rmse": 0.39545218449054287, "f1": 0.8925752939281688, "gmean": 0.0, "cm": [[0, 667], [0, 2771]], "cm_roc_opt": [[667, 0], [2771, 0]], "cm_pr_opt": [[667, 0], [2771, 0]], "roc_opt_t": 1.8096587333497622, "pr_opt_t": 0.8096587333497622, "J_best_i": 0, "fpr_curve": [0.0, 1.0], "tpr_curve": [0.0, 1.0], "fscore_best_i": 0, "precision_curve": [0.8059918557300756, 1.0], "recall_curve": [1.0, 0.0]}, "metrics_train": {"acc": 0.8097090075699701, "auc": 0.5, "pr_auc": 0.9048545037849851, "nll": 0.4866446398518734, "mse": 0.1540803331575214, "rmse": 0.39253067798265323, "f1": 0.8948499501112901, "gmean": 0.0, "cm": [[0, 2740], [0, 11659]], "cm_roc_opt": [[2740, 0], [11659, 0]], "cm_pr_opt": [[2740, 0], [11659, 0]], "roc_opt_t": 1.8096587333497622, "pr_opt_t": 0.8096587333497622, "J_best_i": 0, "fpr_curve": [0.0, 1.0], "tpr_curve": [0.0, 1.0], "fscore_best_i": 0, "precision_curve": [0.8097090075699701, 1.0], "recall_curve": [1.0, 0.0]}}