{"time": "2022-06-19T20:13:33.930545", "features": ["part_of_day"], "seed": 888, "split_id": 2, "metrics_test": {"acc": 0.7966883821932682, "auc": 0.516645476194267, "pr_auc": 0.811039783546071, "nll": 0.5051068987251228, "mse": 0.16202221213198686, "rmse": 0.4025198282469907, "f1": 0.8868409125245506, "gmean": 0.43094553979285455, "cm": [[0, 749], [0, 2935]], "cm_roc_opt": [[730, 19], [2851, 84]], "cm_pr_opt": [[52, 697], [178, 2757]], "roc_opt_t": 0.8222037406221783, "pr_opt_t": 0.8010389808688966, "J_best_i": 2, "fpr_curve": [0.0, 0.025367156208277702, 0.18157543391188252, 0.2683578104138852, 0.6328437917222964, 0.9305740987983978, 1.0], "tpr_curve": [0.0, 0.028620102214650767, 0.22691652470187393, 0.3059625212947189, 0.6350936967632027, 0.9393526405451448, 1.0], "fscore_best_i": 0, "precision_curve": [0.7966883821932682, 0.7982049797336421, 0.7972626176218991, 0.8171064604185623, 0.830423940149626, 0.8155339805825242, 1.0], "recall_curve": [1.0, 0.9393526405451448, 0.6350936967632027, 0.3059625212947189, 0.22691652470187393, 0.028620102214650767, 0.0]}, "metrics_train": {"acc": 0.8121952942838974, "auc": 0.5178224019276219, "pr_auc": 0.8274920852358416, "nll": 0.48264798550668714, "mse": 0.15242193719519395, "rmse": 0.39041252182171865, "f1": 0.8963661883967561, "gmean": 0.5074948416122864, "cm": [[0, 2658], [0, 11495]], "cm_roc_opt": [[1990, 668], [8315, 3180]], "cm_pr_opt": [[209, 2449], [842, 10653]], "roc_opt_t": 0.8135239834235221, "pr_opt_t": 0.8010389808688966, "J_best_i": 3, "fpr_curve": [0.0, 0.039503386004514675, 0.2513167795334838, 0.40895410082769, 0.6854778028592927, 0.9213694507148231, 1.0], "tpr_curve": [0.0, 0.05002174858634189, 0.2766420182688125, 0.4357546759460635, 0.705611135276207, 0.9267507612005219, 1.0], "fscore_best_i": 0, "precision_curve": [0.8121952942838974, 0.813081972217982, 0.8165710258733515, 0.8216863517060368, 0.8264033264033264, 0.8455882352941176, 1.0], "recall_curve": [1.0, 0.9267507612005219, 0.705611135276207, 0.4357546759460635, 0.2766420182688125, 0.05002174858634189, 0.0]}}