{"time": "2022-06-19T20:14:24.806586", "features": ["part_of_day"], "seed": 888, "split_id": 3, "metrics_test": {"acc": 0.8250216200634188, "auc": 0.5183964854475562, "pr_auc": 0.8426448923371407, "nll": 0.4646373189149483, "mse": 0.1446684559017161, "rmse": 0.3803530674277731, "f1": 0.9041225714737008, "gmean": 0.5213564500348672, "cm": [[0, 607], [0, 2862]], "cm_roc_opt": [[436, 171], [1946, 916]], "cm_pr_opt": [[28, 579], [184, 2678]], "roc_opt_t": 0.8032106617136099, "pr_opt_t": 0.7819962977170033, "J_best_i": 3, "fpr_curve": [0.0, 0.08237232289950576, 0.28171334431630973, 0.4102141680395387, 0.6342668863261944, 0.9538714991762768, 1.0], "tpr_curve": [0.0, 0.09433962264150944, 0.32005590496156533, 0.4608665269042628, 0.6519916142557652, 0.9357092941998603, 1.0], "fscore_best_i": 0, "precision_curve": [0.8250216200634188, 0.8222290451335585, 0.8289649044868947, 0.8411989795918368, 0.8426862925482981, 0.84375, 1.0], "recall_curve": [1.0, 0.9357092941998603, 0.6519916142557652, 0.4608665269042628, 0.32005590496156533, 0.09433962264150944, 0.0]}, "metrics_train": {"acc": 0.8051224944320713, "auc": 0.518167775019759, "pr_auc": 0.8196115351923019, "nll": 0.49278095412598, "mse": 0.15676463858319073, "rmse": 0.3959351444153332, "f1": 0.8920419494139421, "gmean": 0.4427464729843157, "cm": [[0, 2800], [0, 11568]], "cm_roc_opt": [[2726, 74], [11179, 389]], "cm_pr_opt": [[233, 2567], [836, 10732]], "roc_opt_t": 0.8195892151978569, "pr_opt_t": 0.7819962977170033, "J_best_i": 2, "fpr_curve": [0.0, 0.02642857142857143, 0.22607142857142856, 0.37107142857142855, 0.6260714285714286, 0.9167857142857143, 1.0], "tpr_curve": [0.0, 0.033627247579529736, 0.25328492392807744, 0.3966113416320885, 0.6462655601659751, 0.927731673582296, 1.0], "fscore_best_i": 0, "precision_curve": [0.8051224944320713, 0.8069779682682908, 0.8100552605916134, 0.8153545406077839, 0.822340724108897, 0.8401727861771058, 1.0], "recall_curve": [1.0, 0.927731673582296, 0.6462655601659751, 0.3966113416320885, 0.25328492392807744, 0.033627247579529736, 0.0]}}