{"time": "2022-06-19T20:12:20.675059", "features": ["icA_TW", "icW_TW"], "seed": 888, "split_id": 1, "metrics_test": {"acc": 0.8096574957888827, "auc": 0.6726994631995755, "pr_auc": 0.9231453847328956, "nll": 0.434309736171944, "mse": 0.141848094271468, "rmse": 0.3766272617210124, "f1": 0.8946877912395155, "gmean": 0.5892832645593296, "cm": [[4, 676], [2, 2880]], "cm_roc_opt": [[662, 18], [1863, 1019]], "cm_pr_opt": [[4, 676], [2, 2880]], "roc_opt_t": 0.8624672857582895, "pr_opt_t": 0.39852709330568176, "J_best_i": 6, "fpr_curve": [0.0, 0.025, 0.025, 0.025, 0.026470588235294117, 0.026470588235294117, 0.026470588235294117, 0.029411764705882353, 0.7779411764705882, 0.9529411764705882, 0.9529411764705882, 0.9602941176470589, 0.9602941176470589, 0.9823529411764705, 0.9882352941176471, 0.9911764705882353, 0.9941176470588236, 0.9955882352941177, 1.0], "tpr_curve": [0.0, 0.31714087439278277, 0.3199167244968772, 0.32061068702290074, 0.3466342817487856, 0.3535739070090215, 0.3566967383761277, 0.3577376821651631, 0.8702290076335878, 0.9701596113809854, 0.9764052741151977, 0.9829979181124219, 0.9836918806384455, 0.991325468424705, 0.9944482997918113, 0.9975711311589174, 0.9993060374739764, 1.0, 1.0], "fscore_best_i": 0, "precision_curve": [0.8097780275358246, 0.8098987626546682, 0.810087348548887, 0.8100621820237422, 0.8104964539007092, 0.8127866972477065, 0.8126792885829031, 0.8128249566724437, 0.8118466898954704, 0.8258149489627923, 0.9809705042816366, 0.982791586998088, 0.982642237222758, 0.9823008849557522, 0.9819341126461212, 0.9818956336528222, 0.9817400644468314, 1.0], "recall_curve": [1.0, 0.9993060374739764, 0.9975711311589174, 0.9944482997918113, 0.991325468424705, 0.9836918806384455, 0.9829979181124219, 0.9764052741151977, 0.9701596113809854, 0.8702290076335878, 0.3577376821651631, 0.3566967383761277, 0.3535739070090215, 0.3466342817487856, 0.32061068702290074, 0.3199167244968772, 0.31714087439278277, 0.0]}, "metrics_train": {"acc": 0.8109982486865149, "auc": 0.6842027898667941, "pr_auc": 0.9285459613428649, "nll": 0.4230041274377644, "mse": 0.13992398881261892, "rmse": 0.37406415066485443, "f1": 0.8952721062029346, "gmean": 0.5959305266313143, "cm": [[45, 2682], [16, 11532]], "cm_roc_opt": [[2680, 47], [7392, 4156]], "cm_pr_opt": [[49, 2678], [22, 11526]], "roc_opt_t": 0.8624672857582895, "pr_opt_t": 0.5322598343866515, "J_best_i": 13, "fpr_curve": [0.0, 0.009167583425009167, 0.009167583425009167, 0.009534286762009535, 0.009534286762009535, 0.009534286762009535, 0.009534286762009535, 0.009900990099009901, 0.013568023469013568, 0.013568023469013568, 0.013934726806013934, 0.0165016501650165, 0.017235056839017236, 0.017235056839017236, 0.018335166850018333, 0.018335166850018333, 0.0187018701870187, 0.019435276861019434, 0.019801980198019802, 0.7821782178217822, 0.9471947194719472, 0.9479281261459479, 0.949028236156949, 0.9493949394939494, 0.9504950495049505, 0.9504950495049505, 0.9702970297029703, 0.9787312064539787, 0.9787312064539787, 0.9798313164649798, 0.982031536486982, 0.9834983498349835, 0.9842317565089842, 0.9941327466079941, 0.9948661532819949, 0.9948661532819949, 0.9948661532819949, 0.9981664833149981, 0.9985331866519985, 0.9992665933259993, 1.0], "tpr_curve": [0.0, 0.32421198475926566, 0.32516453065465883, 0.32542431589885695, 0.3255109109802563, 0.3257706962244544, 0.3259438863872532, 0.3260304814686526, 0.3494977485278836, 0.35001731901627986, 0.35001731901627986, 0.3595427779702113, 0.3598891582958088, 0.3613612746795982, 0.36162105992379634, 0.36188084516799446, 0.3619674402493938, 0.3620540353307932, 0.3621406304121926, 0.8791132663664704, 0.9800831312781434, 0.9814686525805334, 0.9836335296155179, 0.9837201246969172, 0.9840665050225147, 0.9841531001039141, 0.9929857984066505, 0.9974021475580187, 0.9975753377208174, 0.9976619328022168, 0.9980949082092138, 0.99861447869761, 0.99861447869761, 0.9990474541046068, 0.9993072393488049, 0.9993938344302044, 0.9995670245930032, 0.9998268098372013, 0.9999134049186006, 1.0, 1.0], "fscore_best_i": 8, "precision_curve": [0.8090800812723323, 0.8091800981079187, 0.8092234370619569, 0.8096941638608305, 0.8096674617651186, 0.8096541079071072, 0.809727681078046, 0.8111986494091165, 0.8113127902068383, 0.8114615601239088, 0.8117381807933488, 0.8118965395729086, 0.8118700218509903, 0.8125132856231843, 0.8142867378376442, 0.8142734307824592, 0.8143952971539179, 0.8144403814440382, 0.814282635246785, 0.81418602978203, 0.8263736263736263, 0.9872521246458924, 0.9874822862541333, 0.9879461120302528, 0.9881768739654765, 0.988168480832939, 0.9888625592417062, 0.9888175113014513, 0.9892780557541101, 0.990686274509804, 0.9909291493012994, 0.9909157868892708, 0.992879746835443, 0.9931398416886543, 0.9931362196409715, 0.9931307793923382, 0.9931289640591966, 0.9933862433862434, 0.9933669408331123, 1.0], "recall_curve": [1.0, 0.9999134049186006, 0.9998268098372013, 0.9995670245930032, 0.9993938344302044, 0.9993072393488049, 0.9990474541046068, 0.99861447869761, 0.99861447869761, 0.9980949082092138, 0.9976619328022168, 0.9975753377208174, 0.9974021475580187, 0.9929857984066505, 0.9841531001039141, 0.9840665050225147, 0.9837201246969172, 0.9836335296155179, 0.9814686525805334, 0.9800831312781434, 0.8791132663664704, 0.3621406304121926, 0.3620540353307932, 0.3619674402493938, 0.36188084516799446, 0.36162105992379634, 0.3613612746795982, 0.3598891582958088, 0.3595427779702113, 0.35001731901627986, 0.35001731901627986, 0.3494977485278836, 0.3260304814686526, 0.3259438863872532, 0.3257706962244544, 0.3255109109802563, 0.32542431589885695, 0.32516453065465883, 0.32421198475926566, 0.0]}}