{"time": "2022-06-19T20:11:35.004821", "features": ["month"], "seed": 888, "split_id": 0, "metrics_test": {"acc": 0.8089033659066233, "auc": 0.5567543090298963, "pr_auc": 0.8518888511452468, "nll": 0.48273562938226294, "mse": 0.1531757539655659, "rmse": 0.3913767417279237, "f1": 0.8943577430972389, "gmean": 0.4881723395164299, "cm": [[0, 704], [0, 2980]], "cm_roc_opt": [[615, 89], [2332, 648]], "cm_pr_opt": [[10, 694], [20, 2960]], "roc_opt_t": 0.8183925309016293, "pr_opt_t": 0.7634341077419925, "J_best_i": 4, "fpr_curve": [0.0, 0.008522727272727272, 0.056818181818181816, 0.12642045454545456, 0.17613636363636365, 0.18607954545454544, 0.5369318181818182, 0.9034090909090909, 0.9857954545454546, 1.0], "tpr_curve": [0.0, 0.02953020134228188, 0.13020134228187918, 0.2174496644295302, 0.28926174496644297, 0.2986577181208054, 0.5919463087248322, 0.9151006711409396, 0.9932885906040269, 1.0], "fscore_best_i": 0, "precision_curve": [0.8089033659066233, 0.8100711548987412, 0.8108831400535237, 0.8235294117647058, 0.871694417238002, 0.8742393509127789, 0.8792401628222524, 0.9065420560747663, 0.9361702127659575, 1.0], "recall_curve": [1.0, 0.9932885906040269, 0.9151006711409396, 0.5919463087248322, 0.2986577181208054, 0.28926174496644297, 0.2174496644295302, 0.13020134228187918, 0.02953020134228188, 0.0]}, "metrics_train": {"acc": 0.80901575637674, "auc": 0.566805134841281, "pr_auc": 0.8510870394437587, "nll": 0.48200071661388344, "mse": 0.1528980036526397, "rmse": 0.39102174319676863, "f1": 0.8944264344022185, "gmean": 0.49251813061830463, "cm": [[0, 2703], [0, 11450]], "cm_roc_opt": [[2383, 320], [9000, 2450]], "cm_pr_opt": [[57, 2646], [183, 11267]], "roc_opt_t": 0.8183925309016293, "pr_opt_t": 0.7634341077419925, "J_best_i": 4, "fpr_curve": [0.0, 0.025157232704402517, 0.06511283758786533, 0.11838697743248243, 0.20347761746207918, 0.5179430262671106, 0.5205327413984462, 0.8124306326304107, 0.978912319644839, 1.0], "tpr_curve": [0.0, 0.04978165938864629, 0.12794759825327512, 0.21397379912663755, 0.3045414847161572, 0.6036681222707424, 0.6061135371179039, 0.8543231441048035, 0.9840174672489083, 1.0], "fscore_best_i": 0, "precision_curve": [0.80901575637674, 0.8098181556817365, 0.8166638837869428, 0.8314364442314605, 0.8315688161693936, 0.8637602179836512, 0.8844765342960289, 0.8927483241925656, 0.8934169278996865, 1.0], "recall_curve": [1.0, 0.9840174672489083, 0.8543231441048035, 0.6061135371179039, 0.6036681222707424, 0.3045414847161572, 0.21397379912663755, 0.12794759825327512, 0.04978165938864629, 0.0]}}