{"time": "2022-06-19T20:12:11.435022", "features": ["icA", "icW"], "seed": 888, "split_id": 1, "metrics_test": {"acc": 0.8090960134755755, "auc": 0.6771339347675227, "pr_auc": 0.8911805833428611, "nll": 0.4373799267273089, "mse": 0.1418400167081708, "rmse": 0.37661653801734574, "f1": 0.8944754810676597, "gmean": 0.5974544933781601, "cm": [[0, 680], [0, 2882]], "cm_roc_opt": [[673, 7], [2850, 32]], "cm_pr_opt": [[144, 536], [330, 2552]], "roc_opt_t": 0.9777620172968796, "pr_opt_t": 0.6952507956256903, "J_best_i": 4, "fpr_curve": [0.0, 0.0, 0.007352941176470588, 0.010294117647058823, 0.03676470588235294, 0.039705882352941174, 0.039705882352941174, 0.788235294117647, 0.9941176470588236, 0.9985294117647059, 1.0], "tpr_curve": [0.0, 0.002775850104094379, 0.009368494101318528, 0.011103400416377515, 0.3705759888965996, 0.37231089521165855, 0.37300485773768216, 0.8854961832061069, 0.9993060374739764, 0.9993060374739764, 1.0], "fscore_best_i": 2, "precision_curve": [0.8090960134755755, 0.8092160719303175, 0.8098987626546682, 0.8264248704663213, 0.9754990925589837, 0.9754545454545455, 0.9771271729185728, 0.8205128205128205, 0.84375, 1.0, 1.0], "recall_curve": [1.0, 0.9993060374739764, 0.9993060374739764, 0.8854961832061069, 0.37300485773768216, 0.37231089521165855, 0.3705759888965996, 0.011103400416377515, 0.009368494101318528, 0.002775850104094379, 0.0]}, "metrics_train": {"acc": 0.8089667250437829, "auc": 0.680782268274166, "pr_auc": 0.8847425718026074, "nll": 0.4327398882382485, "mse": 0.14113592051727916, "rmse": 0.3756806097169232, "f1": 0.8943964682647253, "gmean": 0.5977978833810942, "cm": [[0, 2727], [0, 11548]], "cm_roc_opt": [[2707, 20], [11480, 68]], "cm_pr_opt": [[578, 2149], [1338, 10210]], "roc_opt_t": 0.9777620172968796, "pr_opt_t": 0.6952507956256903, "J_best_i": 10, "fpr_curve": [0.0, 0.0003667033370003667, 0.0014668133480014668, 0.0014668133480014668, 0.002566923359002567, 0.003667033370003667, 0.0044004400440044, 0.0062339567290062336, 0.006967363403006967, 0.007334066740007334, 0.02346901356802347, 0.025302530253025302, 0.02566923359002567, 0.02566923359002567, 0.7880454712137881, 0.9933993399339934, 0.9974330766409975, 0.9988998899889989, 0.9996332966629996, 1.0], "tpr_curve": [0.0, 0.00025978524419812955, 0.0006061655697956356, 0.0009525458953931416, 0.002684447523380672, 0.0027710426047800486, 0.002857637686179425, 0.005368895046761344, 0.005801870453758227, 0.005888465535157603, 0.36595081399376517, 0.3665569795635608, 0.3669899549705577, 0.3671631451333564, 0.8841357810876342, 0.9992206442674056, 0.9994804295116038, 0.9999134049186006, 0.9999134049186006, 1.0], "fscore_best_i": 4, "precision_curve": [0.8089667250437829, 0.809010018916836, 0.8091233970990119, 0.8092834104613659, 0.8098680516563729, 0.8261186180111659, 0.9837587006960556, 0.9837511606313835, 0.9839609483960948, 0.985081585081585, 0.7727272727272727, 0.7790697674418605, 0.7848101265822784, 0.7333333333333333, 0.7619047619047619, 0.8157894736842105, 0.7333333333333333, 0.6363636363636364, 0.75, 1.0], "recall_curve": [1.0, 0.9999134049186006, 0.9999134049186006, 0.9994804295116038, 0.9992206442674056, 0.8841357810876342, 0.3671631451333564, 0.3669899549705577, 0.3665569795635608, 0.36595081399376517, 0.005888465535157603, 0.005801870453758227, 0.005368895046761344, 0.002857637686179425, 0.0027710426047800486, 0.002684447523380672, 0.0009525458953931416, 0.0006061655697956356, 0.00025978524419812955, 0.0]}}