{"time": "2022-06-19T20:14:19.048776", "features": ["hour"], "seed": 888, "split_id": 3, "metrics_test": {"acc": 0.8250216200634188, "auc": 0.5201754628334467, "pr_auc": 0.8399394211726676, "nll": 0.46563410665473465, "mse": 0.14493731045836653, "rmse": 0.38070633099328216, "f1": 0.9041225714737008, "gmean": 0.5048277947821369, "cm": [[0, 607], [0, 2862]], "cm_roc_opt": [[434, 173], [1892, 970]], "cm_pr_opt": [[2, 605], [40, 2822]], "roc_opt_t": 0.8157906505896968, "pr_opt_t": 0.7442764946202725, "J_best_i": 10, "fpr_curve": [0.0, 0.011532125205930808, 0.014827018121911038, 0.023064250411861616, 0.047775947281713346, 0.054365733113673806, 0.12191103789126853, 0.1630971993410214, 0.22405271828665568, 0.28500823723228996, 0.31960461285008235, 0.3624382207578254, 0.43986820428336076, 0.4794069192751236, 0.5321252059308073, 0.5683690280065898, 0.6474464579901154, 0.6672158154859967, 0.7347611202635914, 0.7644151565074135, 0.8698517298187809, 0.9093904448105437, 0.9769357495881383, 0.9967051070840197, 1.0], "tpr_curve": [0.0, 0.010831586303284416, 0.021313766596785466, 0.03738644304682041, 0.06883298392732355, 0.08665269042627533, 0.15024458420684836, 0.1904262753319357, 0.2718378756114605, 0.3389238294898672, 0.3745632424877708, 0.4056603773584906, 0.45737246680642907, 0.5020964360587002, 0.5478686233403215, 0.5842068483577918, 0.6533892382948987, 0.6858839972047519, 0.7417889587700909, 0.7718378756114606, 0.8668763102725366, 0.9067085953878407, 0.9786862334032146, 0.9860237596086653, 1.0], "fscore_best_i": 0, "precision_curve": [0.8250216200634188, 0.8234607528450539, 0.8252799057159693, 0.8245948522402288, 0.8245264207377866, 0.8264122708567153, 0.826391592059167, 0.8289695945945946, 0.8263367211665931, 0.8289538919186912, 0.8291909042834479, 0.8315972222222222, 0.8305837563451777, 0.8406951484431572, 0.8467614533965245, 0.8486439195100612, 0.8512035010940919, 0.8462732919254659, 0.8531746031746031, 0.8825622775800712, 0.8716814159292036, 0.8842975206611571, 0.8714285714285714, 0.8157894736842105, 1.0], "recall_curve": [1.0, 0.9860237596086653, 0.9786862334032146, 0.9067085953878407, 0.8668763102725366, 0.7718378756114606, 0.7417889587700909, 0.6858839972047519, 0.6533892382948987, 0.5842068483577918, 0.5478686233403215, 0.5020964360587002, 0.45737246680642907, 0.4056603773584906, 0.3745632424877708, 0.3389238294898672, 0.2718378756114605, 0.1904262753319357, 0.15024458420684836, 0.08665269042627533, 0.06883298392732355, 0.03738644304682041, 0.021313766596785466, 0.010831586303284416, 0.0]}, "metrics_train": {"acc": 0.8051224944320713, "auc": 0.5416394672495555, "pr_auc": 0.8284115021477009, "nll": 0.49124712485745586, "mse": 0.15630842276166845, "rmse": 0.3953586002120966, "f1": 0.8920419494139421, "gmean": 0.5255489057561004, "cm": [[0, 2800], [0, 11568]], "cm_roc_opt": [[1862, 938], [7039, 4529]], "cm_pr_opt": [[18, 2782], [51, 11517]], "roc_opt_t": 0.8141131144244039, "pr_opt_t": 0.7442764946202725, "J_best_i": 12, "fpr_curve": [0.0, 0.0014285714285714286, 0.0067857142857142855, 0.018214285714285714, 0.048214285714285716, 0.06, 0.12642857142857142, 0.145, 0.20357142857142857, 0.26321428571428573, 0.27214285714285713, 0.335, 0.39964285714285713, 0.4589285714285714, 0.5103571428571428, 0.5678571428571428, 0.6492857142857142, 0.6892857142857143, 0.7614285714285715, 0.7657142857142857, 0.8364285714285714, 0.8921428571428571, 0.9621428571428572, 0.9935714285714285, 1.0], "tpr_curve": [0.0, 0.005791839557399724, 0.014436376210235132, 0.02982365145228216, 0.06829183955739972, 0.0828146611341632, 0.16251728907330568, 0.18369640387275243, 0.25025933609958506, 0.3147475795297372, 0.3243430152143845, 0.3915110650069156, 0.4600622406639004, 0.5191044260027663, 0.5692427385892116, 0.6245677731673582, 0.700207468879668, 0.7371196403872753, 0.8017807745504841, 0.8054979253112033, 0.8669605809128631, 0.9146784232365145, 0.9732883817427386, 0.995591286307054, 1.0], "fscore_best_i": 0, "precision_curve": [0.8051224944320713, 0.805440939925869, 0.806923242313481, 0.8090068048015904, 0.8106862824347264, 0.8129471296457861, 0.8130972210046463, 0.815434637085206, 0.8166969147005445, 0.8196256381168463, 0.8216870476665835, 0.8237311385459534, 0.8262692128551468, 0.8284250960307298, 0.8311918475852902, 0.8316582914572864, 0.8354978354978355, 0.8395890952192809, 0.8415398388540735, 0.8507992895204263, 0.8540540540540541, 0.8712121212121212, 0.8978494623655914, 0.9436619718309859, 1.0], "recall_curve": [1.0, 0.995591286307054, 0.9732883817427386, 0.9146784232365145, 0.8669605809128631, 0.8054979253112033, 0.8017807745504841, 0.7371196403872753, 0.700207468879668, 0.6245677731673582, 0.5692427385892116, 0.5191044260027663, 0.4600622406639004, 0.3915110650069156, 0.3243430152143845, 0.3147475795297372, 0.25025933609958506, 0.18369640387275243, 0.16251728907330568, 0.0828146611341632, 0.06829183955739972, 0.02982365145228216, 0.014436376210235132, 0.005791839557399724, 0.0]}}