{"time": "2022-06-19T20:12:05.349246", "features": ["c"], "seed": 888, "split_id": 1, "metrics_test": {"acc": 0.8090960134755755, "auc": 0.5, "pr_auc": 0.9045480067377878, "nll": 0.48753120722638454, "mse": 0.15445968679263658, "rmse": 0.3930135961931045, "f1": 0.8944754810676597, "gmean": 0.0, "cm": [[0, 680], [0, 2882]], "cm_roc_opt": [[680, 0], [2882, 0]], "cm_pr_opt": [[680, 0], [2882, 0]], "roc_opt_t": 1.808916182639062, "pr_opt_t": 0.8089161826390621, "J_best_i": 0, "fpr_curve": [0.0, 1.0], "tpr_curve": [0.0, 1.0], "fscore_best_i": 0, "precision_curve": [0.8090960134755755, 1.0], "recall_curve": [1.0, 0.0]}, "metrics_train": {"acc": 0.8089667250437829, "auc": 0.5, "pr_auc": 0.9044833625218914, "nll": 0.4877177682535836, "mse": 0.15453956537025415, "rmse": 0.3931152062312703, "f1": 0.8943964682647253, "gmean": 0.0, "cm": [[0, 2727], [0, 11548]], "cm_roc_opt": [[2727, 0], [11548, 0]], "cm_pr_opt": [[2727, 0], [11548, 0]], "roc_opt_t": 1.808916182639062, "pr_opt_t": 0.8089161826390621, "J_best_i": 0, "fpr_curve": [0.0, 1.0], "tpr_curve": [0.0, 1.0], "fscore_best_i": 0, "precision_curve": [0.8089667250437829, 1.0], "recall_curve": [1.0, 0.0]}}