{"time": "2022-06-19T20:12:26.785513", "features": ["month"], "seed": 888, "split_id": 1, "metrics_test": {"acc": 0.8090960134755755, "auc": 0.5271033187737274, "pr_auc": 0.8359740093236244, "nll": 0.48649545961488094, "mse": 0.15423792551465393, "rmse": 0.3927313655855029, "f1": 0.8944754810676597, "gmean": 0.38739186601164183, "cm": [[0, 680], [0, 2882]], "cm_roc_opt": [[646, 34], [2596, 286]], "cm_pr_opt": [[99, 581], [407, 2475]], "roc_opt_t": 0.8668848338322465, "pr_opt_t": 0.7623526518632767, "J_best_i": 3, "fpr_curve": [0.0, 0.026470588235294117, 0.05, 0.09705882352941177, 0.2485294117647059, 0.6029411764705882, 0.6235294117647059, 0.8529411764705882, 0.8544117647058823, 1.0], "tpr_curve": [0.0, 0.041637751561415685, 0.09923664122137404, 0.16620402498265094, 0.3039555863983345, 0.6200555170020818, 0.6256072172102707, 0.8556557945870923, 0.8587786259541985, 1.0], "fscore_best_i": 0, "precision_curve": [0.8090960134755755, 0.8098821989528796, 0.8095863427445831, 0.8096093399191738, 0.8133818843878016, 0.8382775119617225, 0.8788990825688073, 0.89375, 0.8695652173913043, 1.0], "recall_curve": [1.0, 0.8587786259541985, 0.8556557945870923, 0.6256072172102707, 0.6200555170020818, 0.3039555863983345, 0.16620402498265094, 0.09923664122137404, 0.041637751561415685, 0.0]}, "metrics_train": {"acc": 0.8089667250437829, "auc": 0.5728669507061548, "pr_auc": 0.854473681998729, "nll": 0.4811995711092266, "mse": 0.15267809460590154, "rmse": 0.3907404440365772, "f1": 0.8943964682647253, "gmean": 0.4950265159153472, "cm": [[0, 2727], [0, 11548]], "cm_roc_opt": [[2384, 343], [8929, 2619]], "cm_pr_opt": [[409, 2318], [1311, 10237]], "roc_opt_t": 0.8403150535547278, "pr_opt_t": 0.7623526518632767, "J_best_i": 4, "fpr_curve": [0.0, 0.020535386872020535, 0.06674000733406674, 0.12577924459112577, 0.18518518518518517, 0.18775210854418775, 0.5016501650165016, 0.521085441877521, 0.8478181151448478, 0.85001833516685, 1.0], "tpr_curve": [0.0, 0.046588153792864566, 0.135694492552823, 0.2267925181849671, 0.30074471770003464, 0.30316937997921717, 0.5965535157603048, 0.6127467959819882, 0.8848285417388292, 0.8864738482854174, 1.0], "fscore_best_i": 0, "precision_curve": [0.8089667250437829, 0.8153723616089208, 0.8154828411811652, 0.8327645051194539, 0.8343223931209882, 0.8724146523797658, 0.8730517848164907, 0.8841998649561107, 0.8959405374499714, 0.9057239057239057, 1.0], "recall_curve": [1.0, 0.8864738482854174, 0.8848285417388292, 0.6127467959819882, 0.5965535157603048, 0.30316937997921717, 0.30074471770003464, 0.2267925181849671, 0.135694492552823, 0.046588153792864566, 0.0]}}