{"time": "2022-06-19T20:13:03.298917", "features": ["icA", "icW"], "seed": 888, "split_id": 2, "metrics_test": {"acc": 0.7966883821932682, "auc": 0.6837150271912805, "pr_auc": 0.8647379144909376, "nll": 0.4575265170969788, "mse": 0.14741159974852897, "rmse": 0.3839421828199253, "f1": 0.8868409125245506, "gmean": 0.6057130308925593, "cm": [[0, 749], [0, 2935]], "cm_roc_opt": [[733, 16], [2896, 39]], "cm_pr_opt": [[168, 581], [340, 2595]], "roc_opt_t": 0.9803617459462545, "pr_opt_t": 0.7055848821753906, "J_best_i": 10, "fpr_curve": [0.0, 0.0013351134846461949, 0.0053404539385847796, 0.0053404539385847796, 0.009345794392523364, 0.01335113484646195, 0.01602136181575434, 0.018691588785046728, 0.020026702269692925, 0.021361815754339118, 0.03337783711615487, 0.03471295060080107, 0.036048064085447265, 0.036048064085447265, 0.7757009345794392, 0.9853137516688919, 0.9919893190921228, 0.9959946595460614, 0.9986648865153538, 1.0], "tpr_curve": [0.0, 0.0010221465076660989, 0.002385008517887564, 0.003747870528109029, 0.0068143100511073255, 0.007155025553662692, 0.007495741056218058, 0.011584327086882453, 0.012947189097103918, 0.013287904599659284, 0.37955706984667803, 0.3805792163543441, 0.38126064735945486, 0.38194207836456556, 0.8841567291311755, 0.9982964224872232, 0.9989778534923339, 0.9996592844974447, 0.9996592844974447, 1.0], "fscore_best_i": 4, "precision_curve": [0.7966883821932682, 0.7968495382944052, 0.7972826086956522, 0.7978231292517007, 0.7988004362050164, 0.8170654911838791, 0.9764808362369338, 0.9764397905759162, 0.9772528433945756, 0.9780509218612818, 0.7090909090909091, 0.7169811320754716, 0.7083333333333334, 0.6470588235294118, 0.6774193548387096, 0.7407407407407407, 0.7333333333333333, 0.6363636363636364, 0.75, 1.0], "recall_curve": [1.0, 0.9996592844974447, 0.9996592844974447, 0.9989778534923339, 0.9982964224872232, 0.8841567291311755, 0.38194207836456556, 0.38126064735945486, 0.3805792163543441, 0.37955706984667803, 0.013287904599659284, 0.012947189097103918, 0.011584327086882453, 0.007495741056218058, 0.007155025553662692, 0.0068143100511073255, 0.003747870528109029, 0.002385008517887564, 0.0010221465076660989, 0.0]}, "metrics_train": {"acc": 0.8121952942838974, "auc": 0.6791023086885357, "pr_auc": 0.9000969947215168, "nll": 0.427607322882233, "mse": 0.13969767910847178, "rmse": 0.37376152705765714, "f1": 0.8963661883967561, "gmean": 0.5957185869102469, "cm": [[0, 2658], [0, 11495]], "cm_roc_opt": [[2647, 11], [11434, 61]], "cm_pr_opt": [[554, 2104], [1328, 10167]], "roc_opt_t": 0.9803617459462545, "pr_opt_t": 0.7055848821753906, "J_best_i": 4, "fpr_curve": [0.0, 0.0, 0.0030097817908201654, 0.004138449962377728, 0.024078254326561323, 0.02633559066967645, 0.02633559066967645, 0.7915726109857035, 0.9958615500376222, 0.999247554552295, 1.0], "tpr_curve": [0.0, 0.001652892561983471, 0.004784688995215311, 0.005306655067420617, 0.36363636363636365, 0.3644193127446716, 0.36485428447150936, 0.8844715093518921, 0.9994780339277947, 0.9995650282731623, 1.0], "fscore_best_i": 2, "precision_curve": [0.8121952942838974, 0.8122437438145058, 0.8127475947934352, 0.8285388313910846, 0.9835834896810507, 0.9835642169523362, 0.9849198868991518, 0.8472222222222222, 0.873015873015873, 1.0, 1.0], "recall_curve": [1.0, 0.9995650282731623, 0.9994780339277947, 0.8844715093518921, 0.36485428447150936, 0.3644193127446716, 0.36363636363636365, 0.005306655067420617, 0.004784688995215311, 0.001652892561983471, 0.0]}}