{"time": "2022-06-19T20:15:17.069667", "features": ["part_of_day"], "seed": 888, "split_id": 4, "metrics_test": {"acc": 0.8059918557300756, "auc": 0.5095238378645395, "pr_auc": 0.8174646040722697, "nll": 0.49204986805731993, "mse": 0.15638993732961223, "rmse": 0.3954616761831824, "f1": 0.8925752939281688, "gmean": 0.469175054219527, "cm": [[0, 667], [0, 2771]], "cm_roc_opt": [[650, 17], [2685, 86]], "cm_pr_opt": [[73, 594], [280, 2491]], "roc_opt_t": 0.8245641983477512, "pr_opt_t": 0.7973193865875726, "J_best_i": 2, "fpr_curve": [0.0, 0.025487256371814093, 0.26686656671664166, 0.41679160419790107, 0.6866566716641679, 0.8905547226386806, 1.0], "tpr_curve": [0.0, 0.031035727174305305, 0.3002526163839769, 0.4243955250811981, 0.683868639480332, 0.8989534464092386, 1.0], "fscore_best_i": 0, "precision_curve": [0.8059918557300756, 0.8074554294975689, 0.8053548661283468, 0.8088033012379643, 0.8237623762376237, 0.8349514563106796, 1.0], "recall_curve": [1.0, 0.8989534464092386, 0.683868639480332, 0.4243955250811981, 0.3002526163839769, 0.031035727174305305, 0.0]}, "metrics_train": {"acc": 0.8097090075699701, "auc": 0.5214498620469885, "pr_auc": 0.8264427879027276, "nll": 0.4861111001410457, "mse": 0.15391871911243776, "rmse": 0.3923247622983257, "f1": 0.8948499501112901, "gmean": 0.506166726681954, "cm": [[0, 2740], [0, 11659]], "cm_roc_opt": [[2114, 626], [8645, 3014]], "cm_pr_opt": [[188, 2552], [740, 10919]], "roc_opt_t": 0.81711776274765, "pr_opt_t": 0.7973193865875726, "J_best_i": 3, "fpr_curve": [0.0, 0.03905109489051095, 0.22846715328467154, 0.3686131386861314, 0.6131386861313869, 0.9313868613138686, 1.0], "tpr_curve": [0.0, 0.04914658203962604, 0.25851273694141863, 0.40578094176172913, 0.6387340252165709, 0.9365297195299769, 1.0], "fscore_best_i": 0, "precision_curve": [0.8097090075699701, 0.8105560092049588, 0.8159307549030349, 0.8240724612436857, 0.828021978021978, 0.8426470588235294, 1.0], "recall_curve": [1.0, 0.9365297195299769, 0.6387340252165709, 0.40578094176172913, 0.25851273694141863, 0.04914658203962604, 0.0]}}