{"time": "2022-06-19T20:11:40.892473", "features": ["day"], "seed": 888, "split_id": 0, "metrics_test": {"acc": 0.8089033659066233, "auc": 0.5102661207291032, "pr_auc": 0.8269596389879136, "nll": 0.4874444978402454, "mse": 0.15447046513169893, "rmse": 0.39302730837907296, "f1": 0.8943577430972389, "gmean": 0.5193526338897771, "cm": [[0, 704], [0, 2980]], "cm_roc_opt": [[439, 265], [1849, 1131]], "cm_pr_opt": [[236, 468], [970, 2010]], "roc_opt_t": 0.8090536930158573, "pr_opt_t": 0.801415964663502, "J_best_i": 4, "fpr_curve": [0.0, 0.09943181818181818, 0.23295454545454544, 0.37642045454545453, 0.4630681818181818, 0.5980113636363636, 0.6647727272727273, 1.0], "tpr_curve": [0.0, 0.12483221476510067, 0.23590604026845638, 0.3795302013422819, 0.5023489932885906, 0.6003355704697987, 0.674496644295302, 1.0], "fscore_best_i": 0, "precision_curve": [0.8089033659066233, 0.8111380145278451, 0.8095022624434389, 0.8211738891936369, 0.8101719197707736, 0.8108419838523645, 0.8416289592760181, 1.0], "recall_curve": [1.0, 0.674496644295302, 0.6003355704697987, 0.5023489932885906, 0.3795302013422819, 0.23590604026845638, 0.12483221476510067, 0.0]}, "metrics_train": {"acc": 0.80901575637674, "auc": 0.5136462962873211, "pr_auc": 0.8271173804511245, "nll": 0.48739787700862564, "mse": 0.15443380441480453, "rmse": 0.3929806667188661, "f1": 0.8944264344022185, "gmean": 0.5093276831651469, "cm": [[0, 2703], [0, 11450]], "cm_roc_opt": [[1705, 998], [7005, 4445]], "cm_pr_opt": [[857, 1846], [3459, 7991]], "roc_opt_t": 0.8090536930158573, "pr_opt_t": 0.801415964663502, "J_best_i": 4, "fpr_curve": [0.0, 0.09951905290418055, 0.25527192008879024, 0.3692193858675546, 0.47539770625231226, 0.5767665556788754, 0.682944876063633, 1.0], "tpr_curve": [0.0, 0.11554585152838429, 0.2737117903930131, 0.38820960698689955, 0.4944978165938865, 0.5948471615720524, 0.6979039301310044, 1.0], "fscore_best_i": 0, "precision_curve": [0.80901575637674, 0.8123411609230456, 0.8137395459976106, 0.8150280696703613, 0.8166452324085982, 0.819560669456067, 0.8310301507537688, 1.0], "recall_curve": [1.0, 0.6979039301310044, 0.5948471615720524, 0.4944978165938865, 0.38820960698689955, 0.2737117903930131, 0.11554585152838429, 0.0]}}