{"time": "2022-06-19T20:12:41.742077", "features": ["part_of_day"], "seed": 888, "split_id": 1, "metrics_test": {"acc": 0.8090960134755755, "auc": 0.5165844287055559, "pr_auc": 0.8240108215850916, "nll": 0.48731859685599904, "mse": 0.15439572557304596, "rmse": 0.3929322149850352, "f1": 0.8944754810676597, "gmean": 0.5047757390770954, "cm": [[0, 680], [0, 2882]], "cm_roc_opt": [[535, 145], [2220, 662]], "cm_pr_opt": [[58, 622], [212, 2670]], "roc_opt_t": 0.8070615353684124, "pr_opt_t": 0.7990988001377448, "J_best_i": 3, "fpr_curve": [0.0, 0.03529411764705882, 0.21323529411764705, 0.3941176470588235, 0.6235294117647059, 0.9147058823529411, 1.0], "tpr_curve": [0.0, 0.04753643303261624, 0.22970159611380986, 0.4205412907702984, 0.6415683553088133, 0.926439972241499, 1.0], "fscore_best_i": 0, "precision_curve": [0.8090960134755755, 0.8110571081409478, 0.8134623845138583, 0.8189189189189189, 0.8203221809169765, 0.8509316770186336, 1.0], "recall_curve": [1.0, 0.926439972241499, 0.6415683553088133, 0.4205412907702984, 0.22970159611380986, 0.04753643303261624, 0.0]}, "metrics_train": {"acc": 0.8089667250437829, "auc": 0.5195044227318472, "pr_auc": 0.8247368183994117, "nll": 0.487217348172116, "mse": 0.15438787529720543, "rmse": 0.3929222255067858, "f1": 0.8943964682647253, "gmean": 0.4572627671438504, "cm": [[0, 2727], [0, 11548]], "cm_roc_opt": [[2627, 100], [11026, 522]], "cm_pr_opt": [[203, 2524], [808, 10740]], "roc_opt_t": 0.8263616379544529, "pr_opt_t": 0.7990988001377448, "J_best_i": 2, "fpr_curve": [0.0, 0.03667033370003667, 0.24165749908324166, 0.37403740374037403, 0.6285295196186286, 0.9255592225889255, 1.0], "tpr_curve": [0.0, 0.04520263249047454, 0.27571873917561485, 0.40656390717007274, 0.6488569449255283, 0.9300311742293038, 1.0], "fscore_best_i": 0, "precision_curve": [0.8089667250437829, 0.8097104945717732, 0.8138372977082654, 0.821522309711286, 0.828519385896435, 0.8392282958199357, 1.0], "recall_curve": [1.0, 0.9300311742293038, 0.6488569449255283, 0.40656390717007274, 0.27571873917561485, 0.04520263249047454, 0.0]}}