{"time": "2022-06-19T20:13:12.588451", "features": ["icA_TW", "icW_TW"], "seed": 888, "split_id": 2, "metrics_test": {"acc": 0.8004885993485342, "auc": 0.6914184272954514, "pr_auc": 0.9091292735013632, "nll": 0.43582489456157386, "mse": 0.14532069783551563, "rmse": 0.3812095196024302, "f1": 0.8883148457681205, "gmean": 0.6042407727304494, "cm": [[26, 723], [12, 2923]], "cm_roc_opt": [[735, 14], [1846, 1089]], "cm_pr_opt": [[27, 722], [15, 2920]], "roc_opt_t": 0.9281969768392669, "pr_opt_t": 0.626002137091332, "J_best_i": 12, "fpr_curve": [0.0, 0.0013351134846461949, 0.0013351134846461949, 0.0013351134846461949, 0.009345794392523364, 0.009345794392523364, 0.010680907877169559, 0.010680907877169559, 0.01335113484646195, 0.017356475300400534, 0.018691588785046728, 0.018691588785046728, 0.018691588785046728, 0.020026702269692925, 0.022696929238985315, 0.0267022696929239, 0.0267022696929239, 0.029372496662216287, 0.029372496662216287, 0.03337783711615487, 0.03471295060080107, 0.774365821094793, 0.9399198931909212, 0.9412550066755674, 0.9492656875834445, 0.9639519359145527, 0.965287049399199, 0.9853137516688919, 0.9853137516688919, 0.986648865153538, 0.9893190921228304, 0.9959946595460614, 0.9973297730307076, 1.0], "tpr_curve": [0.0, 0.0010221465076660989, 0.0030664395229982964, 0.0034071550255536627, 0.3192504258943782, 0.3202725724020443, 0.32061328790459964, 0.3212947189097104, 0.35195911413969333, 0.35298126064735946, 0.36899488926746166, 0.37103918228279387, 0.37206132879045994, 0.37206132879045994, 0.3724020442930153, 0.3737649063032368, 0.37410562180579215, 0.3781942078364566, 0.3798977853492334, 0.38023850085178873, 0.38023850085178873, 0.8824531516183987, 0.9805792163543441, 0.9816013628620103, 0.9850085178875639, 0.9948892674616695, 0.9959114139693356, 0.9976149914821124, 0.9982964224872232, 0.9986371379897785, 0.9989778534923339, 0.9996592844974447, 1.0, 1.0], "fscore_best_i": 6, "precision_curve": [0.7971211298207496, 0.7972826086956522, 0.7982575551320447, 0.7986376021798365, 0.7988004362050164, 0.7986906710310966, 0.8017004936917169, 0.8017572762218561, 0.8026096612992781, 0.8034021193530396, 0.803461753210497, 0.8170347003154574, 0.9772329246935202, 0.9780893952673094, 0.980650835532102, 0.980565371024735, 0.9821109123434705, 0.982094897045658, 0.9846846846846847, 0.986449864498645, 0.9873417721518988, 0.9873073436083409, 0.9872379216043756, 0.9876072449952336, 0.9904122722914669, 0.9915878023133544, 0.9915700737618546, 0.9926082365364308, 0.9925847457627118, 0.9090909090909091, 0.9, 0.75, 1.0], "recall_curve": [1.0, 0.9996592844974447, 0.9989778534923339, 0.9986371379897785, 0.9982964224872232, 0.9976149914821124, 0.9959114139693356, 0.9948892674616695, 0.9850085178875639, 0.9816013628620103, 0.9805792163543441, 0.8824531516183987, 0.38023850085178873, 0.38023850085178873, 0.3798977853492334, 0.3781942078364566, 0.37410562180579215, 0.3737649063032368, 0.3724020442930153, 0.37206132879045994, 0.37206132879045994, 0.37103918228279387, 0.36899488926746166, 0.35298126064735946, 0.35195911413969333, 0.3212947189097104, 0.32061328790459964, 0.3202725724020443, 0.3192504258943782, 0.0034071550255536627, 0.0030664395229982964, 0.0010221465076660989, 0.0]}, "metrics_train": {"acc": 0.8133964530488236, "auc": 0.6824482689663547, "pr_auc": 0.9287873683673634, "nll": 0.42259271312301677, "mse": 0.1389779902406879, "rmse": 0.3727975190913801, "f1": 0.896912447792654, "gmean": 0.5958886593179159, "cm": [[23, 2635], [6, 11489]], "cm_roc_opt": [[2593, 65], [7314, 4181]], "cm_pr_opt": [[30, 2628], [17, 11478]], "roc_opt_t": 0.7799408676376988, "pr_opt_t": 0.626002137091332, "J_best_i": 14, "fpr_curve": [0.0, 0.0, 0.013544018058690745, 0.013544018058690745, 0.013544018058690745, 0.016930022573363433, 0.01730624529721595, 0.01805869074492099, 0.020316027088036117, 0.020316027088036117, 0.021068472535741158, 0.023325808878856283, 0.023702031602708805, 0.024454477050413845, 0.024454477050413845, 0.789691497366441, 0.9571106094808126, 0.9571106094808126, 0.9589917231000753, 0.9668924003009782, 0.9887133182844243, 0.991346877351392, 0.9920993227990971, 0.9966139954853274, 0.9973664409330324, 0.9973664409330324, 1.0], "tpr_curve": [0.0, 0.0011309264897781644, 0.32570682905611137, 0.32588081774684646, 0.32640278381905174, 0.34867333623314484, 0.34867333623314484, 0.349021313614615, 0.3562418442801218, 0.35798173118747284, 0.35832970856894303, 0.36111352762070464, 0.3612005219660722, 0.36372335798173117, 0.36398434101783383, 0.8836015658982166, 0.9850369725967812, 0.9852109612875163, 0.9859069160504568, 0.9902566333188343, 0.9985210961287516, 0.9994780339277947, 0.9994780339277947, 0.9994780339277947, 0.9998260113092649, 0.9999130056546325, 1.0], "fscore_best_i": 5, "precision_curve": [0.8121952942838974, 0.8125839519264758, 0.8125707013574661, 0.8126326213042864, 0.813322950587569, 0.8134381195128859, 0.8136962994470438, 0.8158102200243675, 0.8163809249387697, 0.8165693272766602, 0.8165428715655874, 0.8287369451697127, 0.9847022828900918, 0.98469147432878, 0.9850533807829182, 0.9852836458580584, 0.9865868263473054, 0.9870472535380187, 0.9869848156182213, 0.9881773399014778, 0.9886531820424272, 0.9888971132494448, 0.9904963041182682, 0.9904812268640931, 0.9904761904761905, 1.0, 1.0], "recall_curve": [1.0, 0.9999130056546325, 0.9998260113092649, 0.9994780339277947, 0.9994780339277947, 0.9994780339277947, 0.9985210961287516, 0.9902566333188343, 0.9859069160504568, 0.9852109612875163, 0.9850369725967812, 0.8836015658982166, 0.36398434101783383, 0.36372335798173117, 0.3612005219660722, 0.36111352762070464, 0.35832970856894303, 0.35798173118747284, 0.3562418442801218, 0.349021313614615, 0.34867333623314484, 0.34867333623314484, 0.32640278381905174, 0.32588081774684646, 0.32570682905611137, 0.0011309264897781644, 0.0]}}