{"time": "2022-06-19T20:12:36.070515", "features": ["hour"], "seed": 888, "split_id": 1, "metrics_test": {"acc": 0.8090960134755755, "auc": 0.5209278176919623, "pr_auc": 0.8193679081820968, "nll": 0.4890725809495608, "mse": 0.15471198624972338, "rmse": 0.3933344457960978, "f1": 0.8944754810676597, "gmean": 0.4768340365922632, "cm": [[0, 680], [0, 2882]], "cm_roc_opt": [[556, 124], [2262, 620]], "cm_pr_opt": [[16, 664], [45, 2837]], "roc_opt_t": 0.8239151480638088, "pr_opt_t": 0.7372246375515519, "J_best_i": 10, "fpr_curve": [0.0, 0.022058823529411766, 0.025, 0.026470588235294117, 0.04264705882352941, 0.057352941176470586, 0.075, 0.125, 0.13088235294117648, 0.18235294117647058, 0.2485294117647059, 0.3073529411764706, 0.3264705882352941, 0.33676470588235297, 0.39705882352941174, 0.4852941176470588, 0.5338235294117647, 0.5720588235294117, 0.6338235294117647, 0.725, 0.7764705882352941, 0.8485294117647059, 0.9176470588235294, 0.9764705882352941, 1.0], "tpr_curve": [0.0, 0.007286606523247745, 0.018043025676613464, 0.02498265093684941, 0.04614850798056905, 0.06835530881332408, 0.09750173490631506, 0.16446911866759195, 0.16551006245662733, 0.21512838306731435, 0.3025676613462873, 0.339000693962526, 0.3657182512144344, 0.3802914642609299, 0.4358084663428175, 0.5197779319916724, 0.5575988896599584, 0.6013185287994448, 0.6436502428868841, 0.7147814018043026, 0.7758501040943789, 0.8598195697432338, 0.926439972241499, 0.9843858431644691, 1.0], "fscore_best_i": 0, "precision_curve": [0.8090960134755755, 0.81033990288489, 0.8105646630236795, 0.8111292962356792, 0.808972503617945, 0.8068938503721113, 0.8114610673665792, 0.8166823751178134, 0.8157360406091371, 0.8194748358862144, 0.8230668414154653, 0.8271698113207547, 0.8260188087774295, 0.8237774030354131, 0.8376560999039385, 0.8333333333333334, 0.842756183745583, 0.8479427549194991, 0.8463855421686747, 0.8347457627118644, 0.8209876543209876, 0.8, 0.7536231884057971, 0.5833333333333334, 1.0], "recall_curve": [1.0, 0.9843858431644691, 0.926439972241499, 0.8598195697432338, 0.7758501040943789, 0.7147814018043026, 0.6436502428868841, 0.6013185287994448, 0.5575988896599584, 0.5197779319916724, 0.4358084663428175, 0.3802914642609299, 0.3657182512144344, 0.339000693962526, 0.3025676613462873, 0.21512838306731435, 0.16551006245662733, 0.16446911866759195, 0.09750173490631506, 0.06835530881332408, 0.04614850798056905, 0.02498265093684941, 0.018043025676613464, 0.007286606523247745, 0.0]}, "metrics_train": {"acc": 0.8089667250437829, "auc": 0.5406233658234776, "pr_auc": 0.8318193000337927, "nll": 0.4857734777743808, "mse": 0.1539598402921931, "rmse": 0.3923771658649278, "f1": 0.8943964682647253, "gmean": 0.5260511467461193, "cm": [[0, 2727], [0, 11548]], "cm_roc_opt": [[1483, 1244], [5614, 5934]], "cm_pr_opt": [[84, 2643], [234, 11314]], "roc_opt_t": 0.8101616272558455, "pr_opt_t": 0.7372246375515519, "J_best_i": 16, "fpr_curve": [0.0, 0.0018335166850018336, 0.005133846718005134, 0.011001100110011002, 0.020535386872020535, 0.030436376971030438, 0.06233956729006234, 0.12357902456912358, 0.1331133113311331, 0.19508617528419508, 0.26182618261826185, 0.3116978364503117, 0.3351668500183352, 0.34946828016134945, 0.4085075174184085, 0.4561789512284562, 0.5276861019435277, 0.5636230289695636, 0.6373303997066373, 0.7106710671067107, 0.7649431609827649, 0.8481848184818482, 0.9178584525119179, 0.9691969196919692, 1.0], "tpr_curve": [0.0, 0.006061655697956356, 0.011863526151714583, 0.021388985105645998, 0.03507100796674749, 0.04892622099064773, 0.08798060270176654, 0.15812261863526153, 0.16903359889158295, 0.23787668860408728, 0.31165569795635606, 0.3641323172843782, 0.3886387253204018, 0.4034464842396952, 0.464582611707655, 0.5138552130239002, 0.5859023207481815, 0.6200207828195359, 0.6880845167994458, 0.7554554901281607, 0.8046414963630066, 0.8766020090058885, 0.936525805334257, 0.9797367509525459, 1.0], "fscore_best_i": 0, "precision_curve": [0.8089667250437829, 0.8106326574478756, 0.8120588676978525, 0.8140077195239627, 0.8166637370363861, 0.8182329769274057, 0.8205287071458075, 0.8232723927791192, 0.8246191346739793, 0.8266926720534968, 0.8280598857848434, 0.8301853171774768, 0.8308034061458719, 0.8318496538081108, 0.8344539763505681, 0.8377554132357427, 0.8431965442764578, 0.8441978733240869, 0.8566610455311973, 0.8719135802469136, 0.8785249457700651, 0.8916967509025271, 0.9072847682119205, 0.9333333333333333, 1.0], "recall_curve": [1.0, 0.9797367509525459, 0.936525805334257, 0.8766020090058885, 0.8046414963630066, 0.7554554901281607, 0.6880845167994458, 0.6200207828195359, 0.5859023207481815, 0.5138552130239002, 0.464582611707655, 0.4034464842396952, 0.3886387253204018, 0.3641323172843782, 0.31165569795635606, 0.23787668860408728, 0.16903359889158295, 0.15812261863526153, 0.08798060270176654, 0.04892622099064773, 0.03507100796674749, 0.021388985105645998, 0.011863526151714583, 0.006061655697956356, 0.0]}}