{"time": "2022-06-19T20:11:19.580660", "features": ["icA", "icW"], "seed": 888, "split_id": 0, "metrics_test": {"acc": 0.8089033659066233, "auc": 0.6913449988560098, "pr_auc": 0.9176406235004976, "nll": 0.424010850702146, "mse": 0.13986694920880743, "rmse": 0.3739878998160334, "f1": 0.8943577430972389, "gmean": 0.6145558101647071, "cm": [[0, 704], [0, 2980]], "cm_roc_opt": [[703, 1], [2966, 14]], "cm_pr_opt": [[0, 704], [1, 2979]], "roc_opt_t": 0.9735068325607988, "pr_opt_t": 0.6320545372068314, "J_best_i": 4, "fpr_curve": [0.0, 0.0, 0.0, 0.0014204545454545455, 0.017045454545454544, 0.019886363636363636, 0.019886363636363636, 0.7826704545454546, 0.9985795454545454, 1.0, 1.0], "tpr_curve": [0.0, 0.0020134228187919465, 0.004697986577181208, 0.004697986577181208, 0.38422818791946306, 0.38523489932885907, 0.3859060402684564, 0.8802013422818792, 0.9993288590604027, 0.9996644295302013, 1.0], "fscore_best_i": 0, "precision_curve": [0.8089033659066233, 0.8088514797719251, 0.8090192882368922, 0.8264020163831128, 0.9879725085910653, 0.9879518072289156, 0.989628349178911, 0.9333333333333333, 1.0, 1.0, 1.0], "recall_curve": [1.0, 0.9996644295302013, 0.9993288590604027, 0.8802013422818792, 0.3859060402684564, 0.38523489932885907, 0.38422818791946306, 0.004697986577181208, 0.004697986577181208, 0.0020134228187919465, 0.0]}, "metrics_train": {"acc": 0.80901575637674, "auc": 0.6771077098549729, "pr_auc": 0.8824894291870914, "nll": 0.43631865187083796, "mse": 0.14169286947225357, "rmse": 0.37642113313714676, "f1": 0.8944264344022185, "gmean": 0.5933259074170892, "cm": [[0, 2703], [0, 11450]], "cm_roc_opt": [[2677, 26], [11364, 86]], "cm_pr_opt": [[569, 2134], [1311, 10139]], "roc_opt_t": 0.9735068325607988, "pr_opt_t": 0.6935049248716126, "J_best_i": 10, "fpr_curve": [0.0, 0.0003699593044765076, 0.0014798372179060304, 0.0014798372179060304, 0.002589715131335553, 0.003699593044765076, 0.004439511653718091, 0.008139104698483167, 0.00924898261191269, 0.009618941916389198, 0.028486866444691086, 0.030336662967073623, 0.03070662227155013, 0.03070662227155013, 0.7894931557528672, 0.9922308546059934, 0.997040325564188, 0.9988901220865705, 0.9996300406955235, 1.0], "tpr_curve": [0.0, 0.00026200873362445414, 0.000611353711790393, 0.0009606986899563319, 0.002882096069868996, 0.0029694323144104804, 0.003056768558951965, 0.006550218340611353, 0.007423580786026201, 0.007510917030567685, 0.3623580786026201, 0.36314410480349346, 0.36358078602620086, 0.36375545851528385, 0.8855021834061135, 0.9992139737991267, 0.9993886462882096, 0.9999126637554585, 0.9999126637554585, 1.0], "fscore_best_i": 4, "precision_curve": [0.80901575637674, 0.8090594304289449, 0.809173793200933, 0.8093789786391286, 0.8100970048856475, 0.8261223824655748, 0.9804613935969868, 0.9804521902967499, 0.9806603773584905, 0.981779460482726, 0.7678571428571429, 0.7727272727272727, 0.7731958762886598, 0.7446808510638298, 0.7727272727272727, 0.825, 0.7333333333333333, 0.6363636363636364, 0.75, 1.0], "recall_curve": [1.0, 0.9999126637554585, 0.9999126637554585, 0.9993886462882096, 0.9992139737991267, 0.8855021834061135, 0.36375545851528385, 0.36358078602620086, 0.36314410480349346, 0.3623580786026201, 0.007510917030567685, 0.007423580786026201, 0.006550218340611353, 0.003056768558951965, 0.0029694323144104804, 0.002882096069868996, 0.0009606986899563319, 0.000611353711790393, 0.00026200873362445414, 0.0]}}