{"time": "2022-06-19T20:14:09.934274", "features": ["month"], "seed": 888, "split_id": 3, "metrics_test": {"acc": 0.8250216200634188, "auc": 0.561345218893943, "pr_auc": 0.8667884146280278, "nll": 0.4586235907529844, "mse": 0.14313330683505693, "rmse": 0.37832962722347946, "f1": 0.9041225714737008, "gmean": 0.5054499854838156, "cm": [[0, 607], [0, 2862]], "cm_roc_opt": [[537, 70], [2210, 652]], "cm_pr_opt": [[15, 592], [70, 2792]], "roc_opt_t": 0.8229014793417628, "pr_opt_t": 0.7212404677849721, "J_best_i": 4, "fpr_curve": [0.0, 0.018121911037891267, 0.051070840197693576, 0.11532125205930807, 0.2026359143327842, 0.4925864909390445, 0.6589785831960461, 0.9752883031301482, 1.0], "tpr_curve": [0.0, 0.043675751222921035, 0.13591893780573025, 0.2278127183787561, 0.3204053109713487, 0.5786163522012578, 0.6844863731656184, 0.9755415793151643, 1.0], "fscore_best_i": 0, "precision_curve": [0.8250216200634188, 0.8250591016548463, 0.8304366256888512, 0.8470588235294118, 0.8817307692307692, 0.9030470914127424, 0.9261904761904762, 0.9191176470588235, 1.0], "recall_curve": [1.0, 0.9755415793151643, 0.6844863731656184, 0.5786163522012578, 0.3204053109713487, 0.2278127183787561, 0.13591893780573025, 0.043675751222921035, 0.0]}, "metrics_train": {"acc": 0.8051224944320713, "auc": 0.5626350400118554, "pr_auc": 0.8464356153268249, "nll": 0.48792461070469895, "mse": 0.15535693703897882, "rmse": 0.3941534435203869, "f1": 0.8920419494139421, "gmean": 0.4881577759561323, "cm": [[0, 2800], [0, 11568]], "cm_roc_opt": [[2461, 339], [9122, 2446]], "cm_pr_opt": [[52, 2748], [133, 11435]], "roc_opt_t": 0.8229014793417628, "pr_opt_t": 0.7212404677849721, "J_best_i": 4, "fpr_curve": [0.0, 0.0225, 0.06607142857142857, 0.12107142857142857, 0.19678571428571429, 0.2017857142857143, 0.5307142857142857, 0.6760714285714285, 0.9814285714285714, 1.0], "tpr_curve": [0.0, 0.04607538035961273, 0.12655601659751037, 0.21144536652835408, 0.2966804979253112, 0.301521438450899, 0.6092669432918395, 0.7315871369294605, 0.988502766251729, 1.0], "fscore_best_i": 0, "precision_curve": [0.8051224944320713, 0.8062469153211591, 0.81720741599073, 0.8258729786735411, 0.8605970885763632, 0.8616620637710268, 0.8782764811490126, 0.8878107944208611, 0.8942953020134228, 1.0], "recall_curve": [1.0, 0.988502766251729, 0.7315871369294605, 0.6092669432918395, 0.301521438450899, 0.2966804979253112, 0.21144536652835408, 0.12655601659751037, 0.04607538035961273, 0.0]}}