{"time": "2022-06-19T20:14:15.907869", "features": ["day"], "seed": 888, "split_id": 3, "metrics_test": {"acc": 0.8250216200634188, "auc": 0.49652004278065015, "pr_auc": 0.8369497825583152, "nll": 0.46564105863042904, "mse": 0.1449782220946953, "rmse": 0.3807600584287896, "f1": 0.9041225714737008, "gmean": 0.44258631953094735, "cm": [[0, 607], [0, 2862]], "cm_roc_opt": [[531, 76], [2489, 373]], "cm_pr_opt": [[43, 564], [269, 2593]], "roc_opt_t": 0.815031322121425, "pr_opt_t": 0.7823457372671627, "J_best_i": 2, "fpr_curve": [0.0, 0.12520593080724876, 0.24546952224052718, 0.44810543657331137, 0.514003294892916, 0.6144975288303131, 0.929159802306425, 1.0], "tpr_curve": [0.0, 0.13032844164919635, 0.25960866526904264, 0.4304682040531097, 0.5024458420684835, 0.6212438853948288, 0.906009783368274, 1.0], "fscore_best_i": 0, "precision_curve": [0.8250216200634188, 0.8213493823249921, 0.8265922826592282, 0.8217142857142857, 0.8191489361702128, 0.8329596412556054, 0.8307349665924276, 1.0], "recall_curve": [1.0, 0.906009783368274, 0.6212438853948288, 0.5024458420684835, 0.4304682040531097, 0.25960866526904264, 0.13032844164919635, 0.0]}, "metrics_train": {"acc": 0.8051224944320713, "auc": 0.5209242707715867, "pr_auc": 0.8265823799537702, "nll": 0.4926735576001477, "mse": 0.15673158831630354, "rmse": 0.3958934052447749, "f1": 0.8920419494139421, "gmean": 0.4917178614266507, "cm": [[0, 2800], [0, 11568]], "cm_roc_opt": [[2262, 538], [9033, 2535]], "cm_pr_opt": [[326, 2474], [1172, 10396]], "roc_opt_t": 0.8082517188467616, "pr_opt_t": 0.7823457372671627, "J_best_i": 3, "fpr_curve": [0.0, 0.09392857142857143, 0.19214285714285714, 0.33214285714285713, 0.43714285714285717, 0.5614285714285714, 0.8835714285714286, 1.0], "tpr_curve": [0.0, 0.11428077455048409, 0.2191390041493776, 0.3620331950207469, 0.46533540802213, 0.5862724757952974, 0.898686030428769, 1.0], "fscore_best_i": 0, "precision_curve": [0.8051224944320713, 0.8077700077700077, 0.8118266698587503, 0.8147419403662782, 0.8182883939038686, 0.8249267816465994, 0.8340694006309148, 1.0], "recall_curve": [1.0, 0.898686030428769, 0.5862724757952974, 0.46533540802213, 0.3620331950207469, 0.2191390041493776, 0.11428077455048409, 0.0]}}