{"time": "2022-06-19T20:12:33.224683", "features": ["day"], "seed": 888, "split_id": 1, "metrics_test": {"acc": 0.8090960134755755, "auc": 0.5008717904233171, "pr_auc": 0.8241700489903563, "nll": 0.48798972273704616, "mse": 0.15459584629921108, "rmse": 0.3931867829660746, "f1": 0.8944754810676597, "gmean": 0.3564854661526481, "cm": [[0, 680], [0, 2882]], "cm_roc_opt": [[680, 0], [2882, 0]], "cm_pr_opt": [[52, 628], [222, 2660]], "roc_opt_t": 0.8380421306997103, "pr_opt_t": 0.7935761399991954, "J_best_i": 1, "fpr_curve": [0.0, 0.13823529411764707, 0.22205882352941175, 0.325, 0.4632352941176471, 0.5882352941176471, 0.9235294117647059, 1.0], "tpr_curve": [0.0, 0.14746703678001388, 0.22588480222068008, 0.31748785565579457, 0.4618320610687023, 0.5912560721721027, 0.922970159611381, 1.0], "fscore_best_i": 0, "precision_curve": [0.8090960134755755, 0.8090024330900243, 0.8098859315589354, 0.8086269744835966, 0.8054577464788732, 0.8117206982543641, 0.8188824662813102, 1.0], "recall_curve": [1.0, 0.922970159611381, 0.5912560721721027, 0.4618320610687023, 0.31748785565579457, 0.22588480222068008, 0.14746703678001388, 0.0]}, "metrics_train": {"acc": 0.8089667250437829, "auc": 0.5216661401736525, "pr_auc": 0.8303127417964374, "nll": 0.48716917810320665, "mse": 0.15437363311152566, "rmse": 0.3929041016730745, "f1": 0.8943964682647253, "gmean": 0.47992094946646563, "cm": [[0, 2727], [0, 11548]], "cm_roc_opt": [[2191, 536], [8921, 2627]], "cm_pr_opt": [[317, 2410], [1219, 10329]], "roc_opt_t": 0.8114346991968111, "pr_opt_t": 0.7935761399991954, "J_best_i": 3, "fpr_curve": [0.0, 0.08984231756508984, 0.19655298863219656, 0.29336266960029334, 0.40887422075540886, 0.5665566556655666, 0.8837550421708837, 1.0], "tpr_curve": [0.0, 0.10997575337720818, 0.2274852788361621, 0.3259438863872532, 0.44050917907862835, 0.5936958780741254, 0.89444059577416, 1.0], "fscore_best_i": 0, "precision_curve": [0.8089667250437829, 0.8108171756024806, 0.8160933222235448, 0.8202192841019026, 0.8247151621384751, 0.8305406259879861, 0.8382838283828383, 1.0], "recall_curve": [1.0, 0.89444059577416, 0.5936958780741254, 0.44050917907862835, 0.3259438863872532, 0.2274852788361621, 0.10997575337720818, 0.0]}}