{"time": "2022-06-19T20:13:24.730592", "features": ["day"], "seed": 888, "split_id": 2, "metrics_test": {"acc": 0.7966883821932682, "auc": 0.4963781350716344, "pr_auc": 0.8088576941566282, "nll": 0.5057062306381709, "mse": 0.16221246137198542, "rmse": 0.402756081731841, "f1": 0.8868409125245506, "gmean": 0.3567877496652688, "cm": [[0, 749], [0, 2935]], "cm_roc_opt": [[707, 42], [2712, 223]], "cm_pr_opt": [[86, 663], [375, 2560]], "roc_opt_t": 0.8210033418279447, "pr_opt_t": 0.7901943538995995, "J_best_i": 2, "fpr_curve": [0.0, 0.056074766355140186, 0.11882510013351134, 0.23097463284379172, 0.35246995994659547, 0.7169559412550067, 0.8851802403204272, 1.0], "tpr_curve": [0.0, 0.07597955706984667, 0.1444633730834753, 0.23952299829642248, 0.35127768313458263, 0.6947189097103919, 0.8722316865417377, 1.0], "fscore_best_i": 0, "precision_curve": [0.7966883821932682, 0.7942910331988831, 0.7915372670807453, 0.7961389961389962, 0.8025114155251142, 0.8265107212475633, 0.8415094339622642, 1.0], "recall_curve": [1.0, 0.8722316865417377, 0.6947189097103919, 0.35127768313458263, 0.23952299829642248, 0.1444633730834753, 0.07597955706984667, 0.0]}, "metrics_train": {"acc": 0.8121952942838974, "auc": 0.5196396444163409, "pr_auc": 0.832803515603662, "nll": 0.4826167239163769, "mse": 0.15241001194255852, "rmse": 0.390397248892149, "f1": 0.8963661883967561, "gmean": 0.5128919978344757, "cm": [[0, 2658], [0, 11495]], "cm_roc_opt": [[1735, 923], [7181, 4314]], "cm_pr_opt": [[283, 2375], [1066, 10429]], "roc_opt_t": 0.8151583865402882, "pr_opt_t": 0.7901943538995995, "J_best_i": 4, "fpr_curve": [0.0, 0.11173814898419865, 0.22498118886380739, 0.3472535741158766, 0.43867569601203915, 0.7471783295711061, 0.8935289691497367, 1.0], "tpr_curve": [0.0, 0.12805567638103524, 0.24828186167899086, 0.3752936059156155, 0.4686385384949978, 0.7662461939973901, 0.9072640278381905, 1.0], "fscore_best_i": 0, "precision_curve": [0.8121952942838974, 0.8145110902842861, 0.8160088938299055, 0.8220662292079963, 0.823754057666603, 0.8267670915411356, 0.8321085358959864, 1.0], "recall_curve": [1.0, 0.9072640278381905, 0.7662461939973901, 0.4686385384949978, 0.3752936059156155, 0.24828186167899086, 0.12805567638103524, 0.0]}}