{"time": "2022-06-17T22:37:46.118820", "features": ["i"], "seed": 888, "split_id": 4, "metrics_test": {"acc": 0.6654620547237997, "auc": 0.6528092551378992, "pr_auc": 0.7336928904492845, "nll": 0.6274774608042787, "mse": 0.21843799229568756, "rmse": 0.46737350405825057, "f1": 0.7664023071377073, "gmean": 0.6121994494229617, "cm": [[226, 505], [143, 1063]], "cm_roc_opt": [[475, 256], [525, 681]], "cm_pr_opt": [[96, 635], [51, 1155]], "roc_opt_t": 0.6276248531350763, "pr_opt_t": 0.3159111643572597, "J_best_i": 18, "fpr_curve": [0.0, 0.006839945280437756, 0.02188782489740082, 0.049247606019151846, 0.05198358413132695, 0.07113543091655267, 0.08344733242134063, 0.1039671682626539, 0.12585499316005472, 0.16279069767441862, 0.17920656634746923, 0.2216142270861833, 0.23803009575923392, 0.2476060191518468, 0.2708618331053352, 0.3009575923392613, 0.34746922024623805, 0.35020519835841313, 0.359781121751026, 0.3748290013679891, 0.41997264021887826, 0.47058823529411764, 0.4897400820793434, 0.5129958960328317, 0.5567715458276333, 0.5813953488372093, 0.5937072503419972, 0.6374829001367989, 0.6908344733242134, 0.7086183310533516, 0.7400820793433652, 0.8084815321477428, 0.8686730506155951, 0.9370725034199726, 0.948016415868673, 1.0], "tpr_curve": [0.0, 0.014096185737976783, 0.0538971807628524, 0.10696517412935323, 0.11276948590381426, 0.1384742951907131, 0.1857379767827529, 0.22802653399668324, 0.2860696517412935, 0.3308457711442786, 0.3474295190713101, 0.3913764510779436, 0.4054726368159204, 0.42371475953565507, 0.4792703150912106, 0.5157545605306799, 0.5588723051409619, 0.5646766169154229, 0.5854063018242123, 0.6003316749585407, 0.6401326699834162, 0.6791044776119403, 0.6915422885572139, 0.7280265339966833, 0.7686567164179104, 0.7802653399668324, 0.7976782752902156, 0.8424543946932007, 0.8814262023217247, 0.8888888888888888, 0.8946932006633499, 0.9228855721393034, 0.9577114427860697, 0.9859038142620232, 0.9867330016583747, 1.0], "fscore_best_i": 2, "precision_curve": [0.6226122870418173, 0.6319702602230484, 0.6344717182497331, 0.6452513966480447, 0.653169014084507, 0.6660493827160494, 0.6742138364779874, 0.6779336734693877, 0.6855600539811066, 0.6891117478510028, 0.6888726207906296, 0.6949025487256372, 0.7007182761372706, 0.6996644295302014, 0.704213241616509, 0.7154772937905468, 0.7254509018036072, 0.7285861713106295, 0.7267876200640342, 0.7262931034482759, 0.7387173396674585, 0.7448453608247423, 0.7384393063583815, 0.7375565610859729, 0.7444794952681388, 0.7618181818181818, 0.7702702702702703, 0.7894736842105263, 0.7834757834757835, 0.7859649122807018, 0.7625570776255708, 0.7816091954022989, 0.7818181818181819, 0.8024691358024691, 0.7727272727272727, 1.0], "recall_curve": [1.0, 0.9867330016583747, 0.9859038142620232, 0.9577114427860697, 0.9228855721393034, 0.8946932006633499, 0.8888888888888888, 0.8814262023217247, 0.8424543946932007, 0.7976782752902156, 0.7802653399668324, 0.7686567164179104, 0.7280265339966833, 0.6915422885572139, 0.6791044776119403, 0.6401326699834162, 0.6003316749585407, 0.5854063018242123, 0.5646766169154229, 0.5588723051409619, 0.5157545605306799, 0.4792703150912106, 0.42371475953565507, 0.4054726368159204, 0.3913764510779436, 0.3474295190713101, 0.3308457711442786, 0.2860696517412935, 0.22802653399668324, 0.1857379767827529, 0.1384742951907131, 0.11276948590381426, 0.10696517412935323, 0.0538971807628524, 0.014096185737976783, 0.0]}, "metrics_train": {"acc": 0.6730193302477538, "auc": 0.67159193504324, "pr_auc": 0.7384381349780526, "nll": 0.6193144518462307, "mse": 0.21451882919584717, "rmse": 0.46316177432496214, "f1": 0.7706702310483101, "gmean": 0.6250495252040571, "cm": [[908, 1921], [481, 4036]], "cm_roc_opt": [[1787, 1042], [1722, 2795]], "cm_pr_opt": [[852, 1977], [437, 4080]], "roc_opt_t": 0.6232165557533389, "pr_opt_t": 0.40957894517614596, "J_best_i": 20, "fpr_curve": [0.0, 0.006362672322375398, 0.022622834924001415, 0.045952633439377874, 0.05160834217037823, 0.06928243195475434, 0.08943089430894309, 0.1102863202545069, 0.13679745493107104, 0.16578296217744787, 0.17850830682219865, 0.20820077765995051, 0.22163308589607636, 0.2354188759278897, 0.26617179215270415, 0.29303640862495584, 0.3262636974195829, 0.33474726051608344, 0.3517143867090845, 0.368328031106398, 0.40721102863202546, 0.44750795334040294, 0.46588900671615413, 0.49982325910215625, 0.5415341109932839, 0.5620360551431601, 0.5832449628844114, 0.630965005302227, 0.67903852951573, 0.6988335100742312, 0.7260516083421704, 0.7910922587486744, 0.8589607635206787, 0.9300106044538706, 0.9483916578296218, 1.0], "tpr_curve": [0.0, 0.01815364179765331, 0.05423953951737879, 0.10427274739871596, 0.11689174230684082, 0.15452734115563427, 0.19703342926721276, 0.23909674562762895, 0.288908567633385, 0.33539960150542397, 0.3557671020588886, 0.4018153641797653, 0.4226256364843923, 0.4432145229134381, 0.4885986274075714, 0.5268983838831083, 0.5725038742528227, 0.5833517821562985, 0.6012840380783706, 0.6187735222492805, 0.6590657516050475, 0.6984724374584902, 0.7159619216294001, 0.7473987159619216, 0.7859198583130397, 0.8042948859862741, 0.8206774407792783, 0.857206110250166, 0.8935133938454727, 0.9032543723710428, 0.9147664379012619, 0.9386761124640248, 0.9625857870267877, 0.9827319017046713, 0.9873810050918751, 1.0], "fscore_best_i": 5, "precision_curve": [0.6148924584808059, 0.624387512249755, 0.6278642149929279, 0.6414871643552671, 0.6545230009262117, 0.6679599094730035, 0.6736007924715206, 0.677522242739634, 0.6844617288315361, 0.6919917864476386, 0.6955772544514647, 0.6985438803620622, 0.7048016701461378, 0.710456942003515, 0.7136394480886677, 0.7209978202954711, 0.7284336721396925, 0.7318781999461061, 0.7356225572305974, 0.7369620974636648, 0.7416640698036772, 0.7456081081081081, 0.7503748125937032, 0.7527602523659306, 0.7549916805324459, 0.7608901515151515, 0.7636088709677419, 0.7712765957446809, 0.7758620689655172, 0.778652668416448, 0.7807606263982103, 0.7833827893175074, 0.78369384359401, 0.7928802588996764, 0.82, 1.0], "recall_curve": [1.0, 0.9873810050918751, 0.9827319017046713, 0.9625857870267877, 0.9386761124640248, 0.9147664379012619, 0.9032543723710428, 0.8935133938454727, 0.857206110250166, 0.8206774407792783, 0.8042948859862741, 0.7859198583130397, 0.7473987159619216, 0.7159619216294001, 0.6984724374584902, 0.6590657516050475, 0.6187735222492805, 0.6012840380783706, 0.5833517821562985, 0.5725038742528227, 0.5268983838831083, 0.4885986274075714, 0.4432145229134381, 0.4226256364843923, 0.4018153641797653, 0.3557671020588886, 0.33539960150542397, 0.288908567633385, 0.23909674562762895, 0.19703342926721276, 0.15452734115563427, 0.11689174230684082, 0.10427274739871596, 0.05423953951737879, 0.01815364179765331, 0.0]}}