{"time": "2022-06-17T22:37:39.550692", "features": ["i"], "seed": 888, "split_id": 3, "metrics_test": {"acc": 0.6786366402921485, "auc": 0.6509875474187696, "pr_auc": 0.7168139976840725, "nll": 0.6227040773749023, "mse": 0.21570766948264686, "rmse": 0.4644433975014037, "f1": 0.777027027027027, "gmean": 0.6072269313131443, "cm": [[195, 416], [112, 920]], "cm_roc_opt": [[318, 293], [295, 737]], "cm_pr_opt": [[107, 504], [48, 984]], "roc_opt_t": 0.5847575533185988, "pr_opt_t": 0.35404449093187307, "J_best_i": 22, "fpr_curve": [0.0, 0.011456628477905073, 0.02618657937806874, 0.054009819967266774, 0.06710310965630115, 0.09819967266775777, 0.11783960720130933, 0.12274959083469722, 0.14729950900163666, 0.18003273322422259, 0.20130932896890344, 0.22749590834697217, 0.24549918166939444, 0.2684124386252046, 0.2896890343698854, 0.29623567921440264, 0.32078559738134205, 0.337152209492635, 0.36006546644844517, 0.3911620294599018, 0.41407528641571195, 0.4795417348608838, 0.5090016366612111, 0.5351882160392799, 0.5646481178396072, 0.6530278232405892, 0.6808510638297872, 0.7430441898527005, 0.8019639934533551, 0.8248772504091653, 0.8641571194762684, 0.9296235679214403, 0.9852700490998363, 1.0], "tpr_curve": [0.0, 0.007751937984496124, 0.03875968992248062, 0.07655038759689922, 0.11434108527131782, 0.15503875968992248, 0.18895348837209303, 0.21996124031007752, 0.2742248062015504, 0.30910852713178294, 0.33624031007751937, 0.375968992248062, 0.4021317829457364, 0.4428294573643411, 0.4757751937984496, 0.48643410852713176, 0.5106589147286822, 0.5426356589147286, 0.5881782945736435, 0.6162790697674418, 0.6424418604651163, 0.7141472868217055, 0.750968992248062, 0.7751937984496124, 0.7994186046511628, 0.8653100775193798, 0.8914728682170543, 0.9089147286821705, 0.9331395348837209, 0.9534883720930233, 0.9718992248062015, 0.9874031007751938, 0.9941860465116279, 1.0], "fscore_best_i": 3, "precision_curve": [0.628119293974437, 0.6302211302211302, 0.6420919974795211, 0.6551273677335075, 0.6612903225806451, 0.6627666896077082, 0.6738505747126436, 0.688622754491018, 0.6911764705882353, 0.6978066612510154, 0.7051282051282052, 0.709849157054126, 0.7136279926335175, 0.7155339805825243, 0.7194244604316546, 0.7237991266375546, 0.7268571428571429, 0.7339782345828295, 0.7310704960835509, 0.7289073305670816, 0.7349926793557833, 0.7350299401197605, 0.7359098228663447, 0.7345132743362832, 0.7362428842504743, 0.7382978723404255, 0.7435897435897436, 0.7587131367292225, 0.7516556291390728, 0.7303370786516854, 0.7272727272727273, 0.7421383647798742, 0.7053571428571429, 0.7142857142857143, 0.5333333333333333, 1.0], "recall_curve": [1.0, 0.9941860465116279, 0.9874031007751938, 0.9718992248062015, 0.9534883720930233, 0.9331395348837209, 0.9089147286821705, 0.8914728682170543, 0.8653100775193798, 0.8323643410852714, 0.7994186046511628, 0.7751937984496124, 0.750968992248062, 0.7141472868217055, 0.6782945736434108, 0.6424418604651163, 0.6162790697674418, 0.5881782945736435, 0.5426356589147286, 0.5106589147286822, 0.48643410852713176, 0.4757751937984496, 0.4428294573643411, 0.4021317829457364, 0.375968992248062, 0.33624031007751937, 0.30910852713178294, 0.2742248062015504, 0.21996124031007752, 0.18895348837209303, 0.15503875968992248, 0.11434108527131782, 0.07655038759689922, 0.03875968992248062, 0.007751937984496124, 0.0]}, "metrics_train": {"acc": 0.6698952879581151, "auc": 0.6718781930493367, "pr_auc": 0.7403561232873381, "nll": 0.6205514981809509, "mse": 0.21519526387768992, "rmse": 0.463891435443348, "f1": 0.7681985294117648, "gmean": 0.6244014025386683, "cm": [[939, 2010], [512, 4179]], "cm_roc_opt": [[1817, 1132], [1719, 2972]], "cm_pr_opt": [[743, 2206], [388, 4303]], "roc_opt_t": 0.6140823788530815, "pr_opt_t": 0.3874605769937629, "J_best_i": 20, "fpr_curve": [0.0, 0.003730077992539844, 0.020006781959986435, 0.043404543913190916, 0.06307222787385554, 0.08748728382502544, 0.10851135978297728, 0.11529331976941336, 0.13190912173618174, 0.16039335367921329, 0.17158358765683282, 0.2031197015937606, 0.21566632756866735, 0.24991522550016954, 0.2787385554425229, 0.28619871142760256, 0.2997626314004747, 0.3133265513733469, 0.35198372329603256, 0.38385893523228215, 0.3987792472024415, 0.4404883011190234, 0.4845710410308579, 0.5296710749406579, 0.546625974906748, 0.56391997287216, 0.6113936927772126, 0.6615801966768396, 0.681586978636826, 0.7480501865038997, 0.8158697863682605, 0.8345201763309597, 0.8602916242794167, 0.9318413021363174, 0.982706002034588, 1.0], "tpr_curve": [0.0, 0.011937753144318908, 0.05009592837348113, 0.10360264335962481, 0.14836921765082073, 0.20230228096354722, 0.2462161586015775, 0.2604988275421019, 0.2914090812193562, 0.3417181837561288, 0.36026433596248136, 0.4078021743764656, 0.42592197825623535, 0.4726071200170539, 0.5116179918993818, 0.5212108292474952, 0.5384779364740994, 0.5551055212108292, 0.6000852696653166, 0.6335536133020678, 0.6484758047324665, 0.6896184182477084, 0.7292688126199105, 0.7691323811554039, 0.7838413984225112, 0.7987635898529098, 0.8382008100618205, 0.8759326369643999, 0.8908548283947986, 0.9172884246429333, 0.9439351950543594, 0.9507567682796845, 0.9592837348113409, 0.9825197186101045, 0.9965892133873374, 1.0], "fscore_best_i": 5, "precision_curve": [0.6140052356020942, 0.6173247061930542, 0.6264781840424086, 0.6394770498792098, 0.6444155468862881, 0.6479367866549605, 0.6610846520202797, 0.6752302472127969, 0.678052805280528, 0.6856146469049695, 0.6926062846580406, 0.6952164870485914, 0.6978723404255319, 0.705360824742268, 0.7134980149977944, 0.7211948790896159, 0.7241715399610137, 0.7305995328315599, 0.7380952380952381, 0.7407624633431085, 0.7433870477348739, 0.74487895716946, 0.7505077860528098, 0.7585421412300684, 0.7615445859872612, 0.7695810564663024, 0.7721579961464354, 0.7784738041002278, 0.7823303457106274, 0.7830508474576271, 0.7862468931234465, 0.7891156462585034, 0.7915309446254072, 0.7993197278911565, 0.835820895522388, 1.0], "recall_curve": [1.0, 0.9965892133873374, 0.9825197186101045, 0.9592837348113409, 0.9507567682796845, 0.9439351950543594, 0.9172884246429333, 0.8908548283947986, 0.8759326369643999, 0.8382008100618205, 0.7987635898529098, 0.7838413984225112, 0.7691323811554039, 0.7292688126199105, 0.6896184182477084, 0.6484758047324665, 0.6335536133020678, 0.6000852696653166, 0.5551055212108292, 0.5384779364740994, 0.5212108292474952, 0.5116179918993818, 0.4726071200170539, 0.42592197825623535, 0.4078021743764656, 0.36026433596248136, 0.3417181837561288, 0.2914090812193562, 0.2604988275421019, 0.2462161586015775, 0.20230228096354722, 0.14836921765082073, 0.10360264335962481, 0.05009592837348113, 0.011937753144318908, 0.0]}}