{"time": "2022-06-17T22:37:19.818444", "features": ["i"], "seed": 888, "split_id": 0, "metrics_test": {"acc": 0.6530503978779841, "auc": 0.6644375599390737, "pr_auc": 0.7280905549191237, "nll": 0.6318356889372221, "mse": 0.22058067376422819, "rmse": 0.469660168381595, "f1": 0.7541353383458647, "gmean": 0.6245026603937749, "cm": [[228, 521], [133, 1003]], "cm_roc_opt": [[500, 249], [475, 661]], "cm_pr_opt": [[167, 582], [93, 1043]], "roc_opt_t": 0.6677271306674809, "pr_opt_t": 0.36172376163963554, "J_best_i": 18, "fpr_curve": [0.0, 0.006675567423230975, 0.022696929238985315, 0.04806408544726302, 0.07076101468624833, 0.08945260347129506, 0.09879839786381843, 0.10146862483311081, 0.12149532710280374, 0.15353805073431243, 0.17089452603471295, 0.18157543391188252, 0.1909212283044059, 0.20427236315086783, 0.23230974632843793, 0.2656875834445928, 0.29506008010680906, 0.3324432576769025, 0.3484646194926569, 0.3671562082777036, 0.4045393858477971, 0.4485981308411215, 0.5086782376502003, 0.5514018691588785, 0.5901201602136181, 0.6074766355140186, 0.6221628838451269, 0.6435246995994659, 0.6955941255006676, 0.7156208277703605, 0.7770360480640854, 0.835781041388518, 0.9145527369826435, 0.931909212283044, 0.9479305740987984, 1.0], "tpr_curve": [0.0, 0.014964788732394365, 0.061619718309859156, 0.1153169014084507, 0.15757042253521128, 0.1875, 0.22711267605633803, 0.238556338028169, 0.2948943661971831, 0.34419014084507044, 0.35651408450704225, 0.37411971830985913, 0.38116197183098594, 0.3987676056338028, 0.4507042253521127, 0.49911971830985913, 0.5369718309859155, 0.5818661971830986, 0.5985915492957746, 0.613556338028169, 0.6434859154929577, 0.6848591549295775, 0.7147887323943662, 0.7570422535211268, 0.8019366197183099, 0.8169014084507042, 0.8336267605633803, 0.8477112676056338, 0.8829225352112676, 0.8890845070422535, 0.9181338028169014, 0.9498239436619719, 0.9683098591549296, 0.983274647887324, 0.9859154929577465, 1.0], "fscore_best_i": 4, "precision_curve": [0.6026525198938992, 0.6120218579234973, 0.615426997245179, 0.6162464985994398, 0.6328445747800586, 0.6418461538461538, 0.6532988357050453, 0.6581364829396326, 0.6664359861591695, 0.670205237084218, 0.6710050614605929, 0.6733185513673319, 0.6755695208169678, 0.680637049455155, 0.6983842010771992, 0.706963249516441, 0.7170781893004116, 0.722635494155154, 0.7263736263736263, 0.7340553549939831, 0.7402088772845953, 0.7463556851311953, 0.7475247524752475, 0.7517361111111112, 0.7575757575757576, 0.7598499061913696, 0.7727272727272727, 0.7863849765258216, 0.7809798270893372, 0.7771084337349398, 0.7607142857142857, 0.771551724137931, 0.7844311377245509, 0.8045977011494253, 0.7727272727272727, 1.0], "recall_curve": [1.0, 0.9859154929577465, 0.983274647887324, 0.9683098591549296, 0.9498239436619719, 0.9181338028169014, 0.8890845070422535, 0.8829225352112676, 0.8477112676056338, 0.8336267605633803, 0.8169014084507042, 0.8019366197183099, 0.7570422535211268, 0.7147887323943662, 0.6848591549295775, 0.6434859154929577, 0.613556338028169, 0.5985915492957746, 0.5818661971830986, 0.5369718309859155, 0.49911971830985913, 0.4507042253521127, 0.3987676056338028, 0.38116197183098594, 0.37411971830985913, 0.35651408450704225, 0.34419014084507044, 0.2948943661971831, 0.238556338028169, 0.22711267605633803, 0.1875, 0.15757042253521128, 0.1153169014084507, 0.061619718309859156, 0.014964788732394365, 0.0]}, "metrics_train": {"acc": 0.6761286834279535, "auc": 0.6687608872831879, "pr_auc": 0.740376390396371, "nll": 0.6181670106502599, "mse": 0.21396124774723185, "rmse": 0.46255945320275516, "f1": 0.7737060823573857, "gmean": 0.6209873840198727, "cm": [[906, 1905], [491, 4096]], "cm_roc_opt": [[1685, 1126], [1613, 2974]], "cm_pr_opt": [[906, 1905], [491, 4096]], "roc_opt_t": 0.6245557873814703, "pr_opt_t": 0.46635418181833294, "J_best_i": 21, "fpr_curve": [0.0, 0.0064034151547491995, 0.025613660618996798, 0.049448594806118816, 0.06972607612949129, 0.08751334044823907, 0.10530060476698684, 0.11099252934898612, 0.13802917111348276, 0.1664887940234792, 0.17965136961935255, 0.19316969050160085, 0.199928850942725, 0.21344717182497333, 0.2447527570259694, 0.2767698327997154, 0.303806474564212, 0.33938100320170755, 0.3546780505158307, 0.3703308431163287, 0.40056919245819994, 0.439701173959445, 0.48310209889718964, 0.5250800426894343, 0.5684809676271789, 0.5884027036641765, 0.607968694414799, 0.6293134115972964, 0.6776947705442903, 0.6969050160085379, 0.7644966204197794, 0.832088224831021, 0.9003913198150124, 0.9313411597296336, 0.9484169334756315, 1.0], "tpr_curve": [0.0, 0.017876607804665358, 0.06060606060606061, 0.1105297580117724, 0.1526051885764116, 0.18901242642249835, 0.22520165685633312, 0.23632003488118597, 0.28667974711140176, 0.3337693481578374, 0.354916067146283, 0.37562677131022454, 0.38609112709832133, 0.40614780902550685, 0.45083932853717024, 0.49574885546108566, 0.5336821451929366, 0.578809679529104, 0.5977763243950295, 0.6152169173751908, 0.6483540440374973, 0.6882494004796164, 0.7285807717462394, 0.7667320688903423, 0.8046653586221931, 0.8216699367778505, 0.8380204926967517, 0.855679093089165, 0.8929583605842598, 0.9029867015478527, 0.9284935687813386, 0.9516023544800524, 0.9742751253542621, 0.9834314366688467, 0.9875735775016351, 1.0], "fscore_best_i": 6, "precision_curve": [0.6200324412003244, 0.6295163979988883, 0.632767569084023, 0.6384285714285715, 0.6511038186157518, 0.6646379525593009, 0.678905097524996, 0.6825529078486919, 0.6893220934316825, 0.6922384296776517, 0.6950027659966808, 0.6978634902628096, 0.7043861405968356, 0.711063829787234, 0.7186432961529706, 0.7253658536585366, 0.7305203209940461, 0.7333511634126771, 0.7356608478802993, 0.7413688673531194, 0.7450851900393185, 0.7503628447024674, 0.756394640682095, 0.7591084440634376, 0.7603706972639012, 0.763244256915143, 0.7658829414707353, 0.7721667645331768, 0.7765042979942693, 0.7772761474793077, 0.7789757412398922, 0.78125, 0.7848297213622291, 0.7942857142857143, 0.82, 1.0], "recall_curve": [1.0, 0.9875735775016351, 0.9834314366688467, 0.9742751253542621, 0.9516023544800524, 0.9284935687813386, 0.9029867015478527, 0.8929583605842598, 0.855679093089165, 0.8380204926967517, 0.8216699367778505, 0.8046653586221931, 0.7667320688903423, 0.7285807717462394, 0.6882494004796164, 0.6483540440374973, 0.6152169173751908, 0.5977763243950295, 0.578809679529104, 0.5336821451929366, 0.49574885546108566, 0.45083932853717024, 0.40614780902550685, 0.38609112709832133, 0.37562677131022454, 0.354916067146283, 0.3337693481578374, 0.28667974711140176, 0.23632003488118597, 0.22520165685633312, 0.18901242642249835, 0.1526051885764116, 0.1105297580117724, 0.06060606060606061, 0.017876607804665358, 0.0]}}