{"time": "2022-06-17T22:37:26.430366", "features": ["i"], "seed": 888, "split_id": 1, "metrics_test": {"acc": 0.6816305469556243, "auc": 0.6747091904507703, "pr_auc": 0.7382121254647853, "nll": 0.6162577574330091, "mse": 0.2130543452208745, "rmse": 0.4615781030561074, "f1": 0.7774972953479986, "gmean": 0.6329893950573309, "cm": [[243, 496], [121, 1078]], "cm_roc_opt": [[491, 248], [484, 715]], "cm_pr_opt": [[274, 465], [175, 1024]], "roc_opt_t": 0.6538620310567987, "pr_opt_t": 0.5228842169594122, "J_best_i": 18, "fpr_curve": [0.0, 0.005412719891745603, 0.02706359945872801, 0.04330175913396482, 0.07036535859269283, 0.08660351826792964, 0.09066305818673884, 0.10960757780784844, 0.12719891745602166, 0.16373477672530445, 0.1975642760487145, 0.20568335588633288, 0.2381596752368065, 0.2476319350473613, 0.2719891745602165, 0.2814614343707713, 0.32070365358592695, 0.33558863328822736, 0.34100135317997293, 0.35453315290933696, 0.37753721244925575, 0.4100135317997294, 0.45331529093369416, 0.5020297699594046, 0.5466847090663058, 0.5615696887686062, 0.6116373477672531, 0.6292286874154263, 0.6711772665764547, 0.6847090663058186, 0.7577807848443843, 0.7848443843031123, 0.8592692828146143, 0.9282814614343707, 0.9824086603518268, 1.0], "tpr_curve": [0.0, 0.009174311926605505, 0.0475396163469558, 0.0950792326939116, 0.14929107589658047, 0.18015012510425354, 0.1926605504587156, 0.2493744787322769, 0.29608006672226855, 0.3419516263552961, 0.39115929941618016, 0.40950792326939117, 0.4578815679733111, 0.475396163469558, 0.517931609674729, 0.53628023352794, 0.5829858215179317, 0.5963302752293578, 0.6080066722268557, 0.6188490408673895, 0.6271893244370309, 0.6622185154295246, 0.7055879899916597, 0.7456213511259383, 0.786488740617181, 0.7998331943286072, 0.8398665554628857, 0.854045037531276, 0.8990825688073395, 0.9032527105921602, 0.9291075896580484, 0.9357798165137615, 0.9582985821517932, 0.9841534612176814, 0.9958298582151793, 1.0], "fscore_best_i": 7, "precision_curve": [0.6186790505675954, 0.621875, 0.632368703108253, 0.6440582959641256, 0.6592244418331374, 0.6654719235364397, 0.6815607300188798, 0.6848792884371029, 0.6877098723975823, 0.6901987662782728, 0.6979621542940321, 0.7000742390497402, 0.7067193675889328, 0.7163420829805249, 0.723792160437557, 0.7293889427740058, 0.7390438247011952, 0.7431192660550459, 0.7424714434060229, 0.7467948717948718, 0.7555816686251469, 0.7554744525547445, 0.7569721115537849, 0.7572413793103449, 0.7636080870917574, 0.7626016260162601, 0.7721280602636534, 0.7906458797327395, 0.7868421052631579, 0.7751677852348994, 0.7714285714285715, 0.7748917748917749, 0.7808219178082192, 0.7402597402597403, 0.7333333333333333, 1.0], "recall_curve": [1.0, 0.9958298582151793, 0.9841534612176814, 0.9582985821517932, 0.9357798165137615, 0.9291075896580484, 0.9032527105921602, 0.8990825688073395, 0.854045037531276, 0.8398665554628857, 0.7998331943286072, 0.786488740617181, 0.7456213511259383, 0.7055879899916597, 0.6622185154295246, 0.6271893244370309, 0.6188490408673895, 0.6080066722268557, 0.5963302752293578, 0.5829858215179317, 0.53628023352794, 0.517931609674729, 0.475396163469558, 0.4578815679733111, 0.40950792326939117, 0.39115929941618016, 0.3419516263552961, 0.29608006672226855, 0.2493744787322769, 0.1926605504587156, 0.18015012510425354, 0.14929107589658047, 0.0950792326939116, 0.0475396163469558, 0.009174311926605505, 0.0]}, "metrics_train": {"acc": 0.6687542545949625, "auc": 0.6667912924758137, "pr_auc": 0.7382415124830118, "nll": 0.6220163193667232, "mse": 0.2158252420508159, "rmse": 0.46456995388296035, "f1": 0.7677326968973747, "gmean": 0.6188592940132012, "cm": [[891, 1930], [503, 4021]], "cm_roc_opt": [[1715, 1106], [1662, 2862]], "cm_pr_opt": [[570, 2251], [285, 4239]], "roc_opt_t": 0.6180279605709157, "pr_opt_t": 0.39425258972115673, "J_best_i": 21, "fpr_curve": [0.0, 0.00673520028358738, 0.021269053527118043, 0.040411201701524284, 0.06557958170861397, 0.08401276143211626, 0.08933002481389578, 0.11485288904643744, 0.13647642679900746, 0.16377171215880892, 0.1935483870967742, 0.2077277561148529, 0.23998582063098192, 0.2545196738745126, 0.28287841191067, 0.29812123360510456, 0.33321517192484934, 0.3488124778447359, 0.3566111308046792, 0.37362637362637363, 0.3920595533498759, 0.423608649415101, 0.4629563984402694, 0.5033676001417937, 0.5451967387451259, 0.5646933711449841, 0.6107763204537399, 0.6331088266572138, 0.6841545551222971, 0.7050691244239631, 0.7695852534562212, 0.7979439914923786, 0.8613966678482807, 0.9322935129386742, 0.9833392414037575, 1.0], "tpr_curve": [0.0, 0.019451812555260833, 0.05592396109637489, 0.09836427939876216, 0.14920424403183025, 0.1854553492484527, 0.1962864721485411, 0.2453580901856764, 0.28625110521662245, 0.33421750663129973, 0.3795313881520778, 0.40008841732979666, 0.4449602122015915, 0.4650751547303271, 0.5017683465959328, 0.5214412024756853, 0.5660919540229885, 0.5859858532272325, 0.5952696728558797, 0.6138373121131742, 0.6326259946949602, 0.6644562334217506, 0.7038019451812555, 0.7424845269672856, 0.7813881520778072, 0.7986295313881521, 0.8364279398762158, 0.8541114058355438, 0.888815207780725, 0.8994252873563219, 0.9257294429708223, 0.9370026525198939, 0.962422634836428, 0.9832007073386384, 0.9962422634836428, 1.0], "fscore_best_i": 3, "precision_curve": [0.6159292035398231, 0.619008377970059, 0.6284261090703589, 0.6418042452830188, 0.6531587057010786, 0.6585941185721025, 0.6716738197424893, 0.6756847588640564, 0.6838938053097345, 0.6871254766660614, 0.6940069150979639, 0.6968263355016755, 0.7028667085164261, 0.7091314031180401, 0.7155439181147346, 0.7212701612903226, 0.7248760114852519, 0.7280346039470127, 0.7292984869325997, 0.731505284204513, 0.7371875, 0.7398956975228161, 0.7455705173635719, 0.7483271375464684, 0.7554257095158597, 0.7587273530711445, 0.7659574468085106, 0.7708333333333334, 0.7740585774058577, 0.7789473684210526, 0.7797397769516728, 0.7848837209302325, 0.7960644007155635, 0.8083067092651757, 0.822429906542056, 1.0], "recall_curve": [1.0, 0.9962422634836428, 0.9832007073386384, 0.962422634836428, 0.9370026525198939, 0.9257294429708223, 0.8994252873563219, 0.888815207780725, 0.8541114058355438, 0.8364279398762158, 0.7986295313881521, 0.7813881520778072, 0.7424845269672856, 0.7038019451812555, 0.6644562334217506, 0.6326259946949602, 0.6138373121131742, 0.5952696728558797, 0.5859858532272325, 0.5660919540229885, 0.5214412024756853, 0.5017683465959328, 0.4650751547303271, 0.4449602122015915, 0.40008841732979666, 0.3795313881520778, 0.33421750663129973, 0.28625110521662245, 0.2453580901856764, 0.1962864721485411, 0.1854553492484527, 0.14920424403183025, 0.09836427939876216, 0.05592396109637489, 0.019451812555260833, 0.0]}}