{"time": "2022-06-17T22:37:33.001759", "features": ["i"], "seed": 888, "split_id": 2, "metrics_test": {"acc": 0.6792553191489362, "auc": 0.658222156045265, "pr_auc": 0.7126700421493808, "nll": 0.6270821754403073, "mse": 0.21744999504561507, "rmse": 0.4663153386342927, "f1": 0.7744107744107744, "gmean": 0.6246857458912555, "cm": [[242, 488], [115, 1035]], "cm_roc_opt": [[478, 252], [471, 679]], "cm_pr_opt": [[242, 488], [115, 1035]], "roc_opt_t": 0.6527477967760805, "pr_opt_t": 0.4538742772285063, "J_best_i": 18, "fpr_curve": [0.0, 0.03424657534246575, 0.04246575342465753, 0.06164383561643835, 0.09041095890410959, 0.1136986301369863, 0.13561643835616438, 0.1410958904109589, 0.15342465753424658, 0.16986301369863013, 0.1917808219178082, 0.2191780821917808, 0.23150684931506849, 0.26301369863013696, 0.29178082191780824, 0.30273972602739724, 0.3136986301369863, 0.3452054794520548, 0.3589041095890411, 0.39315068493150684, 0.4397260273972603, 0.473972602739726, 0.4863013698630137, 0.5273972602739726, 0.5465753424657535, 0.6, 0.6164383561643836, 0.6520547945205479, 0.6684931506849315, 0.6917808219178082, 0.7684931506849315, 0.7958904109589041, 0.8602739726027397, 0.9301369863013699, 0.9547945205479452, 1.0], "tpr_curve": [0.0, 0.03739130434782609, 0.05652173913043478, 0.09130434782608696, 0.13826086956521738, 0.1826086956521739, 0.23304347826086957, 0.25130434782608696, 0.288695652173913, 0.30869565217391304, 0.3591304347826087, 0.40347826086956523, 0.41739130434782606, 0.45652173913043476, 0.5026086956521739, 0.5234782608695652, 0.5452173913043479, 0.5904347826086956, 0.6086956521739131, 0.6408695652173914, 0.6756521739130434, 0.7156521739130435, 0.7347826086956522, 0.7704347826086957, 0.7869565217391304, 0.8182608695652174, 0.837391304347826, 0.88, 0.9, 0.9095652173913044, 0.9260869565217391, 0.9330434782608695, 0.9565217391304348, 0.9765217391304348, 0.9826086956521739, 1.0], "fscore_best_i": 6, "precision_curve": [0.6117021276595744, 0.6185002736726875, 0.623196448390677, 0.6365740740740741, 0.6487303506650545, 0.6549815498154982, 0.6744036105738234, 0.6795797767564018, 0.6801075268817204, 0.6815286624203821, 0.6823785351704134, 0.6940184049079755, 0.6970889063729347, 0.7041666666666667, 0.7040205303678357, 0.7076502732240437, 0.7197265625, 0.7276507276507277, 0.7293233082706767, 0.7324766355140186, 0.7314702308626975, 0.7307206068268015, 0.7322175732217573, 0.7395993836671803, 0.7435897435897436, 0.7468354430379747, 0.7411273486430062, 0.7477477477477478, 0.7372448979591837, 0.7302452316076294, 0.7167235494880546, 0.7066666666666667, 0.7, 0.6770833333333334, 0.6323529411764706, 1.0], "recall_curve": [1.0, 0.9826086956521739, 0.9765217391304348, 0.9565217391304348, 0.9330434782608695, 0.9260869565217391, 0.9095652173913044, 0.9, 0.88, 0.837391304347826, 0.8182608695652174, 0.7869565217391304, 0.7704347826086957, 0.7347826086956522, 0.7156521739130435, 0.6756521739130434, 0.6408695652173914, 0.6086956521739131, 0.5904347826086956, 0.5452173913043479, 0.5234782608695652, 0.5026086956521739, 0.45652173913043476, 0.41739130434782606, 0.40347826086956523, 0.3591304347826087, 0.30869565217391304, 0.288695652173913, 0.25130434782608696, 0.23304347826086957, 0.1826086956521739, 0.13826086956521738, 0.09130434782608696, 0.05652173913043478, 0.03739130434782609, 0.0]}, "metrics_train": {"acc": 0.6694583277049845, "auc": 0.6707442053101668, "pr_auc": 0.748103149956931, "nll": 0.6195038317262037, "mse": 0.21478826506298412, "rmse": 0.463452548879585, "f1": 0.7686052009456265, "gmean": 0.6223646220658197, "cm": [[892, 1938], [509, 4064]], "cm_roc_opt": [[1834, 996], [1851, 2722]], "cm_pr_opt": [[660, 2170], [336, 4237]], "roc_opt_t": 0.6285370850437803, "pr_opt_t": 0.39628001792605216, "J_best_i": 19, "fpr_curve": [0.0, 0.014487632508833921, 0.02049469964664311, 0.03568904593639576, 0.060424028268551234, 0.08056537102473499, 0.10530035335689046, 0.11024734982332156, 0.12968197879858656, 0.14169611307420496, 0.17279151943462898, 0.20424028268551236, 0.21024734982332155, 0.23674911660777384, 0.26996466431095406, 0.2840989399293286, 0.2989399293286219, 0.3360424028268551, 0.3519434628975265, 0.38303886925795055, 0.4243816254416961, 0.46607773851590106, 0.4833922261484099, 0.5257950530035336, 0.5441696113074205, 0.592226148409894, 0.6123674911660777, 0.662190812720848, 0.6848056537102474, 0.7031802120141343, 0.7667844522968198, 0.7950530035335689, 0.8611307420494699, 0.9318021201413428, 0.946643109540636, 1.0], "tpr_curve": [0.0, 0.045047015088563305, 0.061884977039142794, 0.09927837305926088, 0.15197900721626942, 0.1935272250164006, 0.24425978569866608, 0.25366280341132735, 0.28821342663459437, 0.30833151104307893, 0.3551279247758583, 0.40170566367811067, 0.4104526568991909, 0.44806472774983597, 0.49354909249945333, 0.5127924775858299, 0.5315985130111525, 0.5766455280997157, 0.5952328886945113, 0.6278154384430352, 0.6682702820905314, 0.7085064509075005, 0.724907063197026, 0.7647058823529411, 0.7811064946424666, 0.8193745899846928, 0.8353378526131642, 0.8725125738027553, 0.8886945112617538, 0.897878854143888, 0.9265252569429259, 0.9376776732998032, 0.9628252788104089, 0.9851301115241635, 0.9884102339820686, 1.0], "fscore_best_i": 4, "precision_curve": [0.617722544914224, 0.6278649812473954, 0.6307756930831699, 0.6437134502923977, 0.6558580605689813, 0.6613079444357733, 0.6735564304461942, 0.6771076307897368, 0.6804229195088677, 0.687916441563119, 0.690945970864835, 0.6987480438184663, 0.7015045135406218, 0.7078795643818065, 0.7106821671419171, 0.7178764388066714, 0.7259165613147914, 0.7321140398063475, 0.7349498327759197, 0.7418370460787306, 0.7446808510638298, 0.7471036080767958, 0.7535858771607209, 0.7593042071197411, 0.7606625258799172, 0.7685754850922859, 0.7785753727222529, 0.7821958456973294, 0.7880434782608695, 0.789399293286219, 0.7951482479784366, 0.8025404157043879, 0.818018018018018, 0.8299120234604106, 0.8340080971659919, 1.0], "recall_curve": [1.0, 0.9884102339820686, 0.9851301115241635, 0.9628252788104089, 0.9376776732998032, 0.9265252569429259, 0.897878854143888, 0.8886945112617538, 0.8725125738027553, 0.8353378526131642, 0.8193745899846928, 0.7811064946424666, 0.7647058823529411, 0.724907063197026, 0.7085064509075005, 0.6682702820905314, 0.6278154384430352, 0.5952328886945113, 0.5766455280997157, 0.5315985130111525, 0.5127924775858299, 0.49354909249945333, 0.44806472774983597, 0.4104526568991909, 0.40170566367811067, 0.3551279247758583, 0.30833151104307893, 0.28821342663459437, 0.25366280341132735, 0.24425978569866608, 0.1935272250164006, 0.15197900721626942, 0.09927837305926088, 0.061884977039142794, 0.045047015088563305, 0.0]}}