{"time": "2022-06-16T17:08:10.808219", "features": ["i"], "seed": 888, "split_id": 0, "metrics_test": {"acc": 0.8683046683046683, "auc": 0.7927103849670103, "pr_auc": 0.9514516803399182, "nll": 0.33965423902086384, "mse": 0.1023404415697873, "rmse": 0.31990692641733676, "f1": 0.926911748663685, "gmean": 0.718810941168787, "cm": [[338, 1144], [196, 8497]], "cm_roc_opt": [[1109, 373], [2742, 5951]], "cm_pr_opt": [[392, 1090], [302, 8391]], "roc_opt_t": 0.85214279128931, "pr_opt_t": 0.5337210011833047, "J_best_i": 64, "fpr_curve": [0.0, 0.0006747638326585695, 0.001349527665317139, 0.004723346828609987, 0.005398110661268556, 0.006747638326585695, 0.008097165991902834, 0.008097165991902834, 0.010796221322537112, 0.01282051282051282, 0.01349527665317139, 0.01417004048582996, 0.0155195681511471, 0.016194331983805668, 0.018893387314439947, 0.019568151147098516, 0.020917678812415654, 0.022267206477732792, 0.022941970310391364, 0.023616734143049933, 0.029014844804318488, 0.03576248313090418, 0.037786774628879895, 0.04048582995951417, 0.043184885290148446, 0.04520917678812416, 0.0465587044534413, 0.04723346828609987, 0.049257759784075573, 0.05060728744939271, 0.053306342780026994, 0.05600539811066127, 0.058029689608636977, 0.06815114709851552, 0.06815114709851552, 0.08299595141700405, 0.08367071524966262, 0.08502024291497975, 0.09649122807017543, 0.09919028340080972, 0.10931174089068826, 0.11470985155195682, 0.11605937921727395, 0.12010796221322537, 0.1349527665317139, 0.15182186234817813, 0.15519568151147098, 0.15654520917678813, 0.16869095816464239, 0.1747638326585695, 0.1788124156545209, 0.1815114709851552, 0.18488529014844804, 0.19973009446693657, 0.20512820512820512, 0.2078272604588394, 0.2125506072874494, 0.21727395411605938, 0.2300944669365722, 0.2321187584345479, 0.23481781376518218, 0.23819163292847503, 0.24696356275303644, 0.2516869095816464, 0.2543859649122807, 0.2773279352226721, 0.30364372469635625, 0.30701754385964913, 0.3117408906882591, 0.3164642375168691, 0.3225371120107962, 0.32456140350877194, 0.3340080971659919, 0.3427800269905533, 0.34547908232118757, 0.354251012145749, 0.3792172739541161, 0.4048582995951417, 0.4136302294197031, 0.4230769230769231, 0.43859649122807015, 0.44534412955465585, 0.45479082321187586, 0.4966261808367072, 0.5053981106612686, 0.5114709851551957, 0.5161943319838057, 0.5323886639676113, 0.5452091767881242, 0.5573549257759784, 0.5742240215924427, 0.5850202429149798, 0.5991902834008097, 0.6039136302294197, 0.6234817813765182, 0.6309041835357625, 0.6524966261808367, 0.6767881241565452, 0.6882591093117408, 0.6970310391363023, 0.7152496626180836, 0.7253711201079622, 0.7354925775978407, 0.7719298245614035, 0.8036437246963563, 0.8157894736842105, 0.8468286099865048, 0.8751686909581646, 0.9116059379217274, 0.9871794871794872, 1.0], "tpr_curve": [0.0, 0.018405613712182217, 0.02599792936845738, 0.04083745542390429, 0.04842977108017946, 0.061543770850109286, 0.0681007707350742, 0.07120671804900494, 0.1077878753019671, 0.11422984010123087, 0.1326354538134131, 0.13873231335557346, 0.15621764638214655, 0.1608190498101921, 0.17370297940871965, 0.17669389163694926, 0.18532152306453467, 0.19187852294949959, 0.20062118946278615, 0.2067180490049465, 0.2315656275163925, 0.24893592545726448, 0.25537789025652824, 0.26377545151271137, 0.28183595996779015, 0.2904635913953756, 0.299091222822961, 0.30518808236512135, 0.3138157137927068, 0.3202576785919706, 0.33831818704704936, 0.3467157483032325, 0.3507419763027723, 0.37501437938571264, 0.3781203266996434, 0.4008972736684689, 0.4096399401817554, 0.4125158173242839, 0.43701829057862646, 0.4409294834924652, 0.45772460600483145, 0.4660071321753135, 0.47244909697457727, 0.4806165880593581, 0.502933394685379, 0.5261704819970091, 0.5296215345680433, 0.5324974117105717, 0.5563096744507074, 0.5644771655354883, 0.5704589899919476, 0.5788565512481307, 0.5829978143333717, 0.6066950419878063, 0.6100310594731393, 0.6126768664442656, 0.6210744277004486, 0.6292419187852295, 0.6455769009547913, 0.6519038306683539, 0.6555849534107903, 0.6596111814103301, 0.6765213390083976, 0.6845737950074773, 0.6929713562636605, 0.7152881628896813, 0.7367997239157943, 0.7408259519153342, 0.7447371448291729, 0.750603934199931, 0.7584263200276085, 0.7619924076843437, 0.7693546531692166, 0.7755665477970781, 0.7792476705395146, 0.7866099160243875, 0.8080064419647993, 0.8296330380766134, 0.8349246520188658, 0.8421718624180375, 0.8487288623030024, 0.8552858621879673, 0.8613827217301276, 0.8792131600138042, 0.8866904405843782, 0.8887610721269987, 0.8910617738410215, 0.8971586333831819, 0.9036005981824456, 0.910502703324514, 0.9165995628666743, 0.9197055101806051, 0.9249971241228575, 0.9285632117795928, 0.9344300011503509, 0.9368457379500748, 0.9420223168066261, 0.9468537904060739, 0.9515702289198206, 0.9541010008052456, 0.9598527550903025, 0.9621534568043253, 0.9652594041182561, 0.9774531232025768, 0.980904175773611, 0.982629702059128, 0.9865408949729667, 0.9906821580582078, 0.9934430001150351, 0.9990797193143909, 1.0], "fscore_best_i": 7, "precision_curve": [0.8543488943488944, 0.8558336618052819, 0.8647241413837989, 0.8691088909072561, 0.8723425897670634, 0.8760127166444467, 0.8774439185017493, 0.8813401099471009, 0.8850332243434237, 0.8861108168238161, 0.8872820076563165, 0.8892462742575319, 0.8902281532501076, 0.8913796837773446, 0.8943861948449104, 0.8970150897675956, 0.8978666961423676, 0.9001895840303334, 0.9005487736588643, 0.9021665538253216, 0.9035037986166232, 0.9055028028829654, 0.9067297702874293, 0.9081276199347927, 0.9101163200563976, 0.9106553512494107, 0.9114343147688305, 0.9121613557703784, 0.9174222004410684, 0.9184681902408894, 0.9190333831589437, 0.921112229491696, 0.9221191716427392, 0.9231950844854071, 0.925916161349855, 0.9286975417628685, 0.9297282459511391, 0.9299310344827586, 0.9310872894333844, 0.9323011963406052, 0.932399943430915, 0.932942522161853, 0.9333910034602076, 0.934010152284264, 0.9343544857768052, 0.9379996982953689, 0.9411029526636463, 0.9410183428209994, 0.9414118777012966, 0.942007557088878, 0.9424508020506036, 0.9427715854267177, 0.9427179573324375, 0.9444060773480663, 0.9448722436121806, 0.9453319133830316, 0.9457820581416087, 0.9468581687612209, 0.948708348932984, 0.9492548575740426, 0.9492725880551302, 0.9498644986449865, 0.9508454581203303, 0.9522731948158815, 0.9524203558129913, 0.9531152323400709, 0.9562554680664916, 0.9591368227731865, 0.9598036924515073, 0.9597251836057806, 0.9608790147307413, 0.9630653266331658, 0.9637239979705733, 0.9660560344827587, 0.9663500678426051, 0.9659090909090909, 0.9701889020070839, 0.9699494198155311, 0.9725677830940989, 0.9731998708427511, 0.973841059602649, 0.9737670514165793, 0.9739378793288112, 0.974293059125964, 0.9741476208317722, 0.9741512345679012, 0.9745425616547335, 0.9745006374840629, 0.9753954305799648, 0.9760938204781235, 0.9790856031128404, 0.9808951965065502, 0.9808773903262092, 0.9805996472663139, 0.9811205846528623, 0.9814696485623003, 0.9817945383615084, 0.9831223628691983, 0.9833454018826937, 0.9831288343558282, 0.9828850855745721, 0.9829497016197783, 0.9812252964426877, 0.9832109129066107, 0.9809825673534073, 0.9801324503311258, 0.981651376146789, 0.9813519813519813, 0.9806629834254144, 0.9912280701754386, 0.9937888198757764, 1.0],