{"time": "2022-06-12T19:30:04.059245", "features": ["i"], "seed": 888, "split_id": 0, "metrics_train": {"acc": 0.8559560201163593, "auc": 0.787068781582752, "nll": 0.3585937834294958, "mse": 0.10965752500194166, "rmse": 0.33114577605933865, "f1": 0.926911748663685}, "metrics_test": {"acc": 0.8683046683046683, "auc": 0.7927103849670103, "nll": 0.33965423902086384, "mse": 0.1023404415697873, "rmse": 0.31990692641733676, "f1": 0.926911748663685}}