{"time": "2022-06-16T17:08:35.929402", "features": ["i"], "seed": 888, "split_id": 3, "metrics_test": {"acc": 0.8595050138681459, "auc": 0.7862956866577911, "pr_auc": 0.9466413222822053, "nll": 0.35413721182598773, "mse": 0.10767880634625178, "rmse": 0.3281444900440228, "f1": 0.9216491165447082, "gmean": 0.7098386681485563, "cm": [[311, 1146], [171, 7746]], "cm_roc_opt": [[992, 465], [2047, 5870]], "cm_pr_opt": [[311, 1146], [171, 7746]], "roc_opt_t": 0.8372661544590407, "pr_opt_t": 0.4215607414962312, "J_best_i": 73, "fpr_curve": [0.0, 0.0013726835964310226, 0.0013726835964310226, 0.002059025394646534, 0.00549073438572409, 0.00549073438572409, 0.00549073438572409, 0.00549073438572409, 0.008236101578586136, 0.008236101578586136, 0.008236101578586136, 0.008236101578586136, 0.01029512697323267, 0.01029512697323267, 0.011667810569663692, 0.013040494166094716, 0.013040494166094716, 0.013040494166094716, 0.013040494166094716, 0.015099519560741249, 0.015785861358956762, 0.015785861358956762, 0.017158544955387784, 0.017158544955387784, 0.024021962937542895, 0.024708304735758406, 0.031571722717913524, 0.033630748112560054, 0.03706245710363761, 0.041866849691146193, 0.04392587508579272, 0.04461221688400824, 0.04667124227865477, 0.04735758407687028, 0.05216197666437886, 0.055593685655456415, 0.06382978723404255, 0.06588881262868909, 0.06794783802333562, 0.0851063829787234, 0.08785175017158545, 0.1029512697323267, 0.11118737131091283, 0.11599176389842142, 0.12903225806451613, 0.12971859986273165, 0.1448181194234729, 0.14962251201098148, 0.16472203157172272, 0.18393960192175704, 0.1873713109128346, 0.18874399450926563, 0.2010981468771448, 0.2059025394646534, 0.20933424845573095, 0.20933424845573095, 0.21482498284145504, 0.2189430336307481, 0.2299245024021963, 0.23266986959505834, 0.24502402196293754, 0.25051475634866166, 0.2560054907343857, 0.26424159231297184, 0.26904598490048043, 0.2704186684969115, 0.27110501029512696, 0.27934111187371313, 0.28414550446122167, 0.2862045298558682, 0.2916952642415923, 0.29718599862731643, 0.3191489361702128, 0.34248455730954014, 0.34866163349347973, 0.35895676046671243, 0.363761153054221, 0.3761153054221002, 0.40631434454358273, 0.41111873713109126, 0.43994509265614273, 0.4474948524365134, 0.4543582704186685, 0.4660260809883322, 0.4756348661633493, 0.48455730954015097, 0.5243651338366506, 0.5312285518188058, 0.544955387783116, 0.5600549073438572, 0.5689773507206589, 0.573095401509952, 0.5751544269045985, 0.5888812628689087, 0.5984900480439259, 0.606726149622512, 0.6115305422100206, 0.6190803019903912, 0.6300617707618394, 0.6410432395332876, 0.6623198352779684, 0.6726149622512011, 0.6870281400137268, 0.7048730267673301, 0.7206588881262869, 0.7323266986959506, 0.7474262182566919, 0.7693891557995882, 0.7865477007549759, 0.8153740562800275, 0.8448867536032945, 0.8743994509265615, 0.8894989704873026, 0.9148936170212766, 0.9890185312285518, 1.0], "tpr_curve": [0.0, 0.019830743968675003, 0.031703928255652394, 0.0370089680434508, 0.05646078059871163, 0.06239737274220033, 0.0645446507515473, 0.06997600101048376, 0.08955412403688266, 0.09549071618037135, 0.10104837691044588, 0.10319565491979285, 0.10824807376531514, 0.12833143867626626, 0.1341417203486169, 0.14475179992421372, 0.1468990779335607, 0.15384615384615385, 0.15940381457622838, 0.16988758368068713, 0.17519262346848555, 0.1794871794871795, 0.1900972590627763, 0.19565491979285082, 0.21447517999242138, 0.21864342553997726, 0.23203233548061133, 0.2608311229000884, 0.27106227106227104, 0.29026146267525577, 0.29417708728053554, 0.29960843753947203, 0.3046608563849943, 0.3114816218264494, 0.3306808134394341, 0.336996336996337, 0.34318555008210183, 0.34861690034103826, 0.359100669445497, 0.38448907414424655, 0.3894151825186308, 0.40671971706454463, 0.4350132625994695, 0.44107616521409626, 0.46798029556650245, 0.47000126310471135, 0.49652646204370343, 0.50650498926361, 0.53315649867374, 0.5589238347859038, 0.5637236326891499, 0.5695339143615006, 0.5960591133004927, 0.6006062902614627, 0.6076796766451938, 0.6098269546545408, 0.6142478211443728, 0.6208159656435519, 0.6342048755841859, 0.6396362258431224, 0.6574460022735885, 0.6641404572439055, 0.6700770493873942, 0.6746242263483643, 0.6796766451938866, 0.6852343059239611, 0.68725527346217, 0.6923076923076923, 0.7022862195275988, 0.7080965011999495, 0.7125173676897815, 0.7170645446507515, 0.7414424655803966, 0.766325628394594, 0.7721359100669446, 0.777567260325881, 0.782114437286851, 0.790703549324239, 0.8139446760136415, 0.8189970948591638, 0.8422382215485664, 0.8464064670961222, 0.8510799545282304, 0.8562586838448908, 0.8653530377668309, 0.8696475937855248, 0.8911203738789946, 0.8975622079070354, 0.9012252115700392, 0.9057723885310093, 0.9099406340785651, 0.9113300492610837, 0.9130983958570166, 0.9175192623468486, 0.9230769230769231, 0.9274977895667551, 0.9322975874700012, 0.9363395225464191, 0.9400025262094227, 0.9456864974106354, 0.9487179487179487, 0.9522546419098143, 0.9565491979285082, 0.9593280282935456, 0.9637488947833776, 0.967032967032967, 0.9701907288114184, 0.9738537324744221, 0.9784009094353922, 0.9839585701654667, 0.9862321586459517, 0.9881268157130226, 0.9907793356069218, 0.993431855500821, 0.9998736895288619, 1.0], "fscore_best_i": 6, "precision_curve": [0.8445700874759975, 0.8459976488190659, 0.8550771906936291, 0.8582056892778993, 0.8599538309332747, 0.8638123686248479, 0.8676765426598352, 0.8711201079622132, 0.8730608085154569, 0.8758266818700114, 0.8776796973518285, 0.8790322580645161, 0.8808861053119926, 0.8832516911593189, 0.8849630238290879, 0.8861491269466729, 0.8890868067925425, 0.8901913875598086, 0.8915213469633193, 0.8922872340425532, 0.8925489242737328, 0.893398533007335, 0.8943609948288599, 0.8961199950415272, 0.8962732919254658, 0.8968006971243621, 0.897833980217854, 0.8998612687602472, 0.9017766497461929, 0.9022892953063052, 0.9069951258068766, 0.9081389183457051, 0.9089568248860285, 0.9105405405405406, 0.9113287093703251, 0.9122999042276645, 0.915431314414796, 0.915861284820921, 0.9195064629847238, 0.9211544183278786, 0.9216948645006737, 0.9232744298444344, 0.9240024367956138, 0.9265982636148382, 0.9291325695581014, 0.9299373557533795, 0.9307653993026731, 0.9306996986943421, 0.9308763586956522, 0.9323166552433173, 0.9322907716102423, 0.9320976961718344, 0.9327628361858191, 0.9343078548784783, 0.9350880313000178, 0.935814455231931, 0.9372570794003331, 0.9374533233756535, 0.9390523500191058, 0.9395285935085008, 0.9405805571790375, 0.9403831118060985, 0.9406528189910979, 0.9415403032721469, 0.9425167224080268, 0.942356418918919, 0.9428936714255274, 0.9462004034969738, 0.9484389782403028, 0.9490584258812168, 0.9516624040920716, 0.9517081941947084, 0.9538377492488391, 0.9550748752079867, 0.9554896142433235, 0.9601370289629398, 0.9608585858585859, 0.9663494221617946, 0.9663865546218487, 0.9669039145907473, 0.9705347399054202, 0.9717891610987379, 0.9727810650887574, 0.9725806451612903, 0.9733278621255642, 0.973255328040117, 0.9741415854175498, 0.9754545454545455, 0.9768211920529801, 0.975570897503983, 0.9796264855687606, 0.979803808424697, 0.9841168996188056, 0.9836601307189542, 0.9840720221606648, 0.9836879432624114, 0.9839063643013899, 0.985167837626854, 0.98464025869038, 0.9839255499153976, 0.9836909871244636, 0.9842446709916589, 0.98545101842871, 0.9827981651376146, 0.985524728588661, 0.9852216748768473, 0.984375, 0.9833564493758669, 0.9857651245551602, 0.9845857418111753, 0.9840637450199203, 0.9824175824175824, 0.9898648648648649, 0.9920948616600791, 0.9902912621359223, 0.9874213836477987, 1.0],