{"time": "2022-06-16T17:08:44.270115", "features": ["i"], "seed": 888, "split_id": 4, "metrics_test": {"acc": 0.8566169154228855, "auc": 0.7737500377518046, "pr_auc": 0.9435481305891473, "nll": 0.3616365017924937, "mse": 0.1101977308021593, "rmse": 0.3319604355976165, "f1": 0.9200466071131332, "gmean": 0.7050857845518225, "cm": [[318, 1242], [199, 8291]], "cm_roc_opt": [[1120, 440], [2626, 5864]], "cm_pr_opt": [[353, 1207], [236, 8254]], "roc_opt_t": 0.8612705583640993, "pr_opt_t": 0.5580519236279886, "J_best_i": 67, "fpr_curve": [0.0, 0.000641025641025641, 0.000641025641025641, 0.0019230769230769232, 0.0019230769230769232, 0.002564102564102564, 0.002564102564102564, 0.0038461538461538464, 0.004487179487179487, 0.007051282051282051, 0.009615384615384616, 0.011538461538461539, 0.011538461538461539, 0.011538461538461539, 0.01282051282051282, 0.013461538461538462, 0.014102564102564103, 0.014743589743589743, 0.015384615384615385, 0.017948717948717947, 0.019230769230769232, 0.020512820512820513, 0.021153846153846155, 0.028846153846153848, 0.035256410256410256, 0.03974358974358974, 0.047435897435897434, 0.05641025641025641, 0.058333333333333334, 0.05961538461538462, 0.06153846153846154, 0.0641025641025641, 0.06602564102564103, 0.07115384615384615, 0.075, 0.07564102564102564, 0.07884615384615384, 0.09294871794871795, 0.0967948717948718, 0.09871794871794871, 0.1, 0.10897435897435898, 0.11987179487179488, 0.13141025641025642, 0.14102564102564102, 0.14294871794871794, 0.1596153846153846, 0.16282051282051282, 0.16602564102564102, 0.17051282051282052, 0.1737179487179487, 0.1794871794871795, 0.18076923076923077, 0.1935897435897436, 0.20833333333333334, 0.2141025641025641, 0.22756410256410256, 0.2358974358974359, 0.24423076923076922, 0.2512820512820513, 0.2551282051282051, 0.257051282051282, 0.2673076923076923, 0.2692307692307692, 0.2724358974358974, 0.275, 0.28205128205128205, 0.2846153846153846, 0.31346153846153846, 0.31794871794871793, 0.32243589743589746, 0.33076923076923076, 0.35512820512820514, 0.37115384615384617, 0.37435897435897436, 0.3769230769230769, 0.3801282051282051, 0.3871794871794872, 0.4173076923076923, 0.4493589743589744, 0.45576923076923076, 0.46474358974358976, 0.47115384615384615, 0.4814102564102564, 0.491025641025641, 0.49935897435897436, 0.5096153846153846, 0.5487179487179488, 0.5557692307692308, 0.5647435897435897, 0.5685897435897436, 0.5801282051282052, 0.5942307692307692, 0.6096153846153847, 0.6185897435897436, 0.6307692307692307, 0.6358974358974359, 0.6378205128205128, 0.6538461538461539, 0.6634615384615384, 0.676923076923077, 0.6891025641025641, 0.7083333333333334, 0.7192307692307692, 0.7326923076923076, 0.742948717948718, 0.7538461538461538, 0.7737179487179487, 0.7961538461538461, 0.8275641025641025, 0.8416666666666667, 0.8692307692307693, 0.8974358974358975, 0.9262820512820513, 0.9897435897435898, 1.0], "tpr_curve": [0.0, 0.018138987043580683, 0.024970553592461718, 0.03133097762073027, 0.044994110718492346, 0.05100117785630153, 0.05759717314487633, 0.07561837455830389, 0.08115429917550059, 0.0989399293286219, 0.10895170789163722, 0.1166077738515901, 0.12343934040047114, 0.14169611307420496, 0.14452296819787985, 0.15005889281507656, 0.15441696113074205, 0.1608951707891637, 0.1669022379269729, 0.17691401648998822, 0.1823321554770318, 0.18869257950530036, 0.19905771495877503, 0.22520612485276797, 0.24228504122497055, 0.2519434628975265, 0.267020023557126, 0.28362779740871613, 0.29246171967020024, 0.2978798586572438, 0.3055359246171967, 0.32332155477031804, 0.32956419316843344, 0.3333333333333333, 0.3431095406360424, 0.34605418138987043, 0.3534746760895171, 0.3790341578327444, 0.38492343934040046, 0.38763250883392225, 0.39199057714958774, 0.40082449941107184, 0.41707891637220257, 0.4435806831566549, 0.4705535924617197, 0.47326266195524147, 0.4989399293286219, 0.5068315665488811, 0.5103651354534747, 0.5161366313309776, 0.519434628975265, 0.5268551236749116, 0.5346289752650176, 0.560188457008245, 0.5871613663133097, 0.5943462897526501, 0.620494699646643, 0.6274440518256773, 0.6339222614840989, 0.6411071849234393, 0.6488810365135453, 0.6515901060070671, 0.667962308598351, 0.6742049469964664, 0.67773851590106, 0.68150765606596, 0.6906949352179034, 0.6949352179034158, 0.7182567726737338, 0.7221436984687868, 0.7256772673733805, 0.7321554770318022, 0.7557126030624264, 0.7632508833922261, 0.7692579505300353, 0.7733804475853946, 0.7767962308598351, 0.7837455830388692, 0.8070671378091873, 0.8294464075382804, 0.8351001177856302, 0.8402826855123675, 0.8447585394581861, 0.8533568904593639, 0.8598351001177856, 0.8651354534746761, 0.8717314487632509, 0.8930506478209659, 0.8964664310954064, 0.8990577149587751, 0.9014134275618375, 0.9075382803297998, 0.9129564193168433, 0.9183745583038869, 0.9208480565371024, 0.9254416961130743, 0.9287396937573617, 0.9314487632508834, 0.9369846878680801, 0.9396937573616019, 0.9438162544169612, 0.9459363957597173, 0.9506478209658422, 0.9566548881036514, 0.962190812720848, 0.9646643109540636, 0.9673733804475854, 0.9722025912838633, 0.9765606595995289, 0.9812720848056538, 0.9828032979976443, 0.9862190812720848, 0.9892815076560659, 0.992226148409894, 0.9988221436984688, 1.0], "fscore_best_i": 7, "precision_curve": [0.844776119402985, 0.8459696727853152, 0.8535819231938393, 0.8571282783957547, 0.8606228800493371, 0.8640364502433467, 0.8658283101226356, 0.8697157243260254, 0.8724236338653419, 0.8747470444136756, 0.8760295218739972, 0.8772551546391752, 0.8786239723063609, 0.8795771578029643, 0.881945969690314, 0.883559378101224, 0.8851658715189171, 0.8863509749303621, 0.8882399191283837, 0.8882505350906837, 0.8887003732609433, 0.8901286576340658, 0.8912894375857339, 0.8931781516478451, 0.8948896631823461, 0.896135831381733, 0.8965233732675593, 0.8977353149327671, 0.8985541597534961, 0.9030014641288433, 0.9041112752338749, 0.9050334738408133, 0.9060780390195098, 0.9070443910459087, 0.9077490774907749, 0.9088578387386232, 0.9094666150071032, 0.913234706117553, 0.9167814825020667, 0.9175013912075681, 0.9178082191780822, 0.9179198875614898, 0.9179770505737357, 0.9205164992826399, 0.9233511586452763, 0.9245198079231692, 0.9251546702882149, 0.9257628662517079, 0.9300126103404792, 0.9302030456852792, 0.9309734513274336, 0.9312186437934941, 0.931640625, 0.9315045992115637, 0.9324119332546772, 0.9326223125105807, 0.9328191945158526, 0.9338885996876627, 0.9353819139596137, 0.9368664414013872, 0.937918215613383, 0.9387947269303202, 0.9402926057730329, 0.9415059116365899, 0.9410898379970545, 0.9421063875240333, 0.9427710843373494, 0.9435975609756098, 0.9442615755979811, 0.9444816053511705, 0.9474180617778826, 0.9478054567022538, 0.9483757239989927, 0.9498390557939914, 0.9524209347886929, 0.9552238805970149, 0.9552975326560232, 0.9558350394852296, 0.9568837347606304, 0.9606274007682458, 0.9613874345549738, 0.9613861386138614, 0.9622577354641279, 0.9644950017235436, 0.9648506151142355, 0.9643122676579926, 0.9645308924485125, 0.9646464646464646, 0.9647435897435898, 0.9683895771038018, 0.971830985915493, 0.9739583333333334, 0.977005620848237, 0.9808473592571096, 0.9804161566707467, 0.9809885931558935, 0.9816993464052287, 0.9833448993754337, 0.9834413246940245, 0.9834958739684921, 0.9837837837837838, 0.9839615076182838, 0.9852579852579852, 0.9831144465290806, 0.9821428571428571, 0.9840425531914894, 0.9870740305522914, 0.9899425287356322, 0.9907407407407407, 0.9918864097363083, 0.9908466819221968, 0.9922077922077922, 0.9908256880733946, 0.9888475836431226, 0.9953051643192489, 0.9935483870967742, 1.0],