{"time": "2022-06-12T19:30:13.022909", "features": ["i"], "seed": 888, "split_id": 1, "metrics_train": {"acc": 0.860322829358072, "auc": 0.7890575058952226, "nll": 0.3512775791938558, "mse": 0.10686999530968823, "rmse": 0.32690976631126856, "f1": 0.916440036260865}, "metrics_test": {"acc": 0.8512153437143942, "auc": 0.7828279560757884, "nll": 0.36895293923549555, "mse": 0.1133992784758571, "rmse": 0.33674809349995893, "f1": 0.916440036260865}}