{"time": "2022-06-12T19:30:22.096254", "features": ["i"], "seed": 888, "split_id": 2, "metrics_train": {"acc": 0.8588373078168997, "auc": 0.7885928763347639, "nll": 0.3533403830584246, "mse": 0.10773546909800863, "rmse": 0.32823081680123917, "f1": 0.9199451534648243}, "metrics_test": {"acc": 0.8569004524886877, "auc": 0.7848927703956999, "nll": 0.36058113167328004, "mse": 0.10996487102057244, "rmse": 0.33160951587759424, "f1": 0.9199451534648243}}