{"time": "2022-06-12T19:30:19.407089", "features": ["i", "icA_TW", "icW_TW", "n_gram", "tcA_TW", "tcW_TW", "user_avg_correct"], "seed": 888, "split_id": 1, "metrics_train": {"acc": 0.8719874648693013, "auc": 0.8566776296981018, "nll": 0.30609063340133424, "mse": 0.09322944006573032, "rmse": 0.30533496371318225, "f1": 0.9185129147303577}, "metrics_test": {"acc": 0.8568173186479301, "auc": 0.8412456380329701, "nll": 0.33310990440280475, "mse": 0.1028172981305308, "rmse": 0.3206513653963301, "f1": 0.9185129147303577}}