{"time": "2022-06-16T17:08:19.243996", "features": ["i"], "seed": 888, "split_id": 1, "metrics_test": {"acc": 0.8512153437143942, "auc": 0.7828279560757884, "pr_auc": 0.9434655289494296, "nll": 0.36895293923549555, "mse": 0.1133992784758571, "rmse": 0.33674809349995893, "f1": 0.916440036260865, "gmean": 0.7049486188904955, "cm": [[372, 1362], [205, 8593]], "cm_roc_opt": [[1126, 608], [2091, 6707]], "cm_pr_opt": [[384, 1350], [225, 8573]], "roc_opt_t": 0.8226095828732073, "pr_opt_t": 0.5626659279998243, "J_best_i": 72, "fpr_curve": [0.0, 0.0005767012687427913, 0.0005767012687427913, 0.0011534025374855825, 0.0011534025374855825, 0.0057670126874279125, 0.0057670126874279125, 0.008073817762399077, 0.00865051903114187, 0.00922722029988466, 0.00922722029988466, 0.010957324106113034, 0.012110726643598616, 0.012687427912341407, 0.0132641291810842, 0.015570934256055362, 0.016724336793540944, 0.01845444059976932, 0.01903114186851211, 0.0265282583621684, 0.0265282583621684, 0.02768166089965398, 0.02883506343713956, 0.03344867358708189, 0.03633217993079585, 0.03690888119953864, 0.04498269896193772, 0.0530565167243368, 0.05536332179930796, 0.05594002306805075, 0.058823529411764705, 0.06401384083044982, 0.0657439446366782, 0.07151095732410612, 0.07324106113033449, 0.07381776239907728, 0.08592848904267589, 0.08765859284890427, 0.08938869665513265, 0.09400230680507497, 0.10092272202998846, 0.1118800461361015, 0.12110726643598616, 0.12283737024221453, 0.14071510957324107, 0.14763552479815456, 0.16147635524798154, 0.17243367935409457, 0.17647058823529413, 0.19204152249134948, 0.19492502883506344, 0.20242214532871972, 0.21510957324106114, 0.22606689734717417, 0.23760092272202998, 0.23933102652825836, 0.2497116493656286, 0.2497116493656286, 0.2577854671280277, 0.2710495963091119, 0.27854671280276816, 0.28143021914648214, 0.2825836216839677, 0.2848904267589389, 0.28719723183391005, 0.29296424452133796, 0.3016147635524798, 0.30565167243367936, 0.32525951557093424, 0.3391003460207612, 0.34832756632064593, 0.3506343713956171, 0.35121107266435986, 0.36562860438292966, 0.3754325259515571, 0.4013840830449827, 0.40945790080738176, 0.4302191464821223, 0.4411764705882353, 0.45617070357554784, 0.461361014994233, 0.4682814302191465, 0.4809688581314879, 0.4936562860438293, 0.5236447520184544, 0.5317185697808535, 0.5380622837370242, 0.5409457900807382, 0.552479815455594, 0.5697808535178778, 0.5859284890426759, 0.5899653979238755, 0.6014994232987313, 0.6211072664359861, 0.6239907727797002, 0.649365628604383, 0.6534025374855824, 0.6718569780853518, 0.6949250288350635, 0.7024221453287197, 0.720876585928489, 0.7295271049596309, 0.7566320645905421, 0.7785467128027682, 0.7854671280276817, 0.8148788927335641, 0.8269896193771626, 0.8592848904267589, 0.8886966551326413, 0.9250288350634371, 0.9913494809688581, 1.0], "tpr_curve": [0.0, 0.019663559899977267, 0.028756535576267332, 0.04682882473289384, 0.049102068651966355, 0.08774721527619914, 0.10525119345305751, 0.1245737667651739, 0.1315071607183451, 0.14048647419868152, 0.14275971811775404, 0.15287565355762672, 0.16219595362582406, 0.16912934757899523, 0.17265287565355764, 0.1817458513298477, 0.18606501477608547, 0.1927710843373494, 0.20140941122982495, 0.2236872016367356, 0.22823368947488065, 0.23755398954307796, 0.2460786542395999, 0.2556262786997045, 0.26210502386906115, 0.26426460559218007, 0.2824505569447602, 0.3204137303932712, 0.3295067060695613, 0.33166628779268015, 0.3398499659013412, 0.34837463059786317, 0.35814957944987497, 0.3674698795180723, 0.3772448283700841, 0.379404410093203, 0.39997726756080926, 0.40338713343941807, 0.4053193907706297, 0.41316208229142987, 0.42225505796771995, 0.44350988861104795, 0.46544669243009773, 0.468401909524892, 0.4886337804046374, 0.5070470561491248, 0.5262559672652876, 0.5475107979086156, 0.5562627869970448, 0.5766083200727438, 0.5796771993634917, 0.5883155262559673, 0.6065014776085474, 0.6218458740622869, 0.6291202546033189, 0.631848147306206, 0.6504887474426005, 0.6527619913616731, 0.6615139804501023, 0.6786769720390998, 0.6876562855194363, 0.6907251648101841, 0.6927710843373494, 0.6953853148442828, 0.6985678563309843, 0.7007274380541032, 0.707774494203228, 0.7109570356899295, 0.7298249602182314, 0.7508524664696522, 0.7594907933621278, 0.7623323482609684, 0.7659695385314844, 0.7726756080927484, 0.7798363264378267, 0.7977949533984997, 0.8063196180950216, 0.8253012048192772, 0.8322345987724483, 0.8393953171175267, 0.8479199818140486, 0.85360309161173, 0.8601954989770403, 0.8680381904978404, 0.8858831552625597, 0.888838372357354, 0.8911116162764264, 0.8938395089793135, 0.9016822005001137, 0.9083882700613776, 0.9142987042509662, 0.9167992725619459, 0.924982950670607, 0.9314616958399636, 0.9343032507388043, 0.9397590361445783, 0.9418049556717436, 0.9469197544896567, 0.9528301886792453, 0.9551034325983178, 0.9615821777676745, 0.9634007729029325, 0.968401909524892, 0.9744260059104342, 0.9766992498295067, 0.9804501022959764, 0.981473062059559, 0.9852239145260286, 0.9897704023641737, 0.992725619458968, 0.9994316890202318, 1.0], "fscore_best_i": 7, "precision_curve": [0.835358906190657, 0.836472602739726, 0.844844263880828, 0.8496438676944092, 0.8533175822012207, 0.8575826795113716, 0.8592489291762128, 0.863184329482672, 0.8639524337397965, 0.8665581773799838, 0.8701365362899086, 0.8712667353244078, 0.8734019332709697, 0.8743220692532332, 0.8773167649536647, 0.8797112219980889, 0.8801362571854375, 0.8836809288325091, 0.8838438308886971, 0.8863958174490796, 0.8874463637363846, 0.8878587196467991, 0.8899777282850779, 0.8922505904847599, 0.8934333106112248, 0.8936509745811011, 0.8945321436742164, 0.8956561709951735, 0.8992111150359119, 0.900737919542966, 0.9024273011295362, 0.9031476997578692, 0.9032534246575342, 0.9054037343885248, 0.9068315224178843, 0.9090210148641722, 0.9097861309138042, 0.9133386581469649, 0.9146932185145318, 0.9171203048448557, 0.9168831168831169, 0.9171012901454845, 0.9182652210175146, 0.9192555476020043, 0.9218865143699336, 0.9225185185185185, 0.9238723212947699, 0.9250451535219747, 0.9252873563218391, 0.9255884586180714, 0.9256664127951256, 0.9260676565130874, 0.9270299642912592, 0.9286740067017711, 0.929889896373057, 0.9296621182586094, 0.9305323066622029, 0.9307213721203969, 0.9331400307010063, 0.9346645647223681, 0.9364935769857066, 0.9378447958808386, 0.9384017758046614, 0.9411538461538461, 0.9415559030492572, 0.9429735234215886, 0.9457282170871316, 0.9462909971384548, 0.9508537148131057, 0.9512195121951219, 0.95263671875, 0.9550128534704371, 0.9570826750921537, 0.958344531040043, 0.958930018913807, 0.9593784078516903, 0.9630698211194461, 0.9631456761462566, 0.9630622579684242, 0.965084226646248, 0.9650503778337531, 0.9670116429495472, 0.9678275290215589, 0.9679465776293823, 0.9683957402954311, 0.9695669137729224, 0.9732105483465885, 0.9734065006331786, 0.9748591244039878, 0.9774266365688488, 0.9775491113189897, 0.9776046738072055, 0.9771598808341608, 0.9817174515235457, 0.9814814814814815, 0.982593037214886, 0.9833948339483395, 0.9850843060959793, 0.9854304635761589, 0.9854972375690608, 0.9860703812316716, 0.9874213836477987, 0.987220447284345, 0.9872013651877133, 0.9873873873873874, 0.9893162393162394, 0.9872122762148338, 0.9953917050691244, 0.9951690821256038, 0.9960629921259843, 0.9942528735632183, 1.0],