{"time": "2022-06-13T18:29:31.490072", "features": ["bundle", "i", "icA", "icA_TW", "icW", "icW_TW", "n_gram", "tcA", "tcA_TW", "tcW", "tcW_TW", "user_avg_correct"], "seed": 888, "split_id": 0, "metrics_train": {"acc": 0.8687506163100286, "auc": 0.854176727310413, "nll": 0.31372236505175166, "mse": 0.09592208646167019, "rmse": 0.30971290974331406, "f1": 0.9300784270407599}, "metrics_test": {"acc": 0.8755773955773956, "auc": 0.8528870856893404, "nll": 0.30127994470409425, "mse": 0.09144558122622111, "rmse": 0.3023997044082899, "f1": 0.9300784270407599}}