{"time": "2022-06-13T18:28:49.990687", "features": ["i", "icA", "icA_TW", "icW", "icW_TW", "n_gram", "tcA", "tcA_TW", "tcW", "tcW_TW"], "seed": 888, "split_id": 1, "metrics_train": {"acc": 0.8721615639067825, "auc": 0.8565368926111283, "nll": 0.3062158828737629, "mse": 0.09327537065319372, "rmse": 0.3054101678942496, "f1": 0.9185769896193772}, "metrics_test": {"acc": 0.8570072161033042, "auc": 0.8415537189562586, "nll": 0.33279143742581035, "mse": 0.10271084731263576, "rmse": 0.3204853308852618, "f1": 0.9185769896193772}}