{"time": "2022-06-12T19:30:15.741607", "features": ["i", "tcA", "tcW"], "seed": 888, "split_id": 1, "metrics_train": {"acc": 0.8620389484418136, "auc": 0.8156663370396822, "nll": 0.33660209336678504, "mse": 0.10272363383600248, "rmse": 0.32050527895184894, "f1": 0.9170862346009642}, "metrics_test": {"acc": 0.8530193695404482, "auc": 0.807030891733022, "nll": 0.35569391125305677, "mse": 0.10955268297108234, "rmse": 0.3309874362737691, "f1": 0.9170862346009642}}