{"time": "2022-06-12T19:30:28.315348", "features": ["i", "icA_TW", "icW_TW", "n_gram", "tcA_TW", "tcW_TW", "user_avg_correct"], "seed": 888, "split_id": 2, "metrics_train": {"acc": 0.8715955246567492, "auc": 0.8556290964985442, "nll": 0.3082246087575464, "mse": 0.09390258543199015, "rmse": 0.30643528751106675, "f1": 0.9220654265554842}, "metrics_test": {"acc": 0.8625565610859729, "auc": 0.8440080396967473, "nll": 0.32417033368962916, "mse": 0.09989946019944994, "rmse": 0.3160687586577483, "f1": 0.9220654265554842}}