{"time": "2022-06-13T18:28:47.177226", "features": ["i", "icA", "icA_TW", "icW", "icW_TW", "n_gram", "tcA", "tcA_TW", "tcW", "tcW_TW"], "seed": 888, "split_id": 0, "metrics_train": {"acc": 0.8687013115077409, "auc": 0.8540324506084875, "nll": 0.31386037818306894, "mse": 0.09596129311465262, "rmse": 0.30977619843146864, "f1": 0.9300347893312718}, "metrics_test": {"acc": 0.8754791154791155, "auc": 0.8530187317793195, "nll": 0.30115780200389675, "mse": 0.09139222507153955, "rmse": 0.30231147029436306, "f1": 0.9300347893312718}}