{"time": "2022-06-12T19:30:24.764409", "features": ["i", "tcA", "tcW"], "seed": 888, "split_id": 2, "metrics_train": {"acc": 0.8611048815130448, "auc": 0.8140258867977173, "nll": 0.33910399460528917, "mse": 0.10358191123415236, "rmse": 0.3218414380314511, "f1": 0.9196840375337964}, "metrics_test": {"acc": 0.857183257918552, "auc": 0.8126741390968149, "nll": 0.34562358459413933, "mse": 0.10594298196521261, "rmse": 0.3254888353925717, "f1": 0.9196840375337964}}