{"time": "2022-06-12T19:30:10.409660", "features": ["i", "icA_TW", "icW_TW", "n_gram", "tcA_TW", "tcW_TW", "user_avg_correct"], "seed": 888, "split_id": 0, "metrics_train": {"acc": 0.8686273543043093, "auc": 0.8541220949570049, "nll": 0.31381485592898317, "mse": 0.09593647881747079, "rmse": 0.30973614386679316, "f1": 0.9301452316527693}, "metrics_test": {"acc": 0.8756756756756757, "auc": 0.8530276582535811, "nll": 0.3011669348665201, "mse": 0.09140661467700756, "rmse": 0.30233526866213867, "f1": 0.9301452316527693}}