{"time": "2022-06-13T18:29:37.289776", "features": ["bundle", "i", "icA", "icA_TW", "icW", "icW_TW", "n_gram", "tcA", "tcA_TW", "tcW", "tcW_TW", "user_avg_correct"], "seed": 888, "split_id": 2, "metrics_train": {"acc": 0.8718696269716678, "auc": 0.8556570301688468, "nll": 0.308137723638129, "mse": 0.09388211796385508, "rmse": 0.30640188962187404, "f1": 0.9221717036640813}, "metrics_test": {"acc": 0.8628393665158371, "auc": 0.8438460675417929, "nll": 0.32424206421920004, "mse": 0.09992235882775483, "rmse": 0.3161049807069715, "f1": 0.9221717036640813}}