{"time": "2022-06-16T17:08:27.605528", "features": ["i"], "seed": 888, "split_id": 2, "metrics_test": {"acc": 0.8569004524886877, "auc": 0.7848927703956999, "pr_auc": 0.944529829747268, "nll": 0.36058113167328004, "mse": 0.10996487102057244, "rmse": 0.33160951587759424, "f1": 0.9199451534648243, "gmean": 0.7135906357330292, "cm": [[368, 1327], [191, 8722]], "cm_roc_opt": [[1242, 453], [2732, 6181]], "cm_pr_opt": [[406, 1289], [236, 8677]], "roc_opt_t": 0.8603787936440851, "pr_opt_t": 0.5519934692119703, "J_best_i": 66, "fpr_curve": [0.0, 0.0, 0.0005899705014749262, 0.0011799410029498525, 0.0058997050147492625, 0.006489675516224189, 0.008259587020648967, 0.008259587020648967, 0.008259587020648967, 0.010619469026548672, 0.010619469026548672, 0.010619469026548672, 0.011209439528023599, 0.012389380530973451, 0.012979351032448377, 0.016519174041297935, 0.017699115044247787, 0.019469026548672566, 0.02064896755162242, 0.02182890855457227, 0.02182890855457227, 0.023008849557522124, 0.03008849557522124, 0.03185840707964602, 0.03952802359882006, 0.04542772861356932, 0.04837758112094395, 0.05073746312684366, 0.052507374631268436, 0.05368731563421829, 0.05604719764011799, 0.06017699115044248, 0.0607669616519174, 0.06548672566371681, 0.06666666666666667, 0.0696165191740413, 0.07256637168141593, 0.0743362831858407, 0.08377581120943953, 0.09793510324483776, 0.11032448377581121, 0.11268436578171091, 0.11740412979351032, 0.1215339233038348, 0.12625368731563422, 0.1392330383480826, 0.15516224188790562, 0.16991150442477876, 0.1705014749262537, 0.17581120943952802, 0.18348082595870208, 0.18997050147492625, 0.1929203539823009, 0.20825958702064898, 0.2135693215339233, 0.21415929203539824, 0.2176991150442478, 0.22064896755162242, 0.23480825958702065, 0.23952802359882006, 0.24365781710914455, 0.24542772861356932, 0.2513274336283186, 0.25722713864306784, 0.26489675516224187, 0.2672566371681416, 0.2696165191740413, 0.27728613569321536, 0.3008849557522124, 0.3056047197640118, 0.30973451327433627, 0.3185840707964602, 0.3398230088495575, 0.34277286135693213, 0.34690265486725663, 0.35634218289085545, 0.38761061946902653, 0.3958702064896755, 0.40353982300884955, 0.431858407079646, 0.4407079646017699, 0.44837758112094395, 0.45486725663716815, 0.4672566371681416, 0.4772861356932153, 0.4861356932153392, 0.49321533923303834, 0.503834808259587, 0.5156342182890855, 0.5445427728613569, 0.559882005899705, 0.5734513274336284, 0.5828908554572272, 0.5893805309734513, 0.6023598820058997, 0.6129793510324484, 0.6277286135693215, 0.6359882005899705, 0.6525073746312684, 0.6696165191740413, 0.687905604719764, 0.7138643067846607, 0.7315634218289085, 0.7398230088495575, 0.7510324483775811, 0.7604719764011799, 0.7828908554572271, 0.8070796460176991, 0.8235988200589971, 0.855457227138643, 0.8843657817109144, 0.9539823008849557, 0.984660766961652, 1.0], "tpr_curve": [0.0, 0.018848872433524066, 0.03287333108941995, 0.03982946258274431, 0.05778076966229104, 0.06496129249410973, 0.0834735779198923, 0.08706383933580164, 0.0943565578368675, 0.1127566475934029, 0.11982497475597442, 0.1259957365645686, 0.13306406372714014, 0.14192752159766633, 0.14798608773701336, 0.16324469875462808, 0.1703130259171996, 0.17794233142600696, 0.18489846291933132, 0.19084483338943117, 0.19600583417480086, 0.20307416133737238, 0.2278694042409963, 0.2347133400650735, 0.25210366879838436, 0.26983058453943676, 0.27835745540222145, 0.28699652193425335, 0.29025019634242116, 0.29619656681252104, 0.3030405026365982, 0.32110400538539213, 0.3289577022326938, 0.3352406597105352, 0.34410411758106135, 0.3515090317513744, 0.3600359026141591, 0.3642993380455514, 0.3892067766184225, 0.41321664983731626, 0.4371143273869629, 0.44395826321104004, 0.4523729384045776, 0.46067541792886796, 0.46774374509143946, 0.4911926399640974, 0.515090317513744, 0.5392123864018848, 0.542690452148547, 0.5605295635588466, 0.5683832604061483, 0.5744418265454954, 0.5783686749691462, 0.6021541568495457, 0.610456636373836, 0.6150566588129698, 0.6216762032985527, 0.6247054863682262, 0.6408616627398183, 0.6490519465948614, 0.6530909906877594, 0.6575788174576461, 0.665544709974195, 0.6723886457982722, 0.6895545831930887, 0.6934814316167396, 0.6971838887018961, 0.7030180635027488, 0.7247840233366992, 0.7282620890833614, 0.7324133288455066, 0.7398182430158196, 0.7623695725345002, 0.7668573993043869, 0.7707842477280377, 0.7780769662291036, 0.7982721866935937, 0.8037697744867048, 0.8102771233030405, 0.8308089307752721, 0.8370918882531134, 0.8427016717154718, 0.8476382811623472, 0.8545944126556715, 0.8575115000560979, 0.8649164142264109, 0.8706383933580164, 0.8734432850891956, 0.8783798945360709, 0.8990238976775496, 0.9051946594861439, 0.9117020083024795, 0.9143947043644115, 0.9180971614495681, 0.9247167059351509, 0.9297655110512735, 0.9362728598676091, 0.9393021429372826, 0.9434533826994278, 0.9492875575002805, 0.9548973409626389, 0.9592729720632783, 0.9649949511948839, 0.9676876472568159, 0.9702681476495008, 0.9735218220576686, 0.9785706271737911, 0.9819364972512061, 0.9836194322899137, 0.9868731066980815, 0.9904633681139908, 0.9960731515763491, 0.999326825984517, 1.0], "fscore_best_i": 7, "precision_curve": [0.8402149321266968, 0.8421898638426626, 0.845926631729395, 0.8548465188341241, 0.8584813585789577, 0.8626389845518055, 0.8648221343873518, 0.8679470594088964, 0.8706602448324302, 0.8716863219433525, 0.8730640753112663, 0.8739965450665583, 0.8760245901639344, 0.8795081120181875, 0.8817215506461026, 0.8837624802942722, 0.8859259259259259, 0.8869167818046552, 0.8885910358138538, 0.8897765302817662, 0.8912001742539751, 0.8918800612825564, 0.8931633326005716, 0.8947543528889874, 0.8967099373321397, 0.8995748592439389, 0.9011459659682833, 0.9027454630060493, 0.9034337278799953, 0.9042830099384761, 0.9058151980021406, 0.9073985106894067, 0.9081126828678515, 0.9089912280701754, 0.9100405554872804, 0.9134834303060967, 0.9143586470963625, 0.9154657745753989, 0.9198832736437194, 0.9211584875301689, 0.921655879180151, 0.9218559218559218, 0.9243061396131202, 0.9255635899617184, 0.9260950206876872, 0.926829268292683, 0.9302256532066508, 0.9314945285564383, 0.9317154054868857, 0.931918119787718, 0.9321822989578472, 0.9329977980497012, 0.9337263023737454, 0.9337504010266282, 0.9344209336133097, 0.934860883797054, 0.9370582295523393, 0.9375634517766498, 0.9378956372968349, 0.9376184732035154, 0.9382867132867133, 0.94035023713973, 0.9408305769937523, 0.9421610563511251, 0.943709860219116, 0.943620756925478, 0.9434628975265018, 0.945817882159044, 0.9488513220632857, 0.9511749942961442, 0.9522263450834879, 0.9529662018435358, 0.953953712632594, 0.9542003428851334, 0.9568719147830606, 0.9606757130988646, 0.9626445300919063, 0.9630852340936374, 0.9637034758535835, 0.9644654088050314, 0.9641819941916747, 0.9660626029654036, 0.9655870445344129, 0.9660228898426323, 0.9666788722079824, 0.9667414050822123, 0.9674735249621785, 0.9680062426843543, 0.9689766317485898, 0.9710458081244598, 0.9748369058713886, 0.9755043227665706, 0.9789075175770687, 0.9792600896860987, 0.9787111622554661, 0.9792038027332145, 0.9796170475602224, 0.9806201550387597, 0.9811193526635199, 0.9835943325876212, 0.9836702954898912, 0.9842323651452282, 0.9842243645924628, 0.9834254143646409, 0.9824046920821115, 0.9836257309941521, 0.9822784810126582, 0.9815303430079155, 0.9813559322033898, 0.9809523809523809, 0.9943977591036415, 0.9965986394557823, 1.0, 1.0],