{"time": "2022-06-13T18:28:52.894362", "features": ["i", "icA", "icA_TW", "icW", "icW_TW", "n_gram", "tcA", "tcA_TW", "tcW", "tcW_TW"], "seed": 888, "split_id": 2, "metrics_train": {"acc": 0.8715955246567492, "auc": 0.8555632711026502, "nll": 0.30823485942295653, "mse": 0.09390162387972255, "rmse": 0.30643371857503304, "f1": 0.9219827816694295}, "metrics_test": {"acc": 0.8624622926093515, "auc": 0.8439058390399229, "nll": 0.32430407321626015, "mse": 0.09995994569646056, "rmse": 0.3161644282591901, "f1": 0.9219827816694295}}