{"time": "2022-06-12T19:30:45.422123", "features": ["i", "icA_TW", "icW_TW", "n_gram", "tcA_TW", "tcW_TW", "user_avg_correct"], "seed": 888, "split_id": 4, "metrics_train": {"acc": 0.8706038487060385, "auc": 0.8588567647025663, "nll": 0.3075275703874883, "mse": 0.0939390015332241, "rmse": 0.30649470066091533, "f1": 0.9231980209153265}, "metrics_test": {"acc": 0.8640796019900497, "auc": 0.8302282474102262, "nll": 0.3276100962271586, "mse": 0.0995917673302356, "rmse": 0.31558163338546114, "f1": 0.9231980209153265}}