{"time": "2022-06-19T19:27:39.811948", "features": ["hour"], "seed": 888, "split_id": 4, "metrics_test": {"acc": 0.8059918557300756, "auc": 0.511949366348944, "pr_auc": 0.8186255012423465, "nll": 0.49254908113837154, "mse": 0.15653868140237476, "rmse": 0.3956496953143965, "f1": 0.8925752939281688, "gmean": 0.468216924093718, "cm": [[0, 667], [0, 2771]], "cm_roc_opt": [[540, 127], [2166, 605]], "cm_pr_opt": [[30, 637], [100, 2671]], "roc_opt_t": 0.8176407684664355, "pr_opt_t": 0.7208749275558877, "J_best_i": 9, "fpr_curve": [0.0, 0.013493253373313344, 0.01649175412293853, 0.0239880059970015, 0.02848575712143928, 0.06446776611694154, 0.1469265367316342, 0.18290854572713644, 0.1904047976011994, 0.2518740629685157, 0.29985007496251875, 0.30884557721139433, 0.3778110944527736, 0.4452773613193403, 0.49775112443778113, 0.5052473763118441, 0.545727136431784, 0.6416791604197901, 0.7226386806596702, 0.7256371814092953, 0.7871064467766117, 0.8440779610194903, 0.8905547226386806, 0.9550224887556222, 1.0], "tpr_curve": [0.0, 0.017683146878383255, 0.03067484662576687, 0.03428365211115121, 0.041862143630458315, 0.08155900396968603, 0.168892096715987, 0.21291952363767594, 0.21833273186575244, 0.2930350054132082, 0.33273186575243596, 0.3493323709852039, 0.4132082280765067, 0.44929628293035007, 0.49512811259473116, 0.504150126308192, 0.558282208588957, 0.6250451100685673, 0.7177914110429447, 0.7253699025622519, 0.792854565138939, 0.8401299169974739, 0.8989534464092386, 0.9639119451461566, 1.0], "fscore_best_i": 0, "precision_curve": [0.8059918557300756, 0.8074365175332527, 0.8074554294975689, 0.8052576962988586, 0.8071271124173401, 0.805934242181235, 0.8049372723593686, 0.8018518518518518, 0.8095238095238095, 0.8056516724336793, 0.8051643192488263, 0.8073929961089494, 0.819613457408733, 0.8245315161839863, 0.82174688057041, 0.8285714285714286, 0.8265027322404371, 0.8286516853932584, 0.8268551236749117, 0.8401486988847584, 0.8592592592592593, 0.8558558558558559, 0.8854166666666666, 0.8448275862068966, 1.0], "recall_curve": [1.0, 0.9639119451461566, 0.8989534464092386, 0.8401299169974739, 0.792854565138939, 0.7253699025622519, 0.7177914110429447, 0.6250451100685673, 0.558282208588957, 0.504150126308192, 0.49512811259473116, 0.44929628293035007, 0.4132082280765067, 0.3493323709852039, 0.33273186575243596, 0.2930350054132082, 0.21833273186575244, 0.21291952363767594, 0.168892096715987, 0.08155900396968603, 0.041862143630458315, 0.03428365211115121, 0.03067484662576687, 0.017683146878383255, 0.0]}, "metrics_train": {"acc": 0.8097090075699701, "auc": 0.5412916965872673, "pr_auc": 0.8330953491330427, "nll": 0.4846616108879146, "mse": 0.153480133088151, "rmse": 0.39176540568068413, "f1": 0.8948499501112901, "gmean": 0.5196722229557722, "cm": [[0, 2740], [0, 11659]], "cm_roc_opt": [[1866, 874], [7283, 4376]], "cm_pr_opt": [[70, 2670], [179, 11480]], "roc_opt_t": 0.8148794642654298, "pr_opt_t": 0.7208749275558877, "J_best_i": 12, "fpr_curve": [0.0, 0.00291970802919708, 0.0062043795620437955, 0.017883211678832115, 0.030291970802919708, 0.05766423357664233, 0.11094890510948906, 0.18503649635036495, 0.2, 0.2594890510948905, 0.2930656934306569, 0.318978102189781, 0.3715328467153285, 0.4208029197080292, 0.4748175182481752, 0.48394160583941603, 0.5478102189781022, 0.6109489051094891, 0.6744525547445256, 0.6810218978102189, 0.7302919708029197, 0.8120437956204379, 0.9014598540145985, 0.9744525547445255, 1.0], "tpr_curve": [0.0, 0.006947422591989021, 0.012265202847585557, 0.030191268547902907, 0.04760271035251737, 0.08405523629813878, 0.14932670040312204, 0.23355347799982845, 0.25053606655802385, 0.3132344111844927, 0.34840037739085683, 0.3753323612659748, 0.4297109529119135, 0.47825714040655287, 0.5311776310146668, 0.5400977785401836, 0.6015095634273951, 0.6614632472767819, 0.7201303713869114, 0.7261343168367784, 0.7710781370614975, 0.844154730251308, 0.9222060210995797, 0.9846470537781971, 1.0], "fscore_best_i": 0, "precision_curve": [0.8097090075699701, 0.8113074204946996, 0.8131901376493723, 0.8156128283749068, 0.8179419525065963, 0.8193960511033682, 0.8196017180788754, 0.8216492648625613, 0.823702137655626, 0.8260527351436442, 0.8263944488924473, 0.8286521028384604, 0.8311214333112144, 0.8335238095238096, 0.8349434737923946, 0.837038734815494, 0.8420294032862496, 0.8430340557275542, 0.8513447432762836, 0.8611599297012302, 0.8699059561128527, 0.8778054862842892, 0.89375, 0.9101123595505618, 1.0], "recall_curve": [1.0, 0.9846470537781971, 0.9222060210995797, 0.844154730251308, 0.7710781370614975, 0.7261343168367784, 0.7201303713869114, 0.6614632472767819, 0.6015095634273951, 0.5400977785401836, 0.5311776310146668, 0.47825714040655287, 0.4297109529119135, 0.3753323612659748, 0.34840037739085683, 0.3132344111844927, 0.25053606655802385, 0.23355347799982845, 0.14932670040312204, 0.08405523629813878, 0.04760271035251737, 0.030191268547902907, 0.012265202847585557, 0.006947422591989021, 0.0]}}