{"time": "2022-06-19T19:26:14.683107", "features": ["week"], "seed": 888, "split_id": 3, "metrics_test": {"acc": 0.8250216200634188, "auc": 0.6069133461583184, "pr_auc": 0.8744763307940004, "nll": 0.4532669744102542, "mse": 0.14152543836682832, "rmse": 0.37619866874675184, "f1": 0.9041225714737008, "gmean": 0.5174565491788563, "cm": [[0, 607], [0, 2862]], "cm_roc_opt": [[534, 73], [2088, 774]], "cm_pr_opt": [[1, 606], [19, 2843]], "roc_opt_t": 0.8468007830304799, "pr_opt_t": 0.73152785646504, "J_best_i": 12, "fpr_curve": [0.0, 0.004942339373970346, 0.011532125205930808, 0.018121911037891267, 0.03130148270181219, 0.06260296540362438, 0.06754530477759473, 0.06754530477759473, 0.085667215815486, 0.10543657331136738, 0.10873146622734761, 0.12026359143327842, 0.14662273476112025, 0.26688632619439867, 0.31795716639209226, 0.3723228995057661, 0.4843492586490939, 0.528830313014827, 0.6210873146622735, 0.6655683690280065, 0.7265238879736409, 0.7990115321252059, 0.8088962108731467, 0.8780889621087314, 0.9489291598023064, 0.9983525535420099, 1.0], "tpr_curve": [0.0, 0.005939902166317261, 0.025506638714185886, 0.045772187281621246, 0.06743535988819008, 0.12508735150244585, 0.1443046820405311, 0.14605171208944795, 0.16596785464709993, 0.23654786862334032, 0.253319357092942, 0.27044025157232704, 0.3137665967854647, 0.4227812718378756, 0.4612159329140461, 0.5363382250174703, 0.6296296296296297, 0.6593291404612159, 0.7393431167016072, 0.7683438155136268, 0.8085255066387141, 0.8717679944095038, 0.8836477987421384, 0.9273235499650594, 0.972396925227114, 0.993361285814116, 1.0], "fscore_best_i": 0, "precision_curve": [0.8250216200634188, 0.8242968976514932, 0.8285203929740994, 0.8327580796987762, 0.8374172185430464, 0.837248322147651, 0.8399274047186933, 0.8447944679216289, 0.8487765744083433, 0.8546195652173914, 0.8597328244274809, 0.871663827370812, 0.8724388631857237, 0.8819241982507289, 0.9098277608915907, 0.9138134592680047, 0.9165613147914032, 0.9136302294197031, 0.9013282732447818, 0.9106753812636166, 0.9096916299559471, 0.9040404040404041, 0.910377358490566, 0.9225352112676056, 0.9125, 0.85, 1.0], "recall_curve": [1.0, 0.993361285814116, 0.972396925227114, 0.9273235499650594, 0.8836477987421384, 0.8717679944095038, 0.8085255066387141, 0.7683438155136268, 0.7393431167016072, 0.6593291404612159, 0.6296296296296297, 0.5363382250174703, 0.4612159329140461, 0.4227812718378756, 0.3137665967854647, 0.27044025157232704, 0.253319357092942, 0.23654786862334032, 0.16596785464709993, 0.14605171208944795, 0.1443046820405311, 0.12508735150244585, 0.06743535988819008, 0.045772187281621246, 0.025506638714185886, 0.005939902166317261, 0.0]}, "metrics_train": {"acc": 0.8051224944320713, "auc": 0.6049959710284528, "pr_auc": 0.8603677651524511, "nll": 0.48183820151626566, "mse": 0.15350907275195466, "rmse": 0.3918023388801484, "f1": 0.8920419494139421, "gmean": 0.5727291438360459, "cm": [[0, 2800], [0, 11568]], "cm_roc_opt": [[2013, 787], [6530, 5038]], "cm_pr_opt": [[36, 2764], [69, 11499]], "roc_opt_t": 0.8102656192376648, "pr_opt_t": 0.6648475408995258, "J_best_i": 18, "fpr_curve": [0.0, 0.0007142857142857143, 0.005714285714285714, 0.017857142857142856, 0.0275, 0.029285714285714286, 0.06142857142857143, 0.0675, 0.06964285714285715, 0.08535714285714285, 0.11392857142857143, 0.11428571428571428, 0.13392857142857142, 0.1475, 0.18857142857142858, 0.19178571428571428, 0.25214285714285717, 0.2810714285714286, 0.34214285714285714, 0.4203571428571429, 0.4407142857142857, 0.5303571428571429, 0.57, 0.6025, 0.6046428571428571, 0.6971428571428572, 0.7221428571428572, 0.8042857142857143, 0.9078571428571428, 0.9157142857142857, 0.9664285714285714, 0.9717857142857143, 0.9839285714285714, 0.9871428571428571, 1.0], "tpr_curve": [0.0, 0.0031120331950207467, 0.01780774550484094, 0.04581604426002766, 0.066649377593361, 0.07088520055325034, 0.1355463347164592, 0.14790802213001383, 0.15223029045643152, 0.18084370677731673, 0.23054979253112035, 0.23132780082987553, 0.2618430152143845, 0.28155255878284924, 0.3366182572614108, 0.34068118948824344, 0.40542876901798064, 0.43551175656984786, 0.49861687413554634, 0.5735650069156293, 0.5928423236514523, 0.6668395573997233, 0.6992565698478561, 0.7257952973720608, 0.7274377593360996, 0.7952973720608575, 0.8130186721991701, 0.870850622406639, 0.9427731673582296, 0.9479598893499308, 0.9814142461964038, 0.9847856154910097, 0.9922199170124482, 0.9940352697095436, 1.0], "fscore_best_i": 0, "precision_curve": [0.8051224944320713, 0.806211876884246, 0.8064357479097871, 0.807199036349465, 0.8075254285511061, 0.8104951958610496, 0.8109756097560976, 0.8172967710530585, 0.8230506694670517, 0.8249641319942611, 0.8325089038385437, 0.8326886839234355, 0.8352090862157976, 0.8385694097184476, 0.847503707365299, 0.8493343573988735, 0.8575676479333928, 0.8648927038626609, 0.8691623424759081, 0.8800803930326039, 0.8805970149253731, 0.8874659400544959, 0.8898354876615746, 0.8931909212283045, 0.8931681178834562, 0.8974688974688975, 0.9003067484662577, 0.9005263157894737, 0.9011494252873563, 0.9090909090909091, 0.9091981132075472, 0.9137931034482759, 0.9279279279279279, 0.9473684210526315, 1.0], "recall_curve": [1.0, 0.9940352697095436, 0.9922199170124482, 0.9847856154910097, 0.9814142461964038, 0.9479598893499308, 0.9427731673582296, 0.870850622406639, 0.8130186721991701, 0.7952973720608575, 0.7274377593360996, 0.7257952973720608, 0.6992565698478561, 0.6668395573997233, 0.5928423236514523, 0.5735650069156293, 0.49861687413554634, 0.43551175656984786, 0.40542876901798064, 0.34068118948824344, 0.3366182572614108, 0.28155255878284924, 0.2618430152143845, 0.23132780082987553, 0.23054979253112035, 0.18084370677731673, 0.15223029045643152, 0.14790802213001383, 0.1355463347164592, 0.07088520055325034, 0.066649377593361, 0.04581604426002766, 0.01780774550484094, 0.0031120331950207467, 0.0]}}