{"time": "2022-06-19T19:25:41.747941", "features": ["c"], "seed": 888, "split_id": 3, "metrics_test": {"acc": 0.8250216200634188, "auc": 0.5, "pr_auc": 0.9125108100317094, "nll": 0.464996203328699, "mse": 0.14475910581002088, "rmse": 0.38047221424175104, "f1": 0.9041225714737008, "gmean": 0.0, "cm": [[0, 607], [0, 2862]], "cm_roc_opt": [[607, 0], [2862, 0]], "cm_pr_opt": [[607, 0], [2862, 0]], "roc_opt_t": 1.805067690158002, "pr_opt_t": 0.8050676901580022, "J_best_i": 0, "fpr_curve": [0.0, 1.0], "tpr_curve": [0.0, 1.0], "fscore_best_i": 0, "precision_curve": [0.8250216200634188, 1.0], "recall_curve": [1.0, 0.0]}, "metrics_train": {"acc": 0.8051224944320713, "auc": 0.5, "pr_auc": 0.9025612472160356, "nll": 0.49321861567022707, "mse": 0.15690026639505908, "rmse": 0.3961063826739719, "f1": 0.8920419494139421, "gmean": 0.0, "cm": [[0, 2800], [0, 11568]], "cm_roc_opt": [[2800, 0], [11568, 0]], "cm_pr_opt": [[2800, 0], [11568, 0]], "roc_opt_t": 1.805067690158002, "pr_opt_t": 0.8050676901580022, "J_best_i": 0, "fpr_curve": [0.0, 1.0], "tpr_curve": [0.0, 1.0], "fscore_best_i": 0, "precision_curve": [0.8051224944320713, 1.0], "recall_curve": [1.0, 0.0]}}