{
    "time": "2022-06-19T19:21:46.099836",
    "features": [
        "bundle"
    ],
    "seed": 888,
    "split_id": 0,
    "metrics_test": {
        "acc": 0.8089033659066233,
        "auc": 0.6512235928920073,
        "pr_auc": 0.8810561207801002,
        "nll": 0.46619072356955826,
        "mse": 0.14777899259573843,
        "rmse": 0.3844203332235932,
        "f1": 0.8943577430972389,
        "gmean": 0.6268372173386633,
        "cm": [
            [
                0,
                704
            ],
            [
                0,
                2980
            ]
        ],
        "cm_roc_opt": [
            [
                554,
                150
            ],
            [
                1668,
                1312
            ]
        ],
        "cm_pr_opt": [
            [
                236,
                468
            ],
            [
                514,
                2466
            ]
        ],
        "roc_opt_t": 0.8188195548771904,
        "pr_opt_t": 0.7151351522977359,
        "J_best_i": 4,
        "fpr_curve": [
            0.0,
            0.041193181818181816,
            0.140625,
            0.21306818181818182,
            0.3821022727272727,
            0.6647727272727273,
            1.0
        ],
        "tpr_curve": [
            0.0,
            0.09429530201342282,
            0.28557046979865774,
            0.44026845637583895,
            0.6359060402684564,
            0.8275167785234899,
            1.0
        ],
        "fscore_best_i": 0,
        "precision_curve": [
            0.8089033659066233,
            0.8404907975460123,
            0.8756931608133087,
            0.8974008207934336,
            0.8957894736842106,
            0.9064516129032258,
            1.0
        ],
        "recall_curve": [
            1.0,
            0.8275167785234899,
            0.6359060402684564,
            0.44026845637583895,
            0.28557046979865774,
            0.09429530201342282,
            0.0
        ]
    },
    "metrics_train": {
        "acc": 0.80901575637674,
        "auc": 0.6453302573398149,
        "pr_auc": 0.8860123575636563,
        "nll": 0.4653581712147521,
        "mse": 0.14804365493450516,
        "rmse": 0.3847644148495351,
        "f1": 0.8944264344022185,
        "gmean": 0.6173016399592921,
        "cm": [
            [
                0,
                2703
            ],
            [
                0,
                11450
            ]
        ],
        "cm_roc_opt": [
            [
                2161,
                542
            ],
            [
                6604,
                4846
            ]
        ],
        "cm_pr_opt": [
            [
                858,
                1845
            ],
            [
                2152,
                9298
            ]
        ],
        "roc_opt_t": 0.8188195548771904,
        "pr_opt_t": 0.7151351522977359,
        "J_best_i": 4,
        "fpr_curve": [
            0.0,
            0.022197558268590455,
            0.10469848316685165,
            0.2005179430262671,
            0.37846836847946724,
            0.6825749167591565,
            1.0
        ],
        "tpr_curve": [
            0.0,
            0.08471615720524017,
            0.27048034934497817,
            0.42323144104803495,
            0.6131004366812227,
            0.8120524017467249,
            1.0
        ],
        "fscore_best_i": 0,
        "precision_curve": [
            0.80901575637674,
            0.8344251996769272,
            0.8728086534875047,
            0.8994060876020787,
            0.9162721893491125,
            0.941747572815534,
            1.0
        ],
        "recall_curve": [
            1.0,
            0.8120524017467249,
            0.6131004366812227,
            0.42323144104803495,
            0.27048034934497817,
            0.08471615720524017,
            0.0
        ]
    }
}