{"time": "2022-06-19T19:22:58.675926", "features": ["i"], "seed": 888, "split_id": 1, "metrics_test": {"acc": 0.8293093767546322, "auc": 0.8098366636731028, "pr_auc": 0.9460767524288842, "nll": 0.3856108642927064, "mse": 0.12268637476140182, "rmse": 0.35026614846627957, "f1": 0.9021564209848728, "gmean": 0.7311942686992298, "cm": [[151, 529], [79, 2803]], "cm_roc_opt": [[561, 119], [1033, 1849]], "cm_pr_opt": [[186, 494], [120, 2762]], "roc_opt_t": 0.8359505692433755, "pr_opt_t": 0.5521068721847278, "J_best_i": 30, "fpr_curve": [0.0, 0.0, 0.0, 0.0014705882352941176, 0.0014705882352941176, 0.0014705882352941176, 0.0029411764705882353, 0.0029411764705882353, 0.004411764705882353, 0.0058823529411764705, 0.007352941176470588, 0.010294117647058823, 0.011764705882352941, 0.020588235294117647, 0.023529411764705882, 0.026470588235294117, 0.030882352941176472, 0.03235294117647059, 0.039705882352941174, 0.047058823529411764, 0.061764705882352944, 0.07352941176470588, 0.08676470588235294, 0.1, 0.1161764705882353, 0.125, 0.13823529411764707, 0.14852941176470588, 0.16029411764705884, 0.175, 0.19411764705882353, 0.2161764705882353, 0.23676470588235293, 0.25588235294117645, 0.27058823529411763, 0.3029411764705882, 0.3264705882352941, 0.3426470588235294, 0.3779411764705882, 0.4147058823529412, 0.4455882352941177, 0.475, 0.5102941176470588, 0.5426470588235294, 0.586764705882353, 0.6294117647058823, 0.6691176470588235, 0.7264705882352941, 0.7779411764705882, 0.8514705882352941, 0.925, 1.0], "tpr_curve": [0.0, 0.022900763358778626, 0.04580152671755725, 0.0652324774462179, 0.08813324080499653, 0.10791117279666898, 0.1304649548924358, 0.14781401804302569, 0.16481609993060375, 0.19083969465648856, 0.2102706453851492, 0.22692574600971546, 0.24635669673837612, 0.27099236641221375, 0.28764746703678, 0.31332408049965305, 0.3320610687022901, 0.35843164469118666, 0.3830673143650243, 0.40111034004163776, 0.42401110340041637, 0.4476058292852186, 0.47085357390700905, 0.49444829979181126, 0.5301873698820264, 0.5544760582928522, 0.5777238029146426, 0.6016655100624566, 0.6252602359472589, 0.6415683553088133, 0.6634281748785565, 0.684941013185288, 0.7029840388619014, 0.7213740458015268, 0.7352532963219987, 0.7539902845246357, 0.7713393476752255, 0.7942401110340042, 0.8126301179736294, 0.8268563497571131, 0.8459403192227619, 0.8657182512144345, 0.8837612768910479, 0.8959056210964608, 0.9118667591950035, 0.9281748785565579, 0.9455239417071478, 0.9583622484385843, 0.972588480222068, 0.9816099930603748, 0.9909784871616932, 1.0], "fscore_best_i": 3, "precision_curve": [0.8090960134755755, 0.8195121951219512, 0.8301056338028169, 0.8412364945978391, 0.8482800982800983, 0.8569182389937107, 0.8620689655172413, 0.8681863230921705, 0.8749576414774652, 0.8800967519004838, 0.8853797019162527, 0.8894564027727107, 0.8941838649155722, 0.9011158137745287, 0.9076130055511499, 0.90920245398773, 0.9134089953762085, 0.920104211897525, 0.9227696404793608, 0.9263831732967536, 0.9306930693069307, 0.9354207436399217, 0.9395325203252033, 0.9429618001046572, 0.9449591280653951, 0.946560545764639, 0.9494949494949495, 0.9508400746733043, 0.9544541192230409, 0.9583333333333334, 0.9626865671641791, 0.9667721518987342, 0.9730639730639731, 0.9761273209549072, 0.9791469194312796, 0.9785276073619632, 0.9804560260586319, 0.9810650887573964, 0.9823899371069182, 0.9888579387186629, 0.989409984871407, 0.9918166939443536, 0.9927797833935018, 0.9937238493723849, 0.9953271028037384, 0.9947089947089947, 0.9967948717948718, 0.996078431372549, 0.9947089947089947, 1.0, 1.0, 1.0], "recall_curve": [1.0, 0.9909784871616932, 0.9816099930603748, 0.972588480222068, 0.9583622484385843, 0.9455239417071478, 0.9281748785565579, 0.9118667591950035, 0.8959056210964608, 0.8837612768910479, 0.8657182512144345, 0.8459403192227619, 0.8268563497571131, 0.8126301179736294, 0.7942401110340042, 0.7713393476752255, 0.7539902845246357, 0.7352532963219987, 0.7213740458015268, 0.7029840388619014, 0.684941013185288, 0.6634281748785565, 0.6415683553088133, 0.6252602359472589, 0.6016655100624566, 0.5777238029146426, 0.5544760582928522, 0.5301873698820264, 0.49444829979181126, 0.47085357390700905, 0.4476058292852186, 0.42401110340041637, 0.40111034004163776, 0.3830673143650243, 0.35843164469118666, 0.3320610687022901, 0.31332408049965305, 0.28764746703678, 0.27099236641221375, 0.24635669673837612, 0.22692574600971546, 0.2102706453851492, 0.19083969465648856, 0.16481609993060375, 0.14781401804302569, 0.1304649548924358, 0.10791117279666898, 0.08813324080499653, 0.0652324774462179, 0.04580152671755725, 0.022900763358778626, 0.0]}, "metrics_train": {"acc": 0.8252889667250438, "auc": 0.7982622459798225, "pr_auc": 0.9410298687254989, "nll": 0.39411002090815683, "mse": 0.12525957727587955, "rmse": 0.3539202979144875, "f1": 0.8998956410050575, "gmean": 0.7248669460326622, "cm": [[571, 2156], [338, 11210]], "cm_roc_opt": [[2081, 646], [3615, 7933]], "cm_pr_opt": [[712, 2015], [508, 11040]], "roc_opt_t": 0.8129982775585425, "pr_opt_t": 0.5521068721847278, "J_best_i": 32, "fpr_curve": [0.0, 0.0003667033370003667, 0.0011001100110011, 0.0018335166850018336, 0.0029336266960029336, 0.004033736707004034, 0.005500550055005501, 0.006967363403006967, 0.0088008800880088, 0.011734506784011734, 0.014301430143014302, 0.016868353502016868, 0.02016868353502017, 0.02566923359002567, 0.0297029702970297, 0.03593692702603594, 0.04107077374404107, 0.047671433810047674, 0.055372203887055375, 0.06233956729006234, 0.07187385405207188, 0.0814081408140814, 0.09350935093509351, 0.10597726439310598, 0.1265126512651265, 0.14044737807114044, 0.1551155115511551, 0.17015034836817014, 0.1848184818481848, 0.19875320865419877, 0.21672167216721672, 0.23689035570223688, 0.25412541254125415, 0.27356068940227357, 0.2907957462412908, 0.31646497983131644, 0.33773377337733773, 0.36523652365236525, 0.3945727906123946, 0.4213421342134213, 0.4536120278694536, 0.4884488448844885, 0.5269526952695269, 0.5603226989365603, 0.6017601760176018, 0.6461312797946461, 0.6916024935826917, 0.7389072240557389, 0.7906123945727906, 0.8591859185918592, 0.9266593325999266, 1.0], "tpr_curve": [0.0, 0.021475580187045377, 0.04286456529269138, 0.06364738482854174, 0.08494977485278836, 0.10564599930723935, 0.1268617942500866, 0.14539314166955317, 0.16383789400762036, 0.18886387253204018, 0.20921371666089367, 0.2274852788361621, 0.24766193280221682, 0.2722549359196398, 0.2901801177693107, 0.3144267405611361, 0.33417041912019396, 0.35850363699341875, 0.3824038794596467, 0.40171458261170767, 0.42639418081053, 0.449861447869761, 0.4739348804987877, 0.49688257706962247, 0.5339452719085556, 0.5575857291305854, 0.5810529961898164, 0.6044336681676481, 0.6266886040872879, 0.6443540006927606, 0.665829580879806, 0.6869587807412539, 0.704450987183928, 0.7214236231382057, 0.7362313820574992, 0.7571007966747488, 0.7736404572220298, 0.7930377554554902, 0.8120020782819536, 0.8272428126082438, 0.8453411846207135, 0.8630065812261863, 0.8808451679944579, 0.8939210252857638, 0.9098545202632491, 0.9250952545895393, 0.9402493938344302, 0.9560096986491168, 0.9707308624870108, 0.9814686525805334, 0.9914270869414618, 1.0], "fscore_best_i": 3,