{"time": "2022-06-19T19:21:49.198407", "features": ["c"], "seed": 888, "split_id": 0, "metrics_test": {"acc": 0.8089033659066233, "auc": 0.5, "pr_auc": 0.9044516829533116, "nll": 0.4878092060856817, "mse": 0.15457871430167605, "rmse": 0.39316499628231916, "f1": 0.8943577430972389, "gmean": 0.0, "cm": [[0, 704], [0, 2980]], "cm_roc_opt": [[704, 0], [2980, 0]], "cm_pr_opt": [[704, 0], [2980, 0]], "roc_opt_t": 1.8089647671872728, "pr_opt_t": 0.8089647671872727, "J_best_i": 0, "fpr_curve": [0.0, 1.0], "tpr_curve": [0.0, 1.0], "fscore_best_i": 0, "precision_curve": [0.8089033659066233, 1.0], "recall_curve": [1.0, 0.0]}, "metrics_train": {"acc": 0.80901575637674, "auc": 0.5, "pr_auc": 0.90450787818837, "nll": 0.4876469932023725, "mse": 0.15450926491080877, "rmse": 0.39307666543666614, "f1": 0.8944264344022185, "gmean": 0.0, "cm": [[0, 2703], [0, 11450]], "cm_roc_opt": [[2703, 0], [11450, 0]], "cm_pr_opt": [[2703, 0], [11450, 0]], "roc_opt_t": 1.8089647671872728, "pr_opt_t": 0.8089647671872727, "J_best_i": 0, "fpr_curve": [0.0, 1.0], "tpr_curve": [0.0, 1.0], "fscore_best_i": 0, "precision_curve": [0.80901575637674, 1.0], "recall_curve": [1.0, 0.0]}}