{"time": "2022-06-19T19:25:06.708633", "features": ["weekend"], "seed": 888, "split_id": 2, "metrics_test": {"acc": 0.7966883821932682, "auc": 0.5002260822493592, "pr_auc": 0.8689900041196967, "nll": 0.5057130442202354, "mse": 0.16221074954658696, "rmse": 0.402753956587129, "f1": 0.8868409125245506, "gmean": 0.4537765587937569, "cm": [[0, 749], [0, 2935]], "cm_roc_opt": [[749, 0], [2935, 0]], "cm_pr_opt": [[217, 532], [849, 2086]], "roc_opt_t": 0.8128294067349233, "pr_opt_t": 0.8098386338883407, "J_best_i": 1, "fpr_curve": [0.0, 0.7102803738317757, 1.0], "tpr_curve": [0.0, 0.710732538330494, 1.0], "fscore_best_i": 0, "precision_curve": [0.7966883821932682, 0.7967914438502673, 1.0], "recall_curve": [1.0, 0.710732538330494, 0.0]}, "metrics_train": {"acc": 0.8121952942838974, "auc": 0.5017049975273051, "pr_auc": 0.8844303944903279, "nll": 0.48301916006886225, "mse": 0.1525325997588411, "rmse": 0.3905542212789936, "f1": 0.8963661883967561, "gmean": 0.4266704575151581, "cm": [[0, 2658], [0, 11495]], "cm_roc_opt": [[2658, 0], [11495, 0]], "cm_pr_opt": [[632, 2026], [2694, 8801]], "roc_opt_t": 0.8128294067349233, "pr_opt_t": 0.8098386338883407, "J_best_i": 1, "fpr_curve": [0.0, 0.7622272385252069, 1.0], "tpr_curve": [0.0, 0.7656372335798173, 1.0], "fscore_best_i": 0, "precision_curve": [0.8121952942838974, 0.8128752193590099, 1.0], "recall_curve": [1.0, 0.7656372335798173, 0.0]}}