{"time": "2022-06-19T19:25:35.071610", "features": ["s"], "seed": 888, "split_id": 3, "metrics_test": {"acc": 0.8250216200634188, "auc": 0.6471160476942082, "pr_auc": 0.9032622932070272, "nll": 0.4417948385607272, "mse": 0.13893704959512485, "rmse": 0.37274260501735623, "f1": 0.9041225714737008, "gmean": 0.6085144061510128, "cm": [[0, 607], [0, 2862]], "cm_roc_opt": [[503, 104], [1783, 1079]], "cm_pr_opt": [[166, 441], [442, 2420]], "roc_opt_t": 0.8159774519166063, "pr_opt_t": 0.7237694579013161, "J_best_i": 4, "fpr_curve": [0.0, 0.0016474464579901153, 0.0642504118616145, 0.171334431630972, 0.38385502471169686, 0.7265238879736409, 1.0], "tpr_curve": [0.0, 0.07232704402515723, 0.24143955276030749, 0.37700908455625437, 0.6009783368273934, 0.8455625436757512, 1.0], "fscore_best_i": 0, "precision_curve": [0.8250216200634188, 0.8458580915763719, 0.8806963645673324, 0.9120879120879121, 0.9465753424657535, 0.9951923076923077, 1.0], "recall_curve": [1.0, 0.8455625436757512, 0.6009783368273934, 0.37700908455625437, 0.24143955276030749, 0.07232704402515723, 0.0]}, "metrics_train": {"acc": 0.8051224944320713, "auc": 0.6235518239972337, "pr_auc": 0.8782032303933756, "nll": 0.47517625685859033, "mse": 0.15190416336340865, "rmse": 0.38974884651966407, "f1": 0.8920419494139421, "gmean": 0.5944616947959955, "cm": [[0, 2800], [0, 11568]], "cm_roc_opt": [[2239, 561], [7241, 4327]], "cm_pr_opt": [[703, 2097], [1840, 9728]], "roc_opt_t": 0.8159774519166063, "pr_opt_t": 0.7237694579013161, "J_best_i": 4, "fpr_curve": [0.0, 0.01107142857142857, 0.09071428571428572, 0.20035714285714284, 0.4085714285714286, 0.7489285714285714, 1.0], "tpr_curve": [0.0, 0.07200899031811894, 0.240231673582296, 0.3740491009681881, 0.5975103734439834, 0.8409405255878285, 1.0], "fscore_best_i": 0, "precision_curve": [0.8051224944320713, 0.8226638477801268, 0.8579940417080437, 0.8852291325695582, 0.9162545334652159, 0.9641203703703703, 1.0], "recall_curve": [1.0, 0.8409405255878285, 0.5975103734439834, 0.3740491009681881, 0.240231673582296, 0.07200899031811894, 0.0]}}