{"time": "2022-06-19T19:25:38.401907", "features": ["bundle"], "seed": 888, "split_id": 3, "metrics_test": {"acc": 0.8250216200634188, "auc": 0.6577665990879755, "pr_auc": 0.9011619652019498, "nll": 0.44059595044631494, "mse": 0.13806069027435672, "rmse": 0.3715651898043689, "f1": 0.9041225714737008, "gmean": 0.6300944805566074, "cm": [[0, 607], [0, 2862]], "cm_roc_opt": [[501, 106], [1656, 1206]], "cm_pr_opt": [[198, 409], [542, 2320]], "roc_opt_t": 0.817756500962984, "pr_opt_t": 0.7034996904824463, "J_best_i": 4, "fpr_curve": [0.0, 0.0214168039538715, 0.09555189456342669, 0.17462932454695224, 0.3525535420098847, 0.6738056013179572, 1.0], "tpr_curve": [0.0, 0.08630328441649196, 0.273235499650594, 0.42138364779874216, 0.6132075471698113, 0.8106219426974144, 1.0], "fscore_best_i": 0, "precision_curve": [0.8250216200634188, 0.8501282521069989, 0.8913153885220925, 0.9192073170731707, 0.930952380952381, 0.95, 1.0], "recall_curve": [1.0, 0.8106219426974144, 0.6132075471698113, 0.42138364779874216, 0.273235499650594, 0.08630328441649196, 0.0]}, "metrics_train": {"acc": 0.8051224944320713, "auc": 0.6442980018770994, "pr_auc": 0.880997114036011, "nll": 0.4715439164220437, "mse": 0.15038612530039452, "rmse": 0.3877964998557807, "f1": 0.8920419494139421, "gmean": 0.6169712529534536, "cm": [[0, 2800], [0, 11568]], "cm_roc_opt": [[2214, 586], [6616, 4952]], "cm_pr_opt": [[896, 1904], [2124, 9444]], "roc_opt_t": 0.817756500962984, "pr_opt_t": 0.7034996904824463, "J_best_i": 4, "fpr_curve": [0.0, 0.027142857142857142, 0.11571428571428571, 0.2092857142857143, 0.385, 0.68, 1.0], "tpr_curve": [0.0, 0.0867911479944675, 0.27368603042876904, 0.4280774550484094, 0.6189488243430152, 0.8163900414937759, 1.0], "fscore_best_i": 0, "precision_curve": [0.8051224944320713, 0.8322171307719421, 0.8691429958727847, 0.8941856265799928, 0.907163323782235, 0.9296296296296296, 1.0], "recall_curve": [1.0, 0.8163900414937759, 0.6189488243430152, 0.4280774550484094, 0.27368603042876904, 0.0867911479944675, 0.0]}}