{"time": "2022-06-19T19:26:23.661051", "features": ["weekend"], "seed": 888, "split_id": 3, "metrics_test": {"acc": 0.8250216200634188, "auc": 0.4871517020735261, "pr_auc": 0.8387680929357341, "nll": 0.4650197001121023, "mse": 0.14476648684090562, "rmse": 0.3804819139471752, "f1": 0.9041225714737008, "gmean": 0.0, "cm": [[0, 607], [0, 2862]], "cm_roc_opt": [[607, 0], [2862, 0]], "cm_pr_opt": [[444, 163], [2167, 695]], "roc_opt_t": 1.8057508955919688, "pr_opt_t": 0.8048301369528064, "J_best_i": 0, "fpr_curve": [0.0, 0.2685337726523888, 1.0], "tpr_curve": [0.0, 0.24283717679944095, 1.0], "fscore_best_i": 0, "precision_curve": [0.8250216200634188, 0.8100233100233101, 1.0], "recall_curve": [1.0, 0.24283717679944095, 0.0]}, "metrics_train": {"acc": 0.8051224944320713, "auc": 0.5005982019363763, "pr_auc": 0.829493158722695, "nll": 0.49321801903448226, "mse": 0.15690007928678606, "rmse": 0.39610614648953135, "f1": 0.8920419494139421, "gmean": 0.4311360399269911, "cm": [[0, 2800], [0, 11568]], "cm_roc_opt": [[2800, 0], [11568, 0]], "cm_pr_opt": [[2114, 686], [8720, 2848]], "roc_opt_t": 0.8057508955919687, "pr_opt_t": 0.8048301369528064, "J_best_i": 1, "fpr_curve": [0.0, 0.245, 1.0], "tpr_curve": [0.0, 0.24619640387275243, 1.0], "fscore_best_i": 0, "precision_curve": [0.8051224944320713, 0.8058856819468024, 1.0], "recall_curve": [1.0, 0.24619640387275243, 0.0]}}