{"time": "2022-06-19T19:26:04.634127", "features": ["icA_TW", "icW_TW"], "seed": 888, "split_id": 3, "metrics_test": {"acc": 0.8250216200634188, "auc": 0.6884199250072242, "pr_auc": 0.937969143024212, "nll": 0.40324032626433437, "mse": 0.1324121866580752, "rmse": 0.36388485357057004, "f1": 0.9041225714737008, "gmean": 0.5940490834975422, "cm": [[0, 607], [0, 2862]], "cm_roc_opt": [[604, 3], [1854, 1008]], "cm_pr_opt": [[0, 607], [1, 2861]], "roc_opt_t": 0.8824429707530119, "pr_opt_t": 0.5921779164533565, "J_best_i": 4, "fpr_curve": [0.0, 0.0032948929159802307, 0.004942339373970346, 0.004942339373970346, 0.004942339373970346, 0.785831960461285, 0.9736408566721582, 0.9818780889621087, 1.0, 1.0], "tpr_curve": [0.0, 0.3172606568832984, 0.3438155136268344, 0.3522012578616352, 0.3546470999301188, 0.8881900768693222, 0.9853249475890985, 0.9898672257162823, 0.9996505939902166, 1.0], "fscore_best_i": 0, "precision_curve": [0.8250216200634188, 0.8249711649365629, 0.826188393117527, 0.8267370272647317, 0.8420006624710169, 0.9970530451866405, 0.9970326409495549, 0.9969604863221885, 0.9978021978021978, 1.0], "recall_curve": [1.0, 0.9996505939902166, 0.9898672257162823, 0.9853249475890985, 0.8881900768693222, 0.3546470999301188, 0.3522012578616352, 0.3438155136268344, 0.3172606568832984, 0.0]}, "metrics_train": {"acc": 0.8072800668151447, "auc": 0.6841330610304287, "pr_auc": 0.9182869300011836, "nll": 0.43058446594501404, "mse": 0.142184426001508, "rmse": 0.37707350212061835, "f1": 0.8929606865360082, "gmean": 0.5991414154309876, "cm": [[49, 2751], [18, 11550]], "cm_roc_opt": [[2718, 82], [7321, 4247]], "cm_pr_opt": [[55, 2745], [29, 11539]], "roc_opt_t": 0.742348464075392, "pr_opt_t": 0.5753951357607855, "J_best_i": 22, "fpr_curve": [0.0, 0.00035714285714285714, 0.00035714285714285714, 0.014642857142857143, 0.014642857142857143, 0.014642857142857143, 0.014642857142857143, 0.018214285714285714, 0.018571428571428572, 0.018571428571428572, 0.01892857142857143, 0.019642857142857142, 0.02214285714285714, 0.023214285714285715, 0.023214285714285715, 0.023214285714285715, 0.024285714285714285, 0.025, 0.025, 0.025357142857142856, 0.02642857142857143, 0.029285714285714286, 0.03, 0.785, 0.7853571428571429, 0.9478571428571428, 0.9489285714285715, 0.9567857142857142, 0.9567857142857142, 0.9775, 0.9803571428571428, 0.9825, 0.9832142857142857, 0.9928571428571429, 0.9939285714285714, 0.9939285714285714, 0.9939285714285714, 0.9946428571428572, 0.9989285714285714, 0.9992857142857143, 1.0], "tpr_curve": [0.0, 0.00025933609958506224, 0.0019017980636237897, 0.3260719225449516, 0.32615836791147995, 0.3265905947441217, 0.32710926694329184, 0.3504495159059474, 0.35053596127247577, 0.3507088520055325, 0.3507088520055325, 0.3510546334716459, 0.36021784232365145, 0.3604771784232365, 0.36211964038727523, 0.3623789764868603, 0.3627247579529737, 0.36281120331950206, 0.3628976486860304, 0.36298409405255877, 0.3633298755186722, 0.36713347164591975, 0.37007261410788383, 0.88182918395574, 0.882088520055325, 0.9837482710926694, 0.9838347164591977, 0.9878976486860305, 0.9880705394190872, 0.9963692946058091, 0.9974930843706777, 0.9984439834024896, 0.9984439834024896, 0.9988762102351314, 0.9993084370677732, 0.9994813278008299, 0.9995677731673582, 0.9996542185338866, 0.9999135546334716, 1.0, 1.0], "fscore_best_i": 8, "precision_curve": [0.8052345816511207, 0.805277081592871, 0.8059098194996167, 0.8060086435243273, 0.8059951202509585, 0.8059680680471311, 0.8060690617370073, 0.807522897294274, 0.8076358296622613, 0.8078269392327079, 0.8081048867699643, 0.8101211992345312, 0.8100942794357411, 0.8107280239350335, 0.8108878438078951, 0.8227041844714988, 0.8227276393257521, 0.9807560137457044, 0.981057981057981, 0.9826981529109189, 0.9833723653395785, 0.9835988753514526, 0.9835950316381533, 0.9840525328330206, 0.9847310312426591, 0.9847202632816173, 0.9846517119244392, 0.9853393237171908, 0.9866375121477162, 0.9871046228710463, 0.9873448527622293, 0.9873386900413927, 0.9875761266747869, 0.989281045751634, 0.9892642052893428, 0.9892501310959623, 0.989247311827957, 0.9565217391304348, 0.75, 1.0], "recall_curve": [1.0, 0.9999135546334716, 0.9996542185338866, 0.9995677731673582, 0.9994813278008299, 0.9993084370677732, 0.9988762102351314, 0.9984439834024896, 0.9984439834024896, 0.9974930843706777, 0.9963692946058091, 0.9880705394190872, 0.9878976486860305, 0.9838347164591977, 0.9837482710926694, 0.882088520055325, 0.88182918395574, 0.37007261410788383, 0.36713347164591975, 0.3633298755186722, 0.36298409405255877, 0.3628976486860304, 0.36281120331950206, 0.3627247579529737, 0.3623789764868603, 0.36211964038727523, 0.3604771784232365, 0.36021784232365145, 0.3510546334716459, 0.3507088520055325, 0.3507088520055325, 0.35053596127247577, 0.3504495159059474, 0.32710926694329184, 0.3265905947441217, 0.32615836791147995, 0.3260719225449516, 0.0019017980636237897, 0.00025933609958506224, 0.0]}}