{"time": "2022-06-19T19:22:12.574913", "features": ["icA_TW", "icW_TW"], "seed": 888, "split_id": 0, "metrics_test": {"acc": 0.8086319218241043, "auc": 0.69256692342892, "pr_auc": 0.9308425004019208, "nll": 0.41956639373839855, "mse": 0.13954925598419254, "rmse": 0.3735629210510494, "f1": 0.8941600360306261, "gmean": 0.6117684989509715, "cm": [[1, 703], [2, 2978]], "cm_roc_opt": [[696, 8], [1873, 1107]], "cm_pr_opt": [[1, 703], [1, 2979]], "roc_opt_t": 0.9487875176397571, "pr_opt_t": 0.2591596152879841, "J_best_i": 4, "fpr_curve": [0.0, 0.008522727272727272, 0.011363636363636364, 0.011363636363636364, 0.015625, 0.017045454545454544, 0.017045454545454544, 0.7798295454545454, 0.7798295454545454, 0.9389204545454546, 0.9545454545454546, 0.9886363636363636, 0.9957386363636364, 0.9957386363636364, 0.9985795454545454, 0.9985795454545454, 1.0], "tpr_curve": [0.0, 0.34630872483221475, 0.36946308724832216, 0.3714765100671141, 0.3802013422818792, 0.3802013422818792, 0.38154362416107385, 0.8758389261744967, 0.8785234899328859, 0.9802013422818792, 0.9865771812080537, 0.9973154362416108, 0.9976510067114094, 0.9983221476510067, 0.9993288590604027, 0.9996644295302013, 1.0], "fscore_best_i": 0, "precision_curve": [0.8089033659066233, 0.8090711569799022, 0.8090192882368922, 0.80930359085963, 0.8091997822536745, 0.8102508178844057, 0.813953488372093, 0.8154662199888331, 0.8266498263340701, 0.8262108262108262, 0.9895561357702349, 0.9895196506550218, 0.9903846153846154, 0.9928251121076234, 0.9927862939585211, 0.9942196531791907, 1.0], "recall_curve": [1.0, 0.9996644295302013, 0.9993288590604027, 0.9983221476510067, 0.9976510067114094, 0.9973154362416108, 0.9865771812080537, 0.9802013422818792, 0.8785234899328859, 0.8758389261744967, 0.38154362416107385, 0.3802013422818792, 0.3802013422818792, 0.3714765100671141, 0.36946308724832216, 0.34630872483221475, 0.0]}, "metrics_train": {"acc": 0.8112767611107186, "auc": 0.6800119227059697, "pr_auc": 0.9267235254450555, "nll": 0.4266701709516386, "mse": 0.1404731629736183, "rmse": 0.3747974959543064, "f1": 0.8954148557108735, "gmean": 0.5898940564706562, "cm": [[48, 2655], [16, 11434]], "cm_roc_opt": [[2650, 53], [7408, 4042]], "cm_pr_opt": [[52, 2651], [24, 11426]], "roc_opt_t": 0.9100937006251881, "pr_opt_t": 0.5541582697622583, "J_best_i": 11, "fpr_curve": [0.0, 0.013318534961154272, 0.013318534961154272, 0.01368849426563078, 0.01368849426563078, 0.01368849426563078, 0.01701812800591935, 0.01701812800591935, 0.017388087310395855, 0.018867924528301886, 0.0196078431372549, 0.0196078431372549, 0.020717721050684423, 0.020717721050684423, 0.02182759896411395, 0.02182759896411395, 0.022567517573066964, 0.02293747687754347, 0.7817240103588605, 0.7824639289678136, 0.7854236034036256, 0.9544950055493896, 0.9556048834628191, 0.9559748427672956, 0.9618941916389198, 0.9785423603403626, 0.9796522382537921, 0.9807621161672216, 0.9822419533851277, 0.9829818719940806, 0.9929707732149463, 0.9940806511283758, 0.9948205697373289, 0.9948205697373289, 0.9988901220865705, 0.9992600813910469, 1.0], "tpr_curve": [0.0, 0.3166812227074236, 0.3183406113537118, 0.31860262008733625, 0.31868995633187774, 0.31912663755458515, 0.3433187772925764, 0.3434934497816594, 0.34358078602620085, 0.3526637554585153, 0.3530131004366812, 0.35493449781659386, 0.35519650655021834, 0.3554585152838428, 0.3558078602620087, 0.3558951965065502, 0.3559825327510917, 0.3560698689956332, 0.8778165938864629, 0.8807860262008733, 0.8839301310043668, 0.9844541484716157, 0.9848034934497817, 0.9850655021834062, 0.988646288209607, 0.9966812227074235, 0.9978165938864629, 0.9979039301310043, 0.9986026200873362, 0.9986026200873362, 0.9990393013100437, 0.999475982532751, 0.9995633187772925, 0.9997379912663755, 0.9999126637554585, 1.0, 1.0], "fscore_best_i": 7, "precision_curve": [0.8091300968129461, 0.809173793200933, 0.8097764572722128, 0.8097495401160323, 0.8098506828957611, 0.8099553919138993, 0.8114399261940246, 0.81155511391866, 0.8116786247069688, 0.8118382718681163, 0.8118375186739702, 0.8132183908045977, 0.8136045588977855, 0.8136229165163432, 0.8137453075368178, 0.826608951323097, 0.8266393442622951, 0.826290693850707, 0.9850205363614399, 0.9852550157118685, 0.9857281083696178, 0.9857246552141302, 0.9864275327193408, 0.9864176570458404, 0.9871265484576147, 0.9870573870573871, 0.987527512839325, 0.9881939211253454, 0.9884393063583815, 0.9884334925823485, 0.989975616364129, 0.9899620184481823, 0.9899592944369063, 0.9902200488997555, 0.9901693063899508, 1.0], "recall_curve": [1.0, 0.9999126637554585, 0.9997379912663755, 0.9995633187772925, 0.999475982532751, 0.9990393013100437, 0.9986026200873362, 0.9986026200873362, 0.9979039301310043, 0.9978165938864629, 0.9966812227074235, 0.988646288209607, 0.9850655021834062, 0.9848034934497817, 0.9844541484716157, 0.8839301310043668, 0.8807860262008733, 0.8778165938864629, 0.3560698689956332, 0.3559825327510917, 0.3558951965065502, 0.3558078602620087, 0.3554585152838428, 0.35519650655021834, 0.35493449781659386, 0.3530131004366812, 0.3526637554585153, 0.34358078602620085, 0.3434934497816594, 0.3433187772925764, 0.31912663755458515, 0.31868995633187774, 0.31860262008733625, 0.3183406113537118, 0.3166812227074236, 0.0]}}