{"time": "2022-06-19T19:27:42.688591", "features": ["weekend"], "seed": 888, "split_id": 4, "metrics_test": {"acc": 0.8059918557300756, "auc": 0.48352853526322365, "pr_auc": 0.8710334269990131, "nll": 0.4924381053635228, "mse": 0.1565105682789448, "rmse": 0.3956141659229922, "f1": 0.8925752939281688, "gmean": 0.0, "cm": [[0, 667], [0, 2771]], "cm_roc_opt": [[667, 0], [2771, 0]], "cm_pr_opt": [[173, 494], [810, 1961]], "roc_opt_t": 1.8121464394586577, "pr_opt_t": 0.8015714678482181, "J_best_i": 0, "fpr_curve": [0.0, 0.7406296851574213, 1.0], "tpr_curve": [0.0, 0.7076867556838686, 1.0], "fscore_best_i": 0, "precision_curve": [0.8059918557300756, 0.7987780040733198, 1.0], "recall_curve": [1.0, 0.7076867556838686, 0.0]}, "metrics_train": {"acc": 0.8097090075699701, "auc": 0.5061520719872433, "pr_auc": 0.883793282852477, "nll": 0.48658057076585326, "mse": 0.15406044616352177, "rmse": 0.3925053453948389, "f1": 0.8948499501112901, "gmean": 0.4346061390370257, "cm": [[0, 2740], [0, 11659]], "cm_roc_opt": [[2740, 0], [11659, 0]], "cm_pr_opt": [[676, 2064], [2733, 8926]], "roc_opt_t": 0.8121464394586577, "pr_opt_t": 0.8015714678482181, "J_best_i": 1, "fpr_curve": [0.0, 0.7532846715328467, 1.0], "tpr_curve": [0.0, 0.7655888155073334, 1.0], "fscore_best_i": 0, "precision_curve": [0.8097090075699701, 0.8121929026387625, 1.0], "recall_curve": [1.0, 0.7655888155073334, 0.0]}}