{"time": "2022-06-19T19:27:30.455615", "features": ["month"], "seed": 888, "split_id": 4, "metrics_test": {"acc": 0.8059918557300756, "auc": 0.5669574090616186, "pr_auc": 0.8446801136878536, "nll": 0.48911279648577405, "mse": 0.15547435981563423, "rmse": 0.3943023710499776, "f1": 0.8925752939281688, "gmean": 0.5507462697761082, "cm": [[0, 667], [0, 2771]], "cm_roc_opt": [[525, 142], [1951, 820]], "cm_pr_opt": [[16, 651], [59, 2712]], "roc_opt_t": 0.7912692462952052, "pr_opt_t": 0.740371761804382, "J_best_i": 6, "fpr_curve": [0.0, 0.025487256371814093, 0.06146926536731634, 0.13343328335832083, 0.1424287856071964, 0.2128935532233883, 0.5067466266866567, 0.7946026986506747, 0.9760119940029985, 1.0], "tpr_curve": [0.0, 0.04871887405268856, 0.10321183688199206, 0.20209310718152293, 0.20894983760375316, 0.2959220498015157, 0.6149404547094912, 0.8444604835799351, 0.9787080476362324, 1.0], "fscore_best_i": 0, "precision_curve": [0.8059918557300756, 0.8064228367528992, 0.8153310104529616, 0.8344760039177277, 0.8523908523908524, 0.8590504451038575, 0.8628659476117103, 0.8746177370030581, 0.8881578947368421, 1.0], "recall_curve": [1.0, 0.9787080476362324, 0.8444604835799351, 0.6149404547094912, 0.2959220498015157, 0.20894983760375316, 0.20209310718152293, 0.10321183688199206, 0.04871887405268856, 0.0]}, "metrics_train": {"acc": 0.8097090075699701, "auc": 0.564201350042541, "pr_auc": 0.8523622915091653, "nll": 0.48051702809637936, "mse": 0.152363087629523, "rmse": 0.3903371461051625, "f1": 0.8948499501112901, "gmean": 0.49504653069847343, "cm": [[0, 2740], [0, 11659]], "cm_roc_opt": [[2419, 321], [9112, 2547]], "cm_pr_opt": [[51, 2689], [144, 11515]], "roc_opt_t": 0.8224071842393489, "pr_opt_t": 0.740371761804382, "J_best_i": 5, "fpr_curve": [0.0, 0.020802919708029197, 0.06386861313868614, 0.11678832116788321, 0.11715328467153285, 0.19671532846715328, 0.19927007299270072, 0.5281021897810219, 0.8401459854014599, 0.9813868613138687, 1.0], "tpr_curve": [0.0, 0.04485804957543529, 0.13440260742773824, 0.21768590788232267, 0.218457843725877, 0.30508619950253024, 0.30748777768247704, 0.6003945449867055, 0.8722017325671155, 0.9876490265031306, 1.0], "fscore_best_i": 0, "precision_curve": [0.8097090075699701, 0.8106871303858069, 0.8154117552722315, 0.8286965786669823, 0.8678286129266521, 0.868408203125, 0.8880753138075314, 0.8880335899230231, 0.899540757749713, 0.9017241379310345, 1.0], "recall_curve": [1.0, 0.9876490265031306, 0.8722017325671155, 0.6003945449867055, 0.30748777768247704, 0.30508619950253024, 0.218457843725877, 0.21768590788232267, 0.13440260742773824, 0.04485804957543529, 0.0]}}