{"time": "2022-06-19T19:25:51.524733", "features": ["icA", "icW"], "seed": 888, "split_id": 3, "metrics_test": {"acc": 0.8250216200634188, "auc": 0.6883307027147754, "pr_auc": 0.9379264470420514, "nll": 0.4061075251089399, "mse": 0.13229813419895334, "rmse": 0.3637281047691439, "f1": 0.9041225714737008, "gmean": 0.5940490834975422, "cm": [[0, 607], [0, 2862]], "cm_roc_opt": [[607, 0], [2862, 0]], "cm_pr_opt": [[130, 477], [320, 2542]], "roc_opt_t": 0.9716865989074581, "pr_opt_t": 0.6903918154129028, "J_best_i": 1, "fpr_curve": [0.0, 0.004942339373970346, 0.785831960461285, 1.0], "tpr_curve": [0.0, 0.3546470999301188, 0.8881900768693222, 1.0], "fscore_best_i": 0, "precision_curve": [0.8250216200634188, 0.8420006624710169, 0.9970530451866405, 1.0], "recall_curve": [1.0, 0.8881900768693222, 0.3546470999301188, 0.0]}, "metrics_train": {"acc": 0.8051224944320713, "auc": 0.6783895691315944, "pr_auc": 0.8835545493870972, "nll": 0.4406047362598866, "mse": 0.14349212678656495, "rmse": 0.3788035464281782, "f1": 0.8920419494139421, "gmean": 0.5987808594013819, "cm": [[0, 2800], [0, 11568]], "cm_roc_opt": [[2773, 27], [11468, 100]], "cm_pr_opt": [[592, 2208], [1348, 10220]], "roc_opt_t": 0.9716865989074581, "pr_opt_t": 0.6903918154129028, "J_best_i": 10, "fpr_curve": [0.0, 0.00035714285714285714, 0.0014285714285714286, 0.0014285714285714286, 0.0025, 0.0035714285714285713, 0.004285714285714286, 0.007857142857142858, 0.009285714285714286, 0.009642857142857142, 0.030714285714285715, 0.03321428571428572, 0.03357142857142857, 0.03357142857142857, 0.7885714285714286, 0.9921428571428571, 0.9971428571428571, 0.9989285714285714, 0.9996428571428572, 1.0], "tpr_curve": [0.0, 0.00025933609958506224, 0.0006051175656984786, 0.0009508990318118949, 0.0033713692946058093, 0.003457814661134163, 0.0035442600276625173, 0.0076936376210235136, 0.008558091286307055, 0.008644536652835409, 0.3698997233748271, 0.3709370677731674, 0.37154218533886585, 0.37171507607192256, 0.8834716459197787, 0.9990491009681881, 0.9993084370677732, 0.9999135546334716, 0.9999135546334716, 1.0], "fscore_best_i": 4, "precision_curve": [0.8051224944320713, 0.8051649728525686, 0.805277081592871, 0.8054626532887402, 0.8062085803976282, 0.8223366591567428, 0.9786071916249431, 0.9785974499089253, 0.978786496350365, 0.9802978235967926, 0.7874015748031497, 0.792, 0.8018018018018018, 0.7735849056603774, 0.8, 0.8478260869565217, 0.7333333333333333, 0.6363636363636364, 0.75, 1.0], "recall_curve": [1.0, 0.9999135546334716, 0.9999135546334716, 0.9993084370677732, 0.9990491009681881, 0.8834716459197787, 0.37171507607192256, 0.37154218533886585, 0.3709370677731674, 0.3698997233748271, 0.008644536652835409, 0.008558091286307055, 0.0076936376210235136, 0.0035442600276625173, 0.003457814661134163, 0.0033713692946058093, 0.0009508990318118949, 0.0006051175656984786, 0.00025933609958506224, 0.0]}}