{"time": "2022-06-19T19:27:36.753299", "features": ["day"], "seed": 888, "split_id": 4, "metrics_test": {"acc": 0.8059918557300756, "auc": 0.49224025663097715, "pr_auc": 0.8189888428333498, "nll": 0.49248421294906547, "mse": 0.15652028075877839, "rmse": 0.39562644092474203, "f1": 0.8925752939281688, "gmean": 0.3157091792056545, "cm": [[0, 667], [0, 2771]], "cm_roc_opt": [[667, 0], [2771, 0]], "cm_pr_opt": [[87, 580], [428, 2343]], "roc_opt_t": 0.8314553978374994, "pr_opt_t": 0.800135235705504, "J_best_i": 1, "fpr_curve": [0.0, 0.08545727136431784, 0.25037481259370314, 0.3538230884557721, 0.49325337331334335, 0.6221889055472264, 0.8695652173913043, 1.0], "tpr_curve": [0.0, 0.108985925658607, 0.2605557560447492, 0.36015878744135693, 0.4622879826777337, 0.6001443522194154, 0.8455431252255503, 1.0], "fscore_best_i": 0, "precision_curve": [0.8059918557300756, 0.8015737256243586, 0.800288739172281, 0.7956521739130434, 0.8087520259319287, 0.81214848143982, 0.841225626740947, 1.0], "recall_curve": [1.0, 0.8455431252255503, 0.6001443522194154, 0.4622879826777337, 0.36015878744135693, 0.2605557560447492, 0.108985925658607, 0.0]}, "metrics_train": {"acc": 0.8097090075699701, "auc": 0.5188834414440021, "pr_auc": 0.8303807297103515, "nll": 0.48619877730153965, "mse": 0.15394545058243692, "rmse": 0.3923588288575101, "f1": 0.8948499501112901, "gmean": 0.4863310466511001, "cm": [[0, 2740], [0, 11659]], "cm_roc_opt": [[2220, 520], [9103, 2556]], "cm_pr_opt": [[428, 2312], [1714, 9945]], "roc_opt_t": 0.8113284288111745, "pr_opt_t": 0.800135235705504, "J_best_i": 3, "fpr_curve": [0.0, 0.10291970802919707, 0.1897810218978102, 0.31386861313868614, 0.4145985401459854, 0.5051094890510949, 0.8437956204379562, 1.0], "tpr_curve": [0.0, 0.1194785144523544, 0.21922977956943135, 0.3447122394716528, 0.4440346513423107, 0.5314349429625183, 0.852989107127541, 1.0], "fscore_best_i": 0, "precision_curve": [0.8097090075699701, 0.811373092926491, 0.8174142480211082, 0.820053857120228, 0.8237343717974995, 0.8309492847854356, 0.8316417910447761, 1.0], "recall_curve": [1.0, 0.852989107127541, 0.5314349429625183, 0.4440346513423107, 0.3447122394716528, 0.21922977956943135, 0.1194785144523544, 0.0]}}