{"time": "2022-06-19T19:23:04.963445", "features": ["bundle"], "seed": 888, "split_id": 1, "metrics_test": {"acc": 0.8090960134755755, "auc": 0.643395619871821, "pr_auc": 0.8850172387056293, "nll": 0.4656770338946515, "mse": 0.14808258914049965, "rmse": 0.38481500638683475, "f1": 0.8944754810676597, "gmean": 0.6207785959844923, "cm": [[0, 680], [0, 2882]], "cm_roc_opt": [[542, 138], [1672, 1210]], "cm_pr_opt": [[214, 466], [556, 2326]], "roc_opt_t": 0.8192665303705632, "pr_opt_t": 0.7058810121419216, "J_best_i": 4, "fpr_curve": [0.0, 0.022058823529411766, 0.10147058823529412, 0.20294117647058824, 0.375, 0.6852941176470588, 1.0], "tpr_curve": [0.0, 0.08154059680777238, 0.2605829285218598, 0.4198473282442748, 0.6165857043719639, 0.8070784177654406, 1.0], "fscore_best_i": 0, "precision_curve": [0.8090960134755755, 0.8330945558739254, 0.874507874015748, 0.8976261127596439, 0.9158536585365854, 0.94, 1.0], "recall_curve": [1.0, 0.8070784177654406, 0.6165857043719639, 0.4198473282442748, 0.2605829285218598, 0.08154059680777238, 0.0]}, "metrics_train": {"acc": 0.8089667250437829, "auc": 0.6474278561674434, "pr_auc": 0.8848756008670859, "nll": 0.46541225396439284, "mse": 0.14794953746058856, "rmse": 0.3846420900793211, "f1": 0.8943964682647253, "gmean": 0.6189216398493236, "cm": [[0, 2727], [0, 11548]], "cm_roc_opt": [[2173, 554], [6600, 4948]], "cm_pr_opt": [[880, 1847], [2110, 9438]], "roc_opt_t": 0.8192665303705632, "pr_opt_t": 0.7058810121419216, "J_best_i": 4, "fpr_curve": [0.0, 0.027136046938027136, 0.11477814448111477, 0.20315364869820315, 0.38027136046938026, 0.6773010634396773, 1.0], "tpr_curve": [0.0, 0.08798060270176654, 0.27684447523380673, 0.428472462764115, 0.6181156910287495, 0.8172843782473156, 1.0], "fscore_best_i": 0, "precision_curve": [0.8089667250437829, 0.8363314133805937, 0.8731498470948013, 0.8993093420574336, 0.9108262108262108, 0.9321100917431193, 1.0], "recall_curve": [1.0, 0.8172843782473156, 0.6181156910287495, 0.428472462764115, 0.27684447523380673, 0.08798060270176654, 0.0]}}