{"time": "2022-06-19T19:27:33.778875", "features": ["week"], "seed": 888, "split_id": 4, "metrics_test": {"acc": 0.8059918557300756, "auc": 0.5884768730755517, "pr_auc": 0.8534479925283257, "nll": 0.4837003433462954, "mse": 0.15392963121307257, "rmse": 0.39233866902597375, "f1": 0.8925752939281688, "gmean": 0.512537870719513, "cm": [[0, 667], [0, 2771]], "cm_roc_opt": [[574, 93], [2033, 738]], "cm_pr_opt": [[66, 601], [247, 2524]], "roc_opt_t": 0.8534976516829852, "pr_opt_t": 0.728421906179329, "J_best_i": 12, "fpr_curve": [0.0, 0.008995502248875561, 0.013493253373313344, 0.017991004497751123, 0.029985007496251874, 0.037481259370314844, 0.06146926536731634, 0.06146926536731634, 0.08845577211394302, 0.11094452773613193, 0.12443778110944528, 0.13943028485757122, 0.17841079460269865, 0.239880059970015, 0.2623688155922039, 0.32083958020989506, 0.3448275862068966, 0.44227886056971516, 0.5037481259370314, 0.5757121439280359, 0.6251874062968515, 0.6476761619190404, 0.7241379310344828, 0.815592203898051, 0.8440779610194903, 0.9010494752623688, 1.0], "tpr_curve": [0.0, 0.014435221941537351, 0.031396607722843736, 0.03753157704799711, 0.06856730422230242, 0.07939372067845543, 0.11692529772645255, 0.12414290869722122, 0.15229159148321905, 0.2190544929628293, 0.24972933958859617, 0.2663298448213641, 0.31974016600505234, 0.3767592926741249, 0.39119451461566224, 0.45470949115842657, 0.4778058462648863, 0.5716347888848791, 0.6163839769036449, 0.6867556838686395, 0.7232046192710213, 0.7509924215084807, 0.806207145434861, 0.8599783471670877, 0.8856008661133165, 0.9108625045110068, 1.0], "fscore_best_i": 0, "precision_curve": [0.8059918557300756, 0.80768, 0.8133907855485581, 0.8141441749231295, 0.8222304011777696, 0.8280939116593713, 0.8277571251548946, 0.8320944468736335, 0.8356164383561644, 0.8430015965939329, 0.851994851994852, 0.8548168249660787, 0.8610007942811755, 0.867109634551495, 0.881592039800995, 0.8880866425992779, 0.8929032258064517, 0.8913362701908958, 0.8773388773388774, 0.8935064935064935, 0.8876712328767123, 0.8979591836734694, 0.9047619047619048, 0.896551724137931, 0.90625, 0.8695652173913043, 1.0], "recall_curve": [1.0, 0.9108625045110068, 0.8856008661133165, 0.8599783471670877, 0.806207145434861, 0.7509924215084807, 0.7232046192710213, 0.6867556838686395, 0.6163839769036449, 0.5716347888848791, 0.4778058462648863, 0.45470949115842657, 0.39119451461566224, 0.3767592926741249, 0.31974016600505234, 0.2663298448213641, 0.24972933958859617, 0.2190544929628293, 0.15229159148321905, 0.12414290869722122, 0.11692529772645255, 0.07939372067845543, 0.06856730422230242, 0.03753157704799711, 0.031396607722843736, 0.014435221941537351, 0.0]}, "metrics_train": {"acc": 0.8097090075699701, "auc": 0.6092878031006403, "pr_auc": 0.8659144047649978, "nll": 0.47459138761686315, "mse": 0.15055384235989794, "rmse": 0.3880126832461768, "f1": 0.8948499501112901, "gmean": 0.5733601298350596, "cm": [[0, 2740], [0, 11659]], "cm_roc_opt": [[2070, 670], [6919, 4740]], "cm_pr_opt": [[36, 2704], [69, 11590]], "roc_opt_t": 0.8135057342807787, "pr_opt_t": 0.6655353529864304, "J_best_i": 17, "fpr_curve": [0.0, 0.0, 0.005474452554744526, 0.0062043795620437955, 0.017153284671532848, 0.01897810218978102, 0.029927007299270073, 0.05766423357664233, 0.06496350364963503, 0.0791970802919708, 0.1135036496350365, 0.11386861313868613, 0.13065693430656936, 0.14343065693430657, 0.18175182481751825, 0.18503649635036495, 0.24452554744525548, 0.3186131386861314, 0.3536496350364963, 0.43467153284671534, 0.4405109489051095, 0.4759124087591241, 0.5704379562043795, 0.6051094890510949, 0.6302919708029197, 0.7222627737226277, 0.7992700729927007, 0.82007299270073, 0.868978102189781, 0.877007299270073, 0.9744525547445255, 0.9868613138686131, 1.0], "tpr_curve": [0.0, 0.0012865597392572262, 0.016639505961060126, 0.01938416673814221, 0.044772278926151474, 0.04931812333819367, 0.07273351059267519, 0.13045715756068274, 0.14572433313320182, 0.17342825285187408, 0.23586928553049147, 0.2366412213740458, 0.26262972810704177, 0.2824427480916031, 0.3350201561025817, 0.339051376618921, 0.40655287760528347, 0.4824599022214598, 0.516253538039283, 0.5912170855133373, 0.5961917831717987, 0.6248391800325929, 0.7011750578951883, 0.7287074363152929, 0.7485204562998542, 0.8182519941675959, 0.8735740629556565, 0.8879835320353375, 0.9203190668153358, 0.9254653057723647, 0.9867055493610086, 0.9940818251994168, 1.0], "fscore_best_i": 0, "precision_curve": [0.8097090075699701, 0.8108297187631174, 0.8116269225342175, 0.8178579549761237, 0.8183967660742888, 0.8216666666666667, 0.823030303030303, 0.8281968920913274, 0.8348000765257317, 0.8367145952334055, 0.8394947627849662, 0.848177901967633, 0.8520470703603824, 0.8526719445818901, 0.861333714939897, 0.8656509695290858, 0.8761552680221811, 0.886322869955157, 0.8869209809264306, 0.8933803581117743, 0.8953216374269006, 0.8984044285249104, 0.8983992159425025, 0.9030817329164805, 0.905167820990943, 0.9058963668850506, 0.9118279569892473, 0.9170653907496013, 0.9173989455184535, 0.9300411522633745, 0.9282296650717703, 1.0, 1.0], "recall_curve": [1.0, 0.9940818251994168, 0.9867055493610086, 0.9254653057723647, 0.9203190668153358, 0.8879835320353375, 0.8735740629556565, 0.8182519941675959, 0.7485204562998542, 0.7287074363152929, 0.7011750578951883, 0.6248391800325929, 0.5961917831717987, 0.5912170855133373, 0.516253538039283, 0.4824599022214598, 0.40655287760528347, 0.339051376618921, 0.3350201561025817, 0.2824427480916031, 0.26262972810704177, 0.2366412213740458, 0.23586928553049147, 0.17342825285187408, 0.14572433313320182, 0.13045715756068274, 0.07273351059267519, 0.04931812333819367, 0.044772278926151474, 0.01938416673814221, 0.016639505961060126, 0.0012865597392572262, 0.0]}}