{"time": "2022-06-19T19:23:50.531709", "features": ["weekend"], "seed": 888, "split_id": 1, "metrics_test": {"acc": 0.8090960134755755, "auc": 0.5034570559660366, "pr_auc": 0.8841371831646143, "nll": 0.48751774369737577, "mse": 0.1544555159058115, "rmse": 0.3930082898690707, "f1": 0.8944754810676597, "gmean": 0.4213786982606483, "cm": [[0, 680], [0, 2882]], "cm_roc_opt": [[680, 0], [2882, 0]], "cm_pr_opt": [[155, 525], [637, 2245]], "roc_opt_t": 0.8095093697956288, "pr_opt_t": 0.8070911043638301, "J_best_i": 1, "fpr_curve": [0.0, 0.7720588235294118, 1.0], "tpr_curve": [0.0, 0.778972935461485, 1.0], "fscore_best_i": 0, "precision_curve": [0.8090960134755755, 0.8104693140794224, 1.0], "recall_curve": [1.0, 0.778972935461485, 0.0]}, "metrics_train": {"acc": 0.8089667250437829, "auc": 0.5014234046658332, "pr_auc": 0.8807412040459248, "nll": 0.48771446352324577, "mse": 0.15453854240215187, "rmse": 0.39311390512439504, "f1": 0.8943964682647253, "gmean": 0.4364061976695351, "cm": [[0, 2727], [0, 11548]], "cm_roc_opt": [[2727, 0], [11548, 0]], "cm_pr_opt": [[694, 2033], [2906, 8642]], "roc_opt_t": 0.8095093697956288, "pr_opt_t": 0.8070911043638301, "J_best_i": 1, "fpr_curve": [0.0, 0.7455078841217455, 1.0], "tpr_curve": [0.0, 0.7483546934534119, 1.0], "fscore_best_i": 0, "precision_curve": [0.8089667250437829, 0.8095550351288057, 1.0], "recall_curve": [1.0, 0.7483546934534119, 0.0]}}