{"time": "2022-06-19T19:22:28.748199", "features": ["hour"], "seed": 888, "split_id": 0, "metrics_test": {"acc": 0.8089033659066233, "auc": 0.5020241477272727, "pr_auc": 0.8167313514353973, "nll": 0.48887166038687435, "mse": 0.1549188895579661, "rmse": 0.3935973698565148, "f1": 0.8943577430972389, "gmean": 0.49252486906175136, "cm": [[0, 704], [0, 2980]], "cm_roc_opt": [[505, 199], [2017, 963]], "cm_pr_opt": [[19, 685], [48, 2932]], "roc_opt_t": 0.8246349851012799, "pr_opt_t": 0.741684721271489, "J_best_i": 9, "fpr_curve": [0.0, 0.002840909090909091, 0.01278409090909091, 0.052556818181818184, 0.05965909090909091, 0.10511363636363637, 0.11789772727272728, 0.19886363636363635, 0.28267045454545453, 0.30823863636363635, 0.3678977272727273, 0.5, 0.5397727272727273, 0.5411931818181818, 0.6065340909090909, 0.6690340909090909, 0.7301136363636364, 0.7826704545454546, 0.8252840909090909, 0.8607954545454546, 0.9303977272727273, 0.9730113636363636, 1.0], "tpr_curve": [0.0, 0.0030201342281879194, 0.016778523489932886, 0.06442953020134229, 0.08187919463087248, 0.13187919463087247, 0.14194630872483222, 0.21879194630872484, 0.3231543624161074, 0.35067114093959734, 0.3902684563758389, 0.4778523489932886, 0.5114093959731544, 0.5144295302013423, 0.5815436241610739, 0.6503355704697986, 0.7067114093959731, 0.7761744966442953, 0.8144295302013422, 0.8536912751677852, 0.9221476510067114, 0.9838926174496644, 1.0], "fscore_best_i": 0, "precision_curve": [0.8089033659066233, 0.8106165330384296, 0.8075227740229209, 0.8076190476190476, 0.8068484042553191, 0.8076117318435754, 0.8038167938931298, 0.8044831880448319, 0.8023148148148148, 0.8009404388714734, 0.8004201680672269, 0.8018018018018018, 0.8178621659634318, 0.8280507131537242, 0.8287435456110155, 0.8232323232323232, 0.8359683794466403, 0.841541755888651, 0.8531468531468531, 0.8384279475982532, 0.847457627118644, 0.8181818181818182, 1.0], "recall_curve": [1.0, 0.9838926174496644, 0.9221476510067114, 0.8536912751677852, 0.8144295302013422, 0.7761744966442953, 0.7067114093959731, 0.6503355704697986, 0.5815436241610739, 0.5144295302013423, 0.5114093959731544, 0.4778523489932886, 0.3902684563758389, 0.35067114093959734, 0.3231543624161074, 0.21879194630872484, 0.14194630872483222, 0.13187919463087247, 0.08187919463087248, 0.06442953020134229, 0.016778523489932886, 0.0030201342281879194, 0.0]}, "metrics_train": {"acc": 0.80901575637674, "auc": 0.5451485733949177, "pr_auc": 0.833339660835047, "nll": 0.4855004167487563, "mse": 0.1538586869400652, "rmse": 0.3922482465736019, "f1": 0.8944264344022185, "gmean": 0.5308702638107688, "cm": [[0, 2703], [0, 11450]], "cm_roc_opt": [[1495, 1208], [5602, 5848]], "cm_pr_opt": [[81, 2622], [231, 11219]], "roc_opt_t": 0.8102230441404036, "pr_opt_t": 0.741684721271489, "J_best_i": 16, "fpr_curve": [0.0, 0.004069552349241583, 0.009618941916389198, 0.020717721050684423, 0.04698483166851646, 0.058823529411764705, 0.12134665186829449, 0.13503514613392525, 0.1894191638919719, 0.25157232704402516, 0.2733999260081391, 0.3255641879393267, 0.39326674065852757, 0.42878283388827226, 0.43581206067332595, 0.44691083980762114, 0.5046244913059563, 0.5586385497595264, 0.6078431372549019, 0.6785053644099149, 0.755086940436552, 0.8357380688124306, 0.8842027376988532, 0.9700332963374029, 1.0], "tpr_curve": [0.0, 0.008558951965065502, 0.019126637554585154, 0.035109170305676854, 0.06943231441048035, 0.0840174672489083, 0.15860262008733625, 0.17458515283842796, 0.2365065502183406, 0.305764192139738, 0.33004366812227076, 0.38471615720524016, 0.4556331877729258, 0.49231441048034935, 0.4994759825327511, 0.5107423580786026, 0.5689082969432314, 0.6218340611353712, 0.6692576419213974, 0.7333624454148472, 0.8006113537117904, 0.8696943231441048, 0.9100436681222708, 0.979825327510917, 1.0], "fscore_best_i": 0, "precision_curve": [0.80901575637674, 0.8105628206054476, 0.8134270101483216, 0.8150937218629778, 0.8178979300499644, 0.8207408855439351, 0.8234472383408553, 0.8250289687137891, 0.8268596090378268, 0.828798185941043, 0.8292011019283747, 0.8294585050029429, 0.8307324840764331, 0.8334910122989593, 0.8364320495794599, 0.8373594833771825, 0.8409937888198757, 0.8456006768189509, 0.8470149253731343, 0.8581623550401427, 0.8622559652928417, 0.8777292576419214, 0.8938775510204081, 0.8990825688073395, 1.0], "recall_curve": [1.0, 0.979825327510917, 0.9100436681222708, 0.8696943231441048, 0.8006113537117904, 0.7333624454148472, 0.6692576419213974, 0.6218340611353712, 0.5689082969432314, 0.5107423580786026, 0.4994759825327511, 0.49231441048034935, 0.4556331877729258, 0.38471615720524016, 0.33004366812227076, 0.305764192139738, 0.2365065502183406, 0.17458515283842796, 0.15860262008733625, 0.0840174672489083, 0.06943231441048035, 0.035109170305676854, 0.019126637554585154, 0.008558951965065502, 0.0]}}