{"time": "2022-06-19T19:26:57.483073", "features": ["bundle"], "seed": 888, "split_id": 4, "metrics_test": {"acc": 0.8059918557300756, "auc": 0.636948757667359, "pr_auc": 0.8816827375012193, "nll": 0.47237490500629414, "mse": 0.15072079311749664, "rmse": 0.38822775933399795, "f1": 0.8925752939281688, "gmean": 0.5767076674757691, "cm": [[0, 667], [0, 2771]], "cm_roc_opt": [[603, 64], [2050, 721]], "cm_pr_opt": [[205, 462], [525, 2246]], "roc_opt_t": 0.8801701540242406, "pr_opt_t": 0.706794086552124, "J_best_i": 3, "fpr_curve": [0.0, 0.022488755622188907, 0.095952023988006, 0.19790104947526238, 0.39580209895052476, 0.6926536731634183, 1.0], "tpr_curve": [0.0, 0.08300252616383977, 0.26019487549621073, 0.4146517502706604, 0.6041140382533381, 0.8105377120173223, 1.0], "fscore_best_i": 0, "precision_curve": [0.8059918557300756, 0.829394387001477, 0.8637770897832817, 0.8969555035128806, 0.9184713375796179, 0.9387755102040817, 1.0], "recall_curve": [1.0, 0.8105377120173223, 0.6041140382533381, 0.4146517502706604, 0.26019487549621073, 0.08300252616383977, 0.0]}, "metrics_train": {"acc": 0.8097090075699701, "auc": 0.6488704255914575, "pr_auc": 0.8856366758639176, "nll": 0.4638327882696125, "mse": 0.14732414722308299, "rmse": 0.38382827830044386, "f1": 0.8948499501112901, "gmean": 0.6229385696730708, "cm": [[0, 2740], [0, 11659]], "cm_roc_opt": [[2180, 560], [6650, 5009]], "cm_pr_opt": [[889, 1851], [2141, 9518]], "roc_opt_t": 0.8266313840442958, "pr_opt_t": 0.706794086552124, "J_best_i": 4, "fpr_curve": [0.0, 0.027007299270072994, 0.11605839416058394, 0.20437956204379562, 0.37518248175182484, 0.6755474452554745, 1.0], "tpr_curve": [0.0, 0.0875718329187752, 0.27678188523887126, 0.42962518226262975, 0.621065271464105, 0.816365039883352, 1.0], "fscore_best_i": 0, "precision_curve": [0.8097090075699701, 0.8371888468642801, 0.8756802515419035, 0.8994433471000179, 0.9102961918194641, 0.9324200913242009, 1.0], "recall_curve": [1.0, 0.816365039883352, 0.621065271464105, 0.42962518226262975, 0.27678188523887126, 0.0875718329187752, 0.0]}}