{"time": "2022-06-19T19:24:25.760216", "features": ["c"], "seed": 888, "split_id": 2, "metrics_test": {"acc": 0.7966883821932682, "auc": 0.5, "pr_auc": 0.8983441910966341, "nll": 0.5057261768822389, "mse": 0.16221486681620484, "rmse": 0.402759067950313, "f1": 0.8868409125245506, "gmean": 0.0, "cm": [[0, 749], [0, 2935]], "cm_roc_opt": [[749, 0], [2935, 0]], "cm_pr_opt": [[749, 0], [2935, 0]], "roc_opt_t": 1.812143573704978, "pr_opt_t": 0.812143573704978, "J_best_i": 0, "fpr_curve": [0.0, 1.0], "tpr_curve": [0.0, 1.0], "fscore_best_i": 0, "precision_curve": [0.7966883821932682, 1.0], "recall_curve": [1.0, 0.0]}, "metrics_train": {"acc": 0.8121952942838974, "auc": 0.5, "pr_auc": 0.9060976471419486, "nll": 0.48302407063389274, "mse": 0.15253410090200897, "rmse": 0.39055614308573994, "f1": 0.8963661883967561, "gmean": 0.0, "cm": [[0, 2658], [0, 11495]], "cm_roc_opt": [[2658, 0], [11495, 0]], "cm_pr_opt": [[2658, 0], [11495, 0]], "roc_opt_t": 1.812143573704978, "pr_opt_t": 0.812143573704978, "J_best_i": 0, "fpr_curve": [0.0, 1.0], "tpr_curve": [0.0, 1.0], "fscore_best_i": 0, "precision_curve": [0.8121952942838974, 1.0], "recall_curve": [1.0, 0.0]}}