{"time": "2022-06-19T19:27:10.907863", "features": ["icA", "icW"], "seed": 888, "split_id": 4, "metrics_test": {"acc": 0.8059918557300756, "auc": 0.6596915364042988, "pr_auc": 0.8897552483924274, "nll": 0.4463371529723522, "mse": 0.14515253853133103, "rmse": 0.38098889554858556, "f1": 0.8925752939281688, "gmean": 0.5754966246709707, "cm": [[0, 667], [0, 2771]], "cm_roc_opt": [[664, 3], [2756, 15]], "cm_pr_opt": [[127, 540], [321, 2450]], "roc_opt_t": 0.9775457723945499, "pr_opt_t": 0.6907817769325467, "J_best_i": 4, "fpr_curve": [0.0, 0.0, 0.004497751124437781, 0.004497751124437781, 0.035982008995502246, 0.038980509745127435, 0.038980509745127435, 0.8095952023988006, 0.9910044977511244, 0.9985007496251874, 1.0], "tpr_curve": [0.0, 0.001804402742692169, 0.005052327679538073, 0.0054132082280765065, 0.34355828220858897, 0.3439191627571274, 0.3442800433056658, 0.8841573439191628, 0.9992782389029231, 0.9992782389029231, 1.0], "fscore_best_i": 2, "precision_curve": [0.8059918557300756, 0.8061135371179039, 0.8072886297376093, 0.8193979933110368, 0.9734693877551021, 0.9734422880490297, 0.9754098360655737, 0.8333333333333334, 0.8235294117647058, 1.0, 1.0], "recall_curve": [1.0, 0.9992782389029231, 0.9992782389029231, 0.8841573439191628, 0.3442800433056658, 0.3439191627571274, 0.34355828220858897, 0.0054132082280765065, 0.005052327679538073, 0.001804402742692169, 0.0]}, "metrics_train": {"acc": 0.8097090075699701, "auc": 0.6848584909499444, "pr_auc": 0.88649971212658, "nll": 0.4306358912261283, "mse": 0.1403551746848414, "rmse": 0.3746400601708811, "f1": 0.8948499501112901, "gmean": 0.6029771714439324, "cm": [[0, 2740], [0, 11659]], "cm_roc_opt": [[2716, 24], [11574, 85]], "cm_pr_opt": [[595, 2145], [1347, 10312]], "roc_opt_t": 0.9775457723945499, "pr_opt_t": 0.6907817769325467, "J_best_i": 10, "fpr_curve": [0.0, 0.000364963503649635, 0.00145985401459854, 0.00145985401459854, 0.0025547445255474453, 0.0036496350364963502, 0.004379562043795621, 0.006934306569343066, 0.008394160583941606, 0.008759124087591242, 0.023722627737226276, 0.025547445255474453, 0.025912408759124088, 0.025912408759124088, 0.7828467153284672, 0.9941605839416059, 0.9974452554744525, 0.9989051094890511, 0.9996350364963503, 1.0], "tpr_curve": [0.0, 0.00025731194785144526, 0.0006003945449867056, 0.0009434771421219659, 0.0029162020756497127, 0.0030019727249335276, 0.003087743374217343, 0.006432798696286131, 0.0072047345398404666, 0.007290505189124281, 0.37241615919032506, 0.373359636332447, 0.3738742602281499, 0.37404580152671757, 0.8844669354147011, 0.9992280641564457, 0.9994853761042971, 0.9999142293507162, 0.9999142293507162, 1.0], "fscore_best_i": 4, "precision_curve": [0.8097090075699701, 0.8097520316732653, 0.8098645362973255, 0.8100236340886974, 0.8104911646027549, 0.8278076583447058, 0.9839801444043321, 0.9839729119638826, 0.9841736378023965, 0.9852507374631269, 0.7798165137614679, 0.7850467289719626, 0.7978723404255319, 0.75, 0.7777777777777778, 0.8292682926829268, 0.7333333333333333, 0.6363636363636364, 0.75, 1.0], "recall_curve": [1.0, 0.9999142293507162, 0.9999142293507162, 0.9994853761042971, 0.9992280641564457, 0.8844669354147011, 0.37404580152671757, 0.3738742602281499, 0.373359636332447, 0.37241615919032506, 0.007290505189124281, 0.0072047345398404666, 0.006432798696286131, 0.003087743374217343, 0.0030019727249335276, 0.0029162020756497127, 0.0009434771421219659, 0.0006003945449867056, 0.00025731194785144526, 0.0]}}