{"time": "2022-06-19T19:22:22.593545", "features": ["week"], "seed": 888, "split_id": 0, "metrics_test": {"acc": 0.8089033659066233, "auc": 0.5857291984441733, "pr_auc": 0.8480353949847679, "nll": 0.480899215853979, "mse": 0.15240371765551491, "rmse": 0.39038918742136663, "f1": 0.8943577430972389, "gmean": 0.5692007337396983, "cm": [[0, 704], [0, 2980]], "cm_roc_opt": [[448, 256], [1474, 1506]], "cm_pr_opt": [[10, 694], [20, 2960]], "roc_opt_t": 0.8075053464078368, "pr_opt_t": 0.6643182015973789, "J_best_i": 17, "fpr_curve": [0.0, 0.002840909090909091, 0.024147727272727272, 0.028409090909090908, 0.032670454545454544, 0.07670454545454546, 0.11079545454545454, 0.11789772727272728, 0.14204545454545456, 0.14204545454545456, 0.15198863636363635, 0.15198863636363635, 0.19176136363636365, 0.19886363636363635, 0.20170454545454544, 0.2684659090909091, 0.36363636363636365, 0.3664772727272727, 0.43607954545454547, 0.4630681818181818, 0.4872159090909091, 0.5866477272727273, 0.6193181818181818, 0.625, 0.734375, 0.8267045454545454, 0.9247159090909091, 0.9261363636363636, 0.9602272727272727, 0.9857954545454546, 1.0], "tpr_curve": [0.0, 0.006040268456375839, 0.01912751677852349, 0.036241610738255034, 0.04865771812080537, 0.11812080536912752, 0.17986577181208055, 0.19563758389261746, 0.22684563758389262, 0.2302013422818792, 0.24798657718120806, 0.25469798657718123, 0.30671140939597313, 0.324496644295302, 0.3352348993288591, 0.412751677852349, 0.5053691275167785, 0.5114093959731544, 0.5758389261744966, 0.5949664429530201, 0.6261744966442953, 0.6986577181208053, 0.724496644295302, 0.7352348993288591, 0.7942953020134228, 0.8543624161073825, 0.9456375838926174, 0.952013422818792, 0.9758389261744966, 0.9932885906040269, 1.0], "fscore_best_i": 0, "precision_curve": [0.8089033659066233, 0.8100711548987412, 0.8113839285714286, 0.8131269704786471, 0.8123378495243586, 0.8139386189258312, 0.8207350901525658, 0.8327632079057392, 0.8319845857418112, 0.8344689378757515, 0.8447261204164781, 0.8446879466412578, 0.8482451804251112, 0.8552188552188552, 0.8547105561861521, 0.8668076109936576, 0.8755477651183172, 0.8735320686540199, 0.871306005719733, 0.8764434180138568, 0.8735224586288416, 0.8727735368956743, 0.8711340206185567, 0.8753753753753754, 0.8729641693811075, 0.8669950738916257, 0.8630952380952381, 0.84375, 0.7702702702702703, 0.9, 1.0], "recall_curve": [1.0, 0.9932885906040269, 0.9758389261744966, 0.952013422818792, 0.9456375838926174, 0.8543624161073825, 0.7942953020134228, 0.7352348993288591, 0.724496644295302, 0.6986577181208053, 0.6261744966442953, 0.5949664429530201, 0.5758389261744966, 0.5114093959731544, 0.5053691275167785, 0.412751677852349, 0.3352348993288591, 0.324496644295302, 0.30671140939597313, 0.25469798657718123, 0.24798657718120806, 0.2302013422818792, 0.22684563758389262, 0.19563758389261746, 0.17986577181208055, 0.11812080536912752, 0.04865771812080537, 0.036241610738255034, 0.01912751677852349, 0.006040268456375839, 0.0]}, "metrics_train": {"acc": 0.80901575637674, "auc": 0.6088529484464132, "pr_auc": 0.8654481143969359, "nll": 0.47548521822461337, "mse": 0.15095283185491723, "rmse": 0.38852648797079103, "f1": 0.8944264344022185, "gmean": 0.5700724449806145, "cm": [[0, 2703], [0, 11450]], "cm_roc_opt": [[2055, 648], [6885, 4565]], "cm_pr_opt": [[26, 2677], [49, 11401]], "roc_opt_t": 0.817713837286746, "pr_opt_t": 0.6643182015973789, "J_best_i": 17, "fpr_curve": [0.0, 0.0059193488716241215, 0.006289308176100629, 0.019237883832778396, 0.025527192008879023, 0.05438401775804662, 0.07954125046244913, 0.09064002959674436, 0.10543840177580466, 0.1076581576026637, 0.12541620421753608, 0.12578616352201258, 0.12763596004439512, 0.1657417684054754, 0.1805401405845357, 0.18165001849796522, 0.2397336293007769, 0.3044765075841657, 0.30706622271550127, 0.3951165371809101, 0.4191638919718831, 0.4543100258971513, 0.5419903810580836, 0.5442101368849427, 0.5867554568997411, 0.632630410654828, 0.727339992600814, 0.803921568627451, 0.8904920458749538, 0.9182389937106918, 0.926378098409175, 0.9297077321494636, 0.9844617092119867, 0.9903810580836108, 1.0], "tpr_curve": [0.0, 0.01816593886462882, 0.01982532751091703, 0.04873362445414847, 0.0627947598253275, 0.12445414847161572, 0.17624454148471616, 0.19860262008733626, 0.22550218340611353, 0.22943231441048034, 0.25868995633187775, 0.2594759825327511, 0.2623580786026201, 0.31528384279475985, 0.3348471615720524, 0.33633187772925766, 0.3986899563318777, 0.4672489082969432, 0.4697816593886463, 0.5520524017467249, 0.5739737991266376, 0.6058515283842795, 0.6817467248908297, 0.6834061135371179, 0.7166812227074236, 0.7507423580786026, 0.8193013100436681, 0.8730131004366812, 0.9336244541484716, 0.9528384279475982, 0.9580786026200874, 0.9599126637554585, 0.9927510917030568, 0.9957205240174672, 1.0], "fscore_best_i": 0, "precision_curve": [0.80901575637674, 0.8098451484585879, 0.8103079555175363, 0.813906990521327, 0.8141606056108059, 0.8146654719235364, 0.8162174543788654, 0.8214315062864657, 0.8267383449369877, 0.8340772365612265, 0.838031045751634, 0.8417598967297762, 0.8419803688922446, 0.8496019595835885, 0.8529526281635301, 0.855460820138043, 0.8663230794008697, 0.866677466385874, 0.8756953769422597, 0.8869184707508061, 0.8870893105043961, 0.8896007885657959, 0.8969841743804121, 0.8973119903352461, 0.8973038473189943, 0.9002741603838246, 0.9005929543076386, 0.9027391822151647, 0.90371697268249, 0.9064885496183206, 0.9124365482233503, 0.9147540983606557, 0.930327868852459, 0.9285714285714286, 1.0], "recall_curve": [1.0, 0.9957205240174672, 0.9927510917030568, 0.9599126637554585, 0.9580786026200874, 0.9528384279475982, 0.9336244541484716, 0.8730131004366812, 0.8193013100436681, 0.7507423580786026, 0.7166812227074236, 0.6834061135371179, 0.6817467248908297, 0.6058515283842795, 0.5739737991266376, 0.5520524017467249, 0.4697816593886463, 0.4672489082969432, 0.3986899563318777, 0.33633187772925766, 0.3348471615720524, 0.31528384279475985, 0.2623580786026201, 0.2594759825327511, 0.25868995633187775, 0.22943231441048034, 0.22550218340611353, 0.19860262008733626, 0.17624454148471616, 0.12445414847161572, 0.0627947598253275, 0.04873362445414847, 0.01982532751091703, 0.01816593886462882, 0.0]}}