{"time": "2022-06-19T19:21:43.099049", "features": ["s"], "seed": 888, "split_id": 0, "metrics_test": {"acc": 0.8089033659066233, "auc": 0.6261661550488102, "pr_auc": 0.8786792181468652, "nll": 0.4719375763339277, "mse": 0.14998158803742476, "rmse": 0.3872745641498093, "f1": 0.8943577430972389, "gmean": 0.5919313812150139, "cm": [[0, 704], [0, 2980]], "cm_roc_opt": [[549, 155], [1848, 1132]], "cm_pr_opt": [[191, 513], [442, 2538]], "roc_opt_t": 0.8174503788909321, "pr_opt_t": 0.7309720965110806, "J_best_i": 4, "fpr_curve": [0.0, 0.017045454545454544, 0.10369318181818182, 0.22017045454545456, 0.4247159090909091, 0.7286931818181818, 1.0], "tpr_curve": [0.0, 0.07919463087248323, 0.25201342281879197, 0.37986577181208053, 0.6090604026845637, 0.8516778523489933, 1.0], "fscore_best_i": 0, "precision_curve": [0.8089033659066233, 0.831858407079646, 0.858561967833491, 0.8795648795648796, 0.9114077669902912, 0.9516129032258065, 1.0], "recall_curve": [1.0, 0.8516778523489933, 0.6090604026845637, 0.37986577181208053, 0.25201342281879197, 0.07919463087248323, 0.0]}, "metrics_train": {"acc": 0.80901575637674, "auc": 0.6281777646380295, "pr_auc": 0.8843250260603968, "nll": 0.46776434427210883, "mse": 0.14922438698230567, "rmse": 0.3862957247787059, "f1": 0.8944264344022185, "gmean": 0.5982704650632099, "cm": [[0, 2703], [0, 11450]], "cm_roc_opt": [[2193, 510], [7176, 4274]], "cm_pr_opt": [[678, 2025], [1840, 9610]], "roc_opt_t": 0.8174503788909321, "pr_opt_t": 0.7309720965110806, "J_best_i": 4, "fpr_curve": [0.0, 0.007399186089530152, 0.08139104698483167, 0.18867924528301888, 0.3988161302256752, 0.7491675915649278, 1.0], "tpr_curve": [0.0, 0.07021834061135371, 0.23746724890829693, 0.37327510917030565, 0.5953711790393013, 0.8393013100436681, 1.0], "fscore_best_i": 0, "precision_curve": [0.80901575637674, 0.8259561667382896, 0.8634578847371754, 0.8933946488294314, 0.9251446070091868, 0.9757281553398058, 1.0], "recall_curve": [1.0, 0.8393013100436681, 0.5953711790393013, 0.37327510917030565, 0.23746724890829693, 0.07021834061135371, 0.0]}}