{"time": "2022-06-19T19:26:54.335533", "features": ["s"], "seed": 888, "split_id": 4, "metrics_test": {"acc": 0.8059918557300756, "auc": 0.6143358310018574, "pr_auc": 0.8768262280635332, "nll": 0.47607878429932904, "mse": 0.15209963668894638, "rmse": 0.3899995342163198, "f1": 0.8925752939281688, "gmean": 0.5471151570548449, "cm": [[0, 667], [0, 2771]], "cm_roc_opt": [[615, 52], [2141, 630]], "cm_pr_opt": [[153, 514], [464, 2307]], "roc_opt_t": 0.8372550640723349, "pr_opt_t": 0.717691873141265, "J_best_i": 3, "fpr_curve": [0.0, 0.01199400299850075, 0.07796101949025487, 0.18440779610194902, 0.41529235382308843, 0.7706146926536732, 1.0], "tpr_curve": [0.0, 0.06784554312522555, 0.22735474557921329, 0.36701551786358716, 0.5871526524720317, 0.8325514254781667, 1.0], "fscore_best_i": 0, "precision_curve": [0.8059918557300756, 0.8177951081176887, 0.854516806722689, 0.8921052631578947, 0.9237536656891495, 0.9591836734693877, 1.0], "recall_curve": [1.0, 0.8325514254781667, 0.5871526524720317, 0.36701551786358716, 0.22735474557921329, 0.06784554312522555, 0.0]}, "metrics_train": {"acc": 0.8097090075699701, "auc": 0.6309948988375886, "pr_auc": 0.8845495199802211, "nll": 0.46682794353689644, "mse": 0.1487284316549806, "rmse": 0.38565325313677906, "f1": 0.8948499501112901, "gmean": 0.5996806854400927, "cm": [[0, 2740], [0, 11659]], "cm_roc_opt": [[2198, 542], [7270, 4389]], "cm_pr_opt": [[716, 2024], [1818, 9841]], "roc_opt_t": 0.8242026875258369, "pr_opt_t": 0.717691873141265, "J_best_i": 4, "fpr_curve": [0.0, 0.008759124087591242, 0.08795620437956204, 0.1978102189781022, 0.40145985401459855, 0.7386861313868613, 1.0], "tpr_curve": [0.0, 0.07307659318981044, 0.24358864396603483, 0.37644737970666436, 0.6008233982331246, 0.8440689596020242, 1.0], "fscore_best_i": 0, "precision_curve": [0.8097090075699701, 0.8294142435735357, 0.8642813078346699, 0.8900831474345975, 0.9217786432976306, 0.9726027397260274, 1.0], "recall_curve": [1.0, 0.8440689596020242, 0.6008233982331246, 0.37644737970666436, 0.24358864396603483, 0.07307659318981044, 0.0]}}