{"time": "2022-06-19T19:24:57.423634", "features": ["week"], "seed": 888, "split_id": 2, "metrics_test": {"acc": 0.7966883821932682, "auc": 0.5928135867698668, "pr_auc": 0.849518305424547, "nll": 0.49778960197192657, "mse": 0.15987727192257037, "rmse": 0.3998465604736026, "f1": 0.8868409125245506, "gmean": 0.5431290055450494, "cm": [[0, 749], [0, 2935]], "cm_roc_opt": [[624, 125], [2018, 917]], "cm_pr_opt": [[12, 737], [38, 2897]], "roc_opt_t": 0.8469678668543916, "pr_opt_t": 0.5850678461617881, "J_best_i": 12, "fpr_curve": [0.0, 0.0013351134846461949, 0.022696929238985315, 0.0267022696929239, 0.04806408544726302, 0.0814419225634179, 0.11748998664886515, 0.11748998664886515, 0.1268357810413885, 0.14819759679572764, 0.15620827770360482, 0.16688918558077437, 0.19759679572763686, 0.27903871829105475, 0.3190921228304406, 0.39118825100133514, 0.40587449933244324, 0.4165554072096128, 0.5433911882510013, 0.5847797062750334, 0.6662216288384513, 0.7089452603471295, 0.719626168224299, 0.829105473965287, 0.9038718291054739, 0.9065420560747663, 0.9746328437917223, 0.9839786381842457, 1.0], "tpr_curve": [0.0, 0.005792163543441226, 0.05212947189097104, 0.05792163543441227, 0.09710391822827939, 0.15502555366269166, 0.2160136286201022, 0.21942078364565587, 0.2293015332197615, 0.2674616695059625, 0.2770017035775128, 0.31243611584327086, 0.3676320272572402, 0.43066439522998295, 0.4749574105621806, 0.5468483816013628, 0.5717206132879046, 0.5788756388415673, 0.6463373083475298, 0.6712095400340715, 0.7424190800681431, 0.7802385008517888, 0.7911413969335604, 0.8708688245315162, 0.9301533219761499, 0.9318568994889267, 0.9792163543441227, 0.9870528109028961, 1.0], "fscore_best_i": 0, "precision_curve": [0.7966883821932682, 0.7971931755641167, 0.7974472807991121, 0.8011130638547159, 0.8012914587613736, 0.8045325779036827, 0.811604334148899, 0.8117688762850053, 0.8136669156086632, 0.8181063122923588, 0.8233506944444444, 0.8448533068125311, 0.8466195761856711, 0.8456269757639621, 0.8536436007348438, 0.858112695179905, 0.8793806030969845, 0.8800383877159309, 0.8741935483870967, 0.8761160714285714, 0.8763020833333334, 0.8797814207650273, 0.8781163434903048, 0.8817829457364341, 0.8878504672897196, 0.8947368421052632, 0.9, 0.9444444444444444, 1.0], "recall_curve": [1.0, 0.9870528109028961, 0.9792163543441227, 0.9318568994889267, 0.9301533219761499, 0.8708688245315162, 0.7911413969335604, 0.7802385008517888, 0.7424190800681431, 0.6712095400340715, 0.6463373083475298, 0.5788756388415673, 0.5717206132879046, 0.5468483816013628, 0.4749574105621806, 0.43066439522998295, 0.3676320272572402, 0.31243611584327086, 0.2770017035775128, 0.2674616695059625, 0.2293015332197615, 0.21942078364565587, 0.2160136286201022, 0.15502555366269166, 0.09710391822827939, 0.05792163543441227, 0.05212947189097104, 0.005792163543441226, 0.0]}, "metrics_train": {"acc": 0.8121952942838974, "auc": 0.6089386198926414, "pr_auc": 0.8677503690132977, "nll": 0.4709141318445897, "mse": 0.14900206400634947, "rmse": 0.3860078548505839, "f1": 0.8963661883967561, "gmean": 0.5706075967381986, "cm": [[0, 2658], [0, 11495]], "cm_roc_opt": [[2037, 621], [6975, 4520]], "cm_pr_opt": [[24, 2634], [31, 11464]], "roc_opt_t": 0.8145563041271384, "pr_opt_t": 0.5850678461617881, "J_best_i": 17, "fpr_curve": [0.0, 0.006395786305492852, 0.014672686230248307, 0.021068472535741158, 0.028216704288939052, 0.05342362678705794, 0.08427389014296463, 0.08615500376222723, 0.08841234010534237, 0.09029345372460497, 0.09104589917231001, 0.10571858540255831, 0.10609480812641084, 0.12076749435665914, 0.13920240782543267, 0.17983446200150488, 0.23363431151241534, 0.31339352896914974, 0.40105342362678703, 0.43905191873589167, 0.4676448457486832, 0.5458991723100075, 0.5519187358916479, 0.5884123401053424, 0.6809631301730624, 0.6832204665161776, 0.7231000752445448, 0.7486832204665161, 0.8431151241534989, 0.9243792325056434, 0.9319036869826938, 0.9352896914973664, 0.9808126410835214, 0.9909706546275395, 1.0], "tpr_curve": [0.0, 0.01818181818181818, 0.039582427142235754, 0.05532840365376251, 0.07168334058286212, 0.12448890822096564, 0.18834275772074816, 0.19260548064375815, 0.19739016963897346, 0.20113092648977818, 0.20269682470639408, 0.2267072640278382, 0.22749021313614615, 0.24915180513266638, 0.27498912570682904, 0.3270987385819922, 0.393214441061331, 0.4742061765985211, 0.5545019573727707, 0.587994780339278, 0.6129621574597651, 0.6797738147020443, 0.6848194867333623, 0.7151805132666377, 0.7913875598086124, 0.793040452370596, 0.8232274902131361, 0.8412353197042193, 0.9044802087864289, 0.9584167029143106, 0.9632013919095259, 0.9650282731622445, 0.9918225315354502, 0.9973031752936059, 1.0], "fscore_best_i": 0, "precision_curve": [0.8121952942838974, 0.813164987941552, 0.8138920616790406, 0.816923190220193, 0.8171820798582922, 0.8176488051061304, 0.8226776388669094, 0.8293310463121784, 0.8311813790074659, 0.8338821807537504, 0.8340515265425873, 0.8401635155850792, 0.8429168005139737, 0.8433890987587696, 0.8500422246350585, 0.8527630582891749, 0.8567204301075269, 0.8674411203055379, 0.8792063800816962, 0.8872109485606419, 0.8952138204474653, 0.899215070643642, 0.9026579219882637, 0.9026671285071008, 0.9059097978227061, 0.9059561128526645, 0.9061501597444089, 0.9062627916496111, 0.9062369192130598, 0.9097266369993643, 0.9165739710789766, 0.9190751445086706, 0.9210526315789473, 0.9247787610619469, 1.0], "recall_curve": [1.0, 0.9973031752936059, 0.9918225315354502, 0.9650282731622445, 0.9632013919095259, 0.9584167029143106, 0.9044802087864289, 0.8412353197042193, 0.8232274902131361, 0.793040452370596, 0.7913875598086124, 0.7151805132666377, 0.6848194867333623, 0.6797738147020443, 0.6129621574597651, 0.587994780339278, 0.5545019573727707, 0.4742061765985211, 0.393214441061331, 0.3270987385819922, 0.27498912570682904, 0.24915180513266638, 0.22749021313614615, 0.2267072640278382, 0.20269682470639408, 0.20113092648977818, 0.19739016963897346, 0.19260548064375815, 0.18834275772074816, 0.12448890822096564, 0.07168334058286212, 0.05532840365376251, 0.039582427142235754, 0.01818181818181818, 0.0]}}