{"time": "2022-06-19T19:22:31.843440", "features": ["weekend"], "seed": 888, "split_id": 0, "metrics_test": {"acc": 0.8089033659066233, "auc": 0.5075245957901159, "pr_auc": 0.8881854367363581, "nll": 0.48779964818159427, "mse": 0.15457575808956248, "rmse": 0.3931612367586134, "f1": 0.8943577430972389, "gmean": 0.40396099748908115, "cm": [[0, 704], [0, 2980]], "cm_roc_opt": [[704, 0], [2980, 0]], "cm_pr_opt": [[141, 563], [552, 2428]], "roc_opt_t": 0.8091177701382083, "pr_opt_t": 0.8084674834849271, "J_best_i": 1, "fpr_curve": [0.0, 0.7997159090909091, 1.0], "tpr_curve": [0.0, 0.8147651006711409, 1.0], "fscore_best_i": 0, "precision_curve": [0.8089033659066233, 0.8117686392510866, 1.0], "recall_curve": [1.0, 0.8147651006711409, 0.0]}, "metrics_train": {"acc": 0.80901575637674, "auc": 0.5003542400728933, "pr_auc": 0.87963726759291, "nll": 0.4876468032369553, "mse": 0.15450920619333672, "rmse": 0.3930765907470664, "f1": 0.8944264344022185, "gmean": 0.43989636687954525, "cm": [[0, 2703], [0, 11450]], "cm_roc_opt": [[2703, 0], [11450, 0]], "cm_pr_opt": [[708, 1995], [2991, 8459]], "roc_opt_t": 0.8091177701382083, "pr_opt_t": 0.8084674834849271, "J_best_i": 1, "fpr_curve": [0.0, 0.7380688124306326, 1.0], "tpr_curve": [0.0, 0.7387772925764192, 1.0], "fscore_best_i": 0, "precision_curve": [0.80901575637674, 0.8091639563803329, 1.0], "recall_curve": [1.0, 0.7387772925764192, 0.0]}}