{"time": "2022-06-19T19:25:03.593601", "features": ["hour"], "seed": 888, "split_id": 2, "metrics_test": {"acc": 0.7966883821932682, "auc": 0.5175784635050027, "pr_auc": 0.808332099279172, "nll": 0.5057414055540711, "mse": 0.16216628136309058, "rmse": 0.40269874765522995, "f1": 0.8868409125245506, "gmean": 0.5134190936502627, "cm": [[0, 749], [0, 2935]], "cm_roc_opt": [[444, 305], [1636, 1299]], "cm_pr_opt": [[23, 726], [65, 2870]], "roc_opt_t": 0.8087684721361259, "pr_opt_t": 0.7369430698862932, "J_best_i": 13, "fpr_curve": [0.0, 0.004005340453938585, 0.020026702269692925, 0.036048064085447265, 0.06275033377837116, 0.12016021361815754, 0.14018691588785046, 0.21762349799732977, 0.2630173564753004, 0.2683578104138852, 0.3030707610146863, 0.32443257676902537, 0.40720961281708945, 0.411214953271028, 0.48731642189586116, 0.5781041388518025, 0.6435246995994659, 0.7169559412550067, 0.8397863818424566, 0.9132176234979973, 0.9399198931909212, 0.9692923898531375, 1.0], "tpr_curve": [0.0, 0.007495741056218058, 0.02282793867120954, 0.040545144804088586, 0.0776831345826235, 0.14105621805792162, 0.15468483816013628, 0.2354344122657581, 0.29233390119250424, 0.300511073253833, 0.3315161839863714, 0.351618398637138, 0.4425894378194208, 0.4477001703577513, 0.5226575809199319, 0.5877342419080068, 0.662350936967632, 0.7335604770017036, 0.8456558773424191, 0.9093696763202725, 0.9502555366269165, 0.9778534923339012, 1.0], "fscore_best_i": 0, "precision_curve": [0.7966883821932682, 0.7981090100111234, 0.798454050959061, 0.796003578884581, 0.7978142076502732, 0.8003717472118959, 0.8013190436933223, 0.79935125115848, 0.8077935755660874, 0.8101109741060419, 0.809850374064838, 0.8094117647058824, 0.8108333333333333, 0.814404432132964, 0.8132701421800947, 0.8091334894613583, 0.8121645796064401, 0.8214285714285714, 0.8290909090909091, 0.815068493150685, 0.8170731707317073, 0.88, 1.0], "recall_curve": [1.0, 0.9778534923339012, 0.9502555366269165, 0.9093696763202725, 0.8456558773424191, 0.7335604770017036, 0.662350936967632, 0.5877342419080068, 0.5226575809199319, 0.4477001703577513, 0.4425894378194208, 0.351618398637138, 0.3315161839863714, 0.300511073253833, 0.29233390119250424, 0.2354344122657581, 0.15468483816013628, 0.14105621805792162, 0.0776831345826235, 0.040545144804088586, 0.02282793867120954, 0.007495741056218058, 0.0]}, "metrics_train": {"acc": 0.8121952942838974, "auc": 0.5424249133738588, "pr_auc": 0.8362085023176085, "nll": 0.4809568754593251, "mse": 0.1519209977283176, "rmse": 0.38977044234820785, "f1": 0.8963661883967561, "gmean": 0.5105660311890406, "cm": [[0, 2658], [0, 11495]], "cm_roc_opt": [[1883, 775], [7462, 4033]], "cm_pr_opt": [[77, 2581], [214, 11281]], "roc_opt_t": 0.8140459424742837, "pr_opt_t": 0.7369430698862932, "J_best_i": 12, "fpr_curve": [0.0, 0.004138449962377728, 0.009405568096313018, 0.018811136192626036, 0.028216704288939052, 0.057938299473288185, 0.11738148984198646, 0.14070729872084273, 0.20428893905191872, 0.21181339352896916, 0.2757712565838977, 0.29157261098570353, 0.32844243792325056, 0.3939051918735892, 0.4465763732129421, 0.4567343867569601, 0.5210684725357412, 0.5940556809631302, 0.6444695259593679, 0.7276147479307751, 0.7844243792325056, 0.8528969149736644, 0.9115876598946576, 0.9710308502633559, 1.0], "tpr_curve": [0.0, 0.008525445846020009, 0.01792083514571553, 0.03305785123966942, 0.04802087864288821, 0.08508046976946498, 0.15615484993475423, 0.1839930404523706, 0.25941713788603743, 0.26733362331448457, 0.33440626359286646, 0.3508481948673336, 0.38816876903001307, 0.4535885167464115, 0.5056981296215746, 0.5156154849934754, 0.5783384080034798, 0.6472379295345803, 0.6929099608525446, 0.7680730752501087, 0.8184428012179208, 0.8790778599391039, 0.9304915180513267, 0.9813832100913441, 1.0], "fscore_best_i": 0, "precision_curve": [0.8121952942838974, 0.8138075313807531, 0.8153060446680387, 0.816763659877142, 0.818585225789611, 0.8203103224008176, 0.8230006199628023, 0.8249251579997783, 0.8275862068965517, 0.829995798907716, 0.8304285714285714, 0.832774317201725, 0.8363636363636363, 0.8388103161397671, 0.8398514310683854, 0.8451595159515951, 0.8459574468085106, 0.8497388509441542, 0.851922164214523, 0.8639575971731449, 0.8803827751196173, 0.8837209302325582, 0.8917748917748918, 0.8990825688073395, 1.0], "recall_curve": [1.0, 0.9813832100913441, 0.9304915180513267, 0.8790778599391039, 0.8184428012179208, 0.7680730752501087, 0.6929099608525446, 0.6472379295345803, 0.5783384080034798, 0.5156154849934754, 0.5056981296215746, 0.4535885167464115, 0.38816876903001307, 0.3508481948673336, 0.33440626359286646, 0.26733362331448457, 0.25941713788603743, 0.1839930404523706, 0.15615484993475423, 0.08508046976946498, 0.04802087864288821, 0.03305785123966942, 0.01792083514571553, 0.008525445846020009, 0.0]}}