{"time": "2022-06-19T19:23:41.287600", "features": ["week"], "seed": 888, "split_id": 1, "metrics_test": {"acc": 0.8090960134755755, "auc": 0.5836870331060946, "pr_auc": 0.8532007670797371, "nll": 0.4807514851657834, "mse": 0.15247759219716064, "rmse": 0.3904837924897276, "f1": 0.8944754810676597, "gmean": 0.5239118344129939, "cm": [[0, 680], [0, 2882]], "cm_roc_opt": [[540, 140], [1893, 989]], "cm_pr_opt": [[29, 651], [107, 2775]], "roc_opt_t": 0.8247141789379712, "pr_opt_t": 0.7053297846109684, "J_best_i": 12, "fpr_curve": [0.0, 0.016176470588235296, 0.027941176470588237, 0.030882352941176472, 0.041176470588235294, 0.06323529411764706, 0.08823529411764706, 0.08970588235294118, 0.10735294117647058, 0.125, 0.18088235294117647, 0.20588235294117646, 0.2073529411764706, 0.2691176470588235, 0.3235294117647059, 0.3558823529411765, 0.40441176470588236, 0.47941176470588237, 0.5852941176470589, 0.6073529411764705, 0.6367647058823529, 0.6588235294117647, 0.7235294117647059, 0.7573529411764706, 0.7705882352941177, 0.8661764705882353, 0.9367647058823529, 0.9573529411764706, 1.0], "tpr_curve": [0.0, 0.023941707147814018, 0.05447605829285219, 0.05655794587092297, 0.07425399028452463, 0.11485079805690493, 0.17626648160999306, 0.19326856349757113, 0.22033310201249132, 0.24843858431644691, 0.30811936155447606, 0.3431644691186676, 0.3462873004857738, 0.3750867453157529, 0.41603053435114506, 0.47015961138098544, 0.5281054823039556, 0.5988896599583623, 0.6807772380291465, 0.7043719639139486, 0.7234559333795975, 0.7453157529493407, 0.8015267175572519, 0.8365718251214435, 0.8403886190145732, 0.9011103400416377, 0.9590562109646079, 0.9628730048577376, 1.0], "fscore_best_i": 0, "precision_curve": [0.8090960134755755, 0.8099824868651488, 0.8127021464275214, 0.8151286880100439, 0.8221317040054311, 0.8239917976760082, 0.8244111349036403, 0.827426810477658, 0.8280381254964257, 0.830945558739255, 0.8313559322033899, 0.8411306042884991, 0.8469671675013912, 0.8484658735128365, 0.8449612403100775, 0.8552215189873418, 0.8762071992976295, 0.8759964570416298, 0.8783382789317508, 0.8938826466916354, 0.8968926553672316, 0.901294498381877, 0.8943661971830986, 0.8850267379679144, 0.8842975206611571, 0.8858695652173914, 0.8920454545454546, 0.8625, 1.0], "recall_curve": [1.0, 0.9628730048577376, 0.9590562109646079, 0.9011103400416377, 0.8403886190145732, 0.8365718251214435, 0.8015267175572519, 0.7453157529493407, 0.7234559333795975, 0.7043719639139486, 0.6807772380291465, 0.5988896599583623, 0.5281054823039556, 0.47015961138098544, 0.41603053435114506, 0.3750867453157529, 0.3462873004857738, 0.3431644691186676, 0.30811936155447606, 0.24843858431644691, 0.22033310201249132, 0.19326856349757113, 0.17626648160999306, 0.11485079805690493, 0.07425399028452463, 0.05655794587092297, 0.05447605829285219, 0.023941707147814018, 0.0]}, "metrics_train": {"acc": 0.8089667250437829, "auc": 0.6092727200788431, "pr_auc": 0.865901782564132, "nll": 0.4755282389803463, "mse": 0.15098588901043308, "rmse": 0.38856902734319043, "f1": 0.8943964682647253, "gmean": 0.5770671658535176, "cm": [[0, 2727], [0, 11548]], "cm_roc_opt": [[1951, 776], [6422, 5126]], "cm_pr_opt": [[143, 2584], [340, 11208]], "roc_opt_t": 0.8106021078912186, "pr_opt_t": 0.7053297846109684, "J_best_i": 18, "fpr_curve": [0.0, 0.0033003300330033004, 0.006967363403006967, 0.008067473414008068, 0.019435276861019434, 0.021268793546021268, 0.04950495049504951, 0.0517051705170517, 0.08544187752108544, 0.09790979097909791, 0.11441144114411442, 0.1301796846351302, 0.16428309497616428, 0.17455078841217456, 0.17785111844517784, 0.19031903190319033, 0.21782178217821782, 0.28456178951228456, 0.3612027869453612, 0.44774477447744776, 0.4536120278694536, 0.5397873120645398, 0.5650898423175651, 0.5672900623395672, 0.568023469013568, 0.6131279794646132, 0.7081041437477081, 0.7466079941327466, 0.7557755775577558, 0.854052071873854, 0.9361936193619362, 0.9442610927759443, 0.9475614228089475, 1.0], "tpr_curve": [0.0, 0.011170765500519571, 0.02312088673363353, 0.027190855559404224, 0.055853827502597854, 0.0600969864911673, 0.1172497402147558, 0.12201246969172151, 0.18574644960166262, 0.20774160027710425, 0.23571181156910287, 0.2622965015587115, 0.31330100450294424, 0.3285417388292345, 0.3326117076550052, 0.3461205403533079, 0.37556286802909594, 0.443886387253204, 0.5213023900242466, 0.6018358157256668, 0.6068583304468306, 0.6803775545549012, 0.7011603740907516, 0.7028056806373398, 0.7032386560443367, 0.7374437131970905, 0.8070661586421891, 0.834863179771389, 0.8413578108763422, 0.9094215448562522, 0.9637166608936613, 0.968739175614825, 0.970557672324212, 1.0], "fscore_best_i": 0, "precision_curve": [0.8089667250437829, 0.8126450116009281, 0.8128905682313617, 0.8134044730302588, 0.8184864780609461, 0.8249978772183069, 0.8256401472981074, 0.8283708114834237, 0.8358853553199843, 0.8398138572905894, 0.8399047914726275, 0.8401120564432455, 0.8422124557830422, 0.8499696785930867, 0.8505690857912128, 0.8593861527480371, 0.8685191460521857, 0.8795376191441898, 0.8850752878653676, 0.8878871937124364, 0.8885245901639345, 0.8898180029513035, 0.8950945626477541, 0.8971654581410679, 0.8998499624906227, 0.9020185029436502, 0.9090322580645162, 0.9093351242444594, 0.9228723404255319, 0.9240687679083095, 0.9345238095238095, 0.9335664335664335, 0.9347826086956522, 1.0], "recall_curve": [1.0, 0.970557672324212, 0.968739175614825, 0.9637166608936613, 0.9094215448562522, 0.8413578108763422, 0.834863179771389, 0.8070661586421891, 0.7374437131970905, 0.7032386560443367, 0.7028056806373398, 0.7011603740907516, 0.6803775545549012, 0.6068583304468306, 0.6018358157256668, 0.5213023900242466, 0.443886387253204, 0.37556286802909594, 0.3461205403533079, 0.3326117076550052, 0.3285417388292345, 0.31330100450294424, 0.2622965015587115, 0.23571181156910287, 0.20774160027710425, 0.18574644960166262, 0.12201246969172151, 0.1172497402147558, 0.0600969864911673, 0.055853827502597854, 0.027190855559404224, 0.02312088673363353, 0.011170765500519571, 0.0]}}