{"time": "2022-06-19T19:24:19.685680", "features": ["s"], "seed": 888, "split_id": 2, "metrics_test": {"acc": 0.7966883821932682, "auc": 0.6264730031865314, "pr_auc": 0.874837034579139, "nll": 0.48613217781304713, "mse": 0.1566846834183408, "rmse": 0.39583416151002027, "f1": 0.8868409125245506, "gmean": 0.5975699641112721, "cm": [[0, 749], [0, 2935]], "cm_roc_opt": [[593, 156], [1799, 1136]], "cm_pr_opt": [[186, 563], [459, 2476]], "roc_opt_t": 0.8217137944394636, "pr_opt_t": 0.7276883350863486, "J_best_i": 4, "fpr_curve": [0.0, 0.00801068090787717, 0.09879839786381843, 0.2082777036048064, 0.40854472630173566, 0.7516688918558078, 1.0], "tpr_curve": [0.0, 0.07291311754684839, 0.252129471890971, 0.38705281090289606, 0.6037478705281091, 0.8436115843270868, 1.0], "fscore_best_i": 0, "precision_curve": [0.7966883821932682, 0.8147416913458374, 0.8527430221366699, 0.8792569659442725, 0.9090909090909091, 0.9727272727272728, 1.0], "recall_curve": [1.0, 0.8436115843270868, 0.6037478705281091, 0.38705281090289606, 0.252129471890971, 0.07291311754684839, 0.0]}, "metrics_train": {"acc": 0.8121952942838974, "auc": 0.628317035803508, "pr_auc": 0.885308262263102, "nll": 0.4640656857286034, "mse": 0.14747546572153272, "rmse": 0.3840253451551508, "f1": 0.8963661883967561, "gmean": 0.5969233190675647, "cm": [[0, 2658], [0, 11495]], "cm_roc_opt": [[2149, 509], [7225, 4270]], "cm_pr_opt": [[683, 1975], [1823, 9672]], "roc_opt_t": 0.8217137944394636, "pr_opt_t": 0.7276883350863486, "J_best_i": 4, "fpr_curve": [0.0, 0.009781790820165538, 0.08239277652370203, 0.19149736644093304, 0.40293453724604966, 0.7430398796087284, 1.0], "tpr_curve": [0.0, 0.07185732927359721, 0.23749456285341453, 0.3714658547194432, 0.5967812092214007, 0.8414093083949543, 1.0], "fscore_best_i": 0, "precision_curve": [0.8121952942838974, 0.8304284365072551, 0.8649602824360106, 0.893492362418916, 0.9257375381485249, 0.9694835680751174, 1.0], "recall_curve": [1.0, 0.8414093083949543, 0.5967812092214007, 0.3714658547194432, 0.23749456285341453, 0.07185732927359721, 0.0]}}