{"time": "2022-06-19T19:27:23.839655", "features": ["icA_TW", "icW_TW"], "seed": 888, "split_id": 4, "metrics_test": {"acc": 0.810063990692263, "auc": 0.6651718348692849, "pr_auc": 0.920505048254871, "nll": 0.43894985028423683, "mse": 0.14344362318534865, "rmse": 0.3787395189115451, "f1": 0.8945243094815054, "gmean": 0.5686311605832637, "cm": [[16, 651], [2, 2769]], "cm_roc_opt": [[656, 11], [1889, 882]], "cm_pr_opt": [[27, 640], [15, 2756]], "roc_opt_t": 0.9786857448917099, "pr_opt_t": 0.6555778534455986, "J_best_i": 3, "fpr_curve": [0.0, 0.0, 0.01649175412293853, 0.0239880059970015, 0.026986506746626688, 0.031484257871064465, 0.031484257871064465, 0.03298350824587706, 0.034482758620689655, 0.037481259370314844, 0.808095952023988, 0.808095952023988, 0.9580209895052474, 0.95952023988006, 0.9715142428785607, 0.9730134932533733, 0.9760119940029985, 0.9940029985007496, 0.9955022488755623, 1.0], "tpr_curve": [0.0, 0.001804402742692169, 0.3182966438108986, 0.3312883435582822, 0.33273186575243596, 0.3374233128834356, 0.337784193431974, 0.33814507398051247, 0.33994947672320464, 0.3439191627571274, 0.8837964633706243, 0.8841573439191628, 0.9913388668350775, 0.9945867917719234, 0.9992782389029231, 0.9992782389029231, 0.9992782389029231, 0.9992782389029231, 1.0, 1.0], "fscore_best_i": 4, "precision_curve": [0.8066957787481805, 0.8068181818181818, 0.8096491228070175, 0.810122878876536, 0.810359964881475, 0.8115429917550059, 0.8112817483756645, 0.819672131147541, 0.8196117804551539, 0.9744376278118609, 0.9761658031088083, 0.9770594369134515, 0.9780564263322884, 0.9780334728033473, 0.9808510638297873, 0.9828693790149893, 0.9876819708846585, 1.0, 1.0], "recall_curve": [1.0, 0.9992782389029231, 0.9992782389029231, 0.9992782389029231, 0.9992782389029231, 0.9945867917719234, 0.9913388668350775, 0.8841573439191628, 0.8837964633706243, 0.3439191627571274, 0.33994947672320464, 0.33814507398051247, 0.337784193431974, 0.3374233128834356, 0.33273186575243596, 0.3312883435582822, 0.3182966438108986, 0.001804402742692169, 0.0]}, "metrics_train": {"acc": 0.8107507465796235, "auc": 0.6894344176955491, "pr_auc": 0.9204540408254784, "nll": 0.4221508547433363, "mse": 0.13958259584999452, "rmse": 0.373607542549658, "f1": 0.8952366306562609, "gmean": 0.6033846650810053, "cm": [[31, 2709], [16, 11643]], "cm_roc_opt": [[2678, 62], [7339, 4320]], "cm_pr_opt": [[36, 2704], [27, 11632]], "roc_opt_t": 0.7446837514272812, "pr_opt_t": 0.6084609387541016, "J_best_i": 20, "fpr_curve": [0.0, 0.000364963503649635, 0.000364963503649635, 0.01167883211678832, 0.01167883211678832, 0.01167883211678832, 0.01167883211678832, 0.013868613138686132, 0.014233576642335766, 0.014233576642335766, 0.014598540145985401, 0.016058394160583942, 0.017153284671532848, 0.017153284671532848, 0.017153284671532848, 0.01824817518248175, 0.01897810218978102, 0.01897810218978102, 0.020072992700729927, 0.022627737226277374, 0.022627737226277374, 0.7795620437956204, 0.7799270072992701, 0.9510948905109489, 0.9521897810218978, 0.9616788321167883, 0.9616788321167883, 0.983941605839416, 0.9868613138686131, 0.9886861313868613, 0.9941605839416059, 0.9948905109489051, 0.9948905109489051, 0.9948905109489051, 0.9956204379562044, 0.9989051094890511, 0.9992700729927008, 1.0], "tpr_curve": [0.0, 0.00025731194785144526, 0.0014581010378248564, 0.32575692597992967, 0.3258426966292135, 0.32627154987563256, 0.32678617377133545, 0.35337507504931814, 0.3534608456986019, 0.3536323869971696, 0.3536323869971696, 0.36366755296337594, 0.3639248649112274, 0.36615490179260657, 0.366412213740458, 0.36666952568830946, 0.3667552963375933, 0.3668410669868771, 0.36718414958401235, 0.37052920490608116, 0.3725019298396089, 0.8829230637275924, 0.88309460502616, 0.9823312462475341, 0.9824170168968179, 0.9867913200102925, 0.9869628613088601, 0.9964834033793636, 0.997684192469337, 0.998627669611459, 0.999056522857878, 0.9993138348057294, 0.9994853761042971, 0.9995711467535809, 0.9996569174028648, 0.9999142293507162, 1.0, 1.0], "fscore_best_i": 7, "precision_curve": [0.809821490588317, 0.8098645362973255, 0.8103316415212404, 0.8104311543810848, 0.8104179706516448, 0.8103915976907561, 0.8104647926523796, 0.8112458193979933, 0.8113839285714286, 0.8116529272041358, 0.8136755762975534, 0.8136492220650636, 0.8144777074592904, 0.8146383099793727, 0.8281187163194724, 0.8281576830249396, 0.9859250851305335, 0.985851209493382, 0.9873154981549815, 0.987987987987988, 0.987985212569316, 0.9884393063583815, 0.9891178513544802, 0.9891102873030584, 0.9890442890442891, 0.9897292250233427, 0.9903915445592121, 0.9906295050456512, 0.990625, 0.9908609908609909, 0.9916710046850599, 0.9916579770594369, 0.991647089532759, 0.991644908616188, 0.9444444444444444, 0.75, 1.0], "recall_curve": [1.0, 0.9999142293507162, 0.9996569174028648, 0.9995711467535809, 0.9994853761042971, 0.9993138348057294, 0.999056522857878, 0.998627669611459, 0.997684192469337, 0.9964834033793636, 0.9869628613088601, 0.9867913200102925, 0.9824170168968179, 0.9823312462475341, 0.88309460502616, 0.8829230637275924, 0.3725019298396089, 0.37052920490608116, 0.36718414958401235, 0.3668410669868771, 0.3667552963375933, 0.36666952568830946, 0.366412213740458, 0.36615490179260657, 0.3639248649112274, 0.36366755296337594, 0.3536323869971696, 0.3536323869971696, 0.3534608456986019, 0.35337507504931814, 0.32678617377133545, 0.32627154987563256, 0.3258426966292135, 0.32575692597992967, 0.0014581010378248564, 0.00025731194785144526, 0.0]}}