{"time": "2022-06-19T19:22:35.081351", "features": ["part_of_day"], "seed": 888, "split_id": 0, "metrics_test": {"acc": 0.8089033659066233, "auc": 0.5070731963087248, "pr_auc": 0.8200432854081352, "nll": 0.4878496085575618, "mse": 0.1545905878642238, "rmse": 0.393180095966497, "f1": 0.8943577430972389, "gmean": 0.5056612087991303, "cm": [[0, 704], [0, 2980]], "cm_roc_opt": [[530, 174], [2210, 770]], "cm_pr_opt": [[207, 497], [873, 2107]], "roc_opt_t": 0.8067709046449888, "pr_opt_t": 0.7995203159818338, "J_best_i": 3, "fpr_curve": [0.0, 0.019886363636363636, 0.2471590909090909, 0.4147727272727273, 0.48579545454545453, 0.7059659090909091, 1.0], "tpr_curve": [0.0, 0.027516778523489934, 0.25838926174496646, 0.4369127516778524, 0.49261744966442955, 0.7070469798657718, 1.0], "fscore_best_i": 0, "precision_curve": [0.8089033659066233, 0.8091397849462365, 0.8110497237569061, 0.8168130489335006, 0.815677966101695, 0.8541666666666666, 1.0], "recall_curve": [1.0, 0.7070469798657718, 0.49261744966442955, 0.4369127516778524, 0.25838926174496646, 0.027516778523489934, 0.0]}, "metrics_train": {"acc": 0.80901575637674, "auc": 0.5204102024759809, "pr_auc": 0.8255902894275248, "nll": 0.48709480601415095, "mse": 0.15434217008207546, "rmse": 0.39286406056303425, "f1": 0.8944264344022185, "gmean": 0.453907177768525, "cm": [[0, 2703], [0, 11450]], "cm_roc_opt": [[2593, 110], [10873, 577]], "cm_pr_opt": [[801, 1902], [3195, 8255]], "roc_opt_t": 0.8276534363370883, "pr_opt_t": 0.7995203159818338, "J_best_i": 2, "fpr_curve": [0.0, 0.040695523492415835, 0.23307436182019978, 0.36847946725860153, 0.44654088050314467, 0.7036625971143174, 1.0], "tpr_curve": [0.0, 0.05039301310043668, 0.268646288209607, 0.40218340611353715, 0.47676855895196507, 0.7209606986899564, 1.0], "fscore_best_i": 0, "precision_curve": [0.80901575637674, 0.8127399822782317, 0.8189318931893189, 0.8221746116764863, 0.8300053966540745, 0.8398835516739447, 1.0], "recall_curve": [1.0, 0.7209606986899564, 0.47676855895196507, 0.40218340611353715, 0.268646288209607, 0.05039301310043668, 0.0]}}