{"time": "2022-06-19T19:24:54.401584", "features": ["month"], "seed": 888, "split_id": 2, "metrics_test": {"acc": 0.7966883821932682, "auc": 0.5855259596554634, "pr_auc": 0.8516031798878473, "nll": 0.49842794770954973, "mse": 0.16000921098067306, "rmse": 0.40001151356013875, "f1": 0.8868409125245506, "gmean": 0.504678191627605, "cm": [[0, 749], [0, 2935]], "cm_roc_opt": [[654, 95], [2176, 759]], "cm_pr_opt": [[12, 737], [38, 2897]], "roc_opt_t": 0.8242586487475209, "pr_opt_t": 0.751397617506137, "J_best_i": 4, "fpr_curve": [0.0, 0.06408544726301736, 0.09345794392523364, 0.1268357810413885, 0.1628838451268358, 0.47930574098798395, 0.8117489986648865, 0.9839786381842457, 1.0], "tpr_curve": [0.0, 0.10698466780238501, 0.1717206132879046, 0.258603066439523, 0.30425894378194207, 0.6078364565587734, 0.8497444633730835, 0.9870528109028961, 1.0], "fscore_best_i": 0, "precision_curve": [0.7966883821932682, 0.7971931755641167, 0.8039974210186976, 0.8324778348110126, 0.8798029556650246, 0.8887587822014051, 0.8780487804878049, 0.8674033149171271, 1.0], "recall_curve": [1.0, 0.9870528109028961, 0.8497444633730835, 0.6078364565587734, 0.30425894378194207, 0.258603066439523, 0.1717206132879046, 0.10698466780238501, 0.0]}, "metrics_train": {"acc": 0.8121952942838974, "auc": 0.5584575490177789, "pr_auc": 0.8528011131157462, "nll": 0.47805608832084395, "mse": 0.15115896331674175, "rmse": 0.3887916708428072, "f1": 0.8963661883967561, "gmean": 0.488072203087866, "cm": [[0, 2658], [0, 11495]], "cm_roc_opt": [[2344, 314], [9156, 2339]], "cm_pr_opt": [[55, 2603], [165, 11330]], "roc_opt_t": 0.8242586487475209, "pr_opt_t": 0.751397617506137, "J_best_i": 4, "fpr_curve": [0.0, 0.035364936042136946, 0.05492851768246802, 0.1181339352896915, 0.2076749435665914, 0.2129420617005267, 0.5364936042136945, 0.836719337848006, 0.9793077501881113, 1.0], "tpr_curve": [0.0, 0.07664201826881253, 0.11735537190082644, 0.20347977381470203, 0.30065245759025666, 0.3055241409308395, 0.6020008699434537, 0.8712483688560244, 0.9856459330143541, 1.0], "fscore_best_i": 0, "precision_curve": [0.8121952942838974, 0.8131773487404005, 0.8182858076640248, 0.8291397076443805, 0.8612064737616478, 0.8622754491017964, 0.8816434225405202, 0.9023411371237459, 0.9035897435897436, 1.0], "recall_curve": [1.0, 0.9856459330143541, 0.8712483688560244, 0.6020008699434537, 0.3055241409308395, 0.30065245759025666, 0.20347977381470203, 0.11735537190082644, 0.07664201826881253, 0.0]}}