{"time": "2022-06-19T19:24:22.613149", "features": ["bundle"], "seed": 888, "split_id": 2, "metrics_test": {"acc": 0.7966883821932682, "auc": 0.6448252411506086, "pr_auc": 0.8769670772343774, "nll": 0.48386318282446117, "mse": 0.1554290812680328, "rmse": 0.39424495084659333, "f1": 0.8868409125245506, "gmean": 0.6154319269015479, "cm": [[0, 749], [0, 2935]], "cm_roc_opt": [[583, 166], [1654, 1281]], "cm_pr_opt": [[241, 508], [529, 2406]], "roc_opt_t": 0.823682237445492, "pr_opt_t": 0.7149042363052908, "J_best_i": 4, "fpr_curve": [0.0, 0.022696929238985315, 0.12283044058744993, 0.22162883845126835, 0.3871829105473965, 0.678237650200267, 1.0], "tpr_curve": [0.0, 0.0879045996592845, 0.28722316865417374, 0.4364565587734242, 0.6180579216354344, 0.8197614991482113, 1.0], "fscore_best_i": 0, "precision_curve": [0.7966883821932682, 0.8256691832532601, 0.8621673003802282, 0.8852798894263995, 0.9016042780748663, 0.9381818181818182, 1.0], "recall_curve": [1.0, 0.8197614991482113, 0.6180579216354344, 0.4364565587734242, 0.28722316865417374, 0.0879045996592845, 0.0]}, "metrics_train": {"acc": 0.8121952942838974, "auc": 0.6472917036916302, "pr_auc": 0.8870532114294917, "nll": 0.4607252086560206, "mse": 0.1460477724378672, "rmse": 0.3821619714700394, "f1": 0.8963661883967561, "gmean": 0.6203802256906112, "cm": [[0, 2658], [0, 11495]], "cm_roc_opt": [[2132, 526], [6618, 4877]], "cm_pr_opt": [[853, 1805], [2137, 9358]], "roc_opt_t": 0.823682237445492, "pr_opt_t": 0.7149042363052908, "J_best_i": 4, "fpr_curve": [0.0, 0.02708803611738149, 0.109104589917231, 0.19789315274642588, 0.37697516930022573, 0.6790820165537998, 1.0], "tpr_curve": [0.0, 0.08638538494997826, 0.2701174423662462, 0.4242714223575468, 0.6177468464549805, 0.8140930839495433, 1.0], "fscore_best_i": 0, "precision_curve": [0.8121952942838974, 0.838305115112425, 0.8763420955201777, 0.9026466777716083, 0.914580265095729, 0.9323943661971831, 1.0], "recall_curve": [1.0, 0.8140930839495433, 0.6177468464549805, 0.4242714223575468, 0.2701174423662462, 0.08638538494997826, 0.0]}}