{"time": "2022-06-19T19:23:01.849109", "features": ["s"], "seed": 888, "split_id": 1, "metrics_test": {"acc": 0.8090960134755755, "auc": 0.6267724109074579, "pr_auc": 0.8830816940416891, "nll": 0.4683503636288772, "mse": 0.14930489113772275, "rmse": 0.3863999108924881, "f1": 0.8944754810676597, "gmean": 0.6018046501984253, "cm": [[0, 680], [0, 2882]], "cm_roc_opt": [[553, 127], [1840, 1042]], "cm_pr_opt": [[173, 507], [475, 2407]], "roc_opt_t": 0.8166658076007137, "pr_opt_t": 0.7221706847153353, "J_best_i": 4, "fpr_curve": [0.0, 0.007352941176470588, 0.08088235294117647, 0.18676470588235294, 0.38529411764705884, 0.7455882352941177, 1.0], "tpr_curve": [0.0, 0.06766134628730049, 0.22831367106176267, 0.36155447605829283, 0.5891741845940319, 0.8351839000693962, 1.0], "fscore_best_i": 0, "precision_curve": [0.8090960134755755, 0.8260123541523678, 0.8663265306122448, 0.8913601368691189, 0.9228611500701263, 0.975, 1.0], "recall_curve": [1.0, 0.8351839000693962, 0.5891741845940319, 0.36155447605829283, 0.22831367106176267, 0.06766134628730049, 0.0]}, "metrics_train": {"acc": 0.8089667250437829, "auc": 0.6280704735985665, "pr_auc": 0.8830897599282183, "nll": 0.46864433507777675, "mse": 0.14938236801225602, "rmse": 0.38650015266783017, "f1": 0.8943964682647253, "gmean": 0.595769794625914, "cm": [[0, 2727], [0, 11548]], "cm_roc_opt": [[2189, 538], [7184, 4364]], "cm_pr_opt": [[696, 2031], [1807, 9741]], "roc_opt_t": 0.8166658076007137, "pr_opt_t": 0.7221706847153353, "J_best_i": 4, "fpr_curve": [0.0, 0.009900990099009901, 0.08727539420608728, 0.1972863953061973, 0.40887422075540886, 0.7447744774477447, 1.0], "tpr_curve": [0.0, 0.07317284378247316, 0.24350536889504676, 0.3779009352268791, 0.6004502944232768, 0.8435226879113267, 1.0], "fscore_best_i": 0, "precision_curve": [0.8089667250437829, 0.8274719673802242, 0.8614734749658343, 0.8902488780089759, 0.921967213114754, 0.9690366972477065, 1.0], "recall_curve": [1.0, 0.8435226879113267, 0.6004502944232768, 0.3779009352268791, 0.24350536889504676, 0.07317284378247316, 0.0]}}