expname,acc_avg,acc_diff,acc_std,auc_avg,auc_diff,auc_std,sig
Baseline,0.156251,-,-,0.5,-,-,-
item ID,0.858508,0.702257,0.005591,0.784095,0.284095,0.006137,True
non-skill Best-LR,0.858236,0.701985,0.005257,0.802868,0.302868,0.00623,True
non-skill BestLR+,0.863637,0.707386,0.006369,0.840473,0.340473,0.007188,True
XNLR,0.864387,0.708136,0.006067,0.841424,0.34142399999999995,0.007375,True
XNLR+,0.864562,0.708311,0.006022,0.84144,0.34143999999999997,0.007303,True
