{"time": "2022-06-19T11:34:45.519113", "features": ["i"], "seed": 888, "split_id": 2, "metrics_test": {"acc": 0.8165038002171553, "auc": 0.7980218940415728, "pr_auc": 0.9339166626655462, "nll": 0.40845186410202394, "mse": 0.13003616363287915, "rmse": 0.3606052739948199, "f1": 0.894110275689223, "gmean": 0.7274881341394867, "cm": [[154, 595], [81, 2854]], "cm_roc_opt": [[597, 152], [1016, 1919]], "cm_pr_opt": [[194, 555], [122, 2813]], "roc_opt_t": 0.8279719168780912, "pr_opt_t": 0.5612072928025017, "J_best_i": 31, "fpr_curve": [0.0, 0.0013351134846461949, 0.0026702269692923898, 0.0053404539385847796, 0.006675567423230975, 0.00801068090787717, 0.010680907877169559, 0.01335113484646195, 0.01602136181575434, 0.017356475300400534, 0.020026702269692925, 0.02403204272363151, 0.025367156208277702, 0.03471295060080107, 0.04005340453938585, 0.04672897196261682, 0.049399198931909215, 0.056074766355140186, 0.06542056074766354, 0.06809078771695594, 0.08277703604806408, 0.09078771695594126, 0.10013351134846461, 0.11348464619492657, 0.12283044058744993, 0.13885180240320427, 0.1548731642189586, 0.16421895861148197, 0.17356475300400534, 0.18691588785046728, 0.20293724966622162, 0.2162883845126836, 0.2389853137516689, 0.27770360480640854, 0.2923898531375167, 0.3190921228304406, 0.3404539385847797, 0.36181575433911883, 0.3951935914552737, 0.4272363150867824, 0.4539385847797063, 0.48464619492656874, 0.520694259012016, 0.5594125500667557, 0.6034712950600801, 0.650200267022697, 0.6929238985313751, 0.7409879839786382, 0.794392523364486, 0.8651535380507344, 0.9305740987983978, 1.0], "tpr_curve": [0.0, 0.021465076660988076, 0.04293015332197615, 0.06473594548551959, 0.08620102214650767, 0.10834752981260648, 0.12640545144804088, 0.1475298126064736, 0.1717206132879046, 0.19011925042589436, 0.2119250425894378, 0.23339011925042588, 0.2517887563884157, 0.2756388415672913, 0.2991482112436116, 0.31993185689948894, 0.33798977853492335, 0.3625212947189097, 0.3826235093696763, 0.40681431005110735, 0.43066439522998295, 0.4534923339011925, 0.4735945485519591, 0.49778534923339013, 0.5229982964224872, 0.5465076660988075, 0.5672913117546848, 0.5873935264054514, 0.611243611584327, 0.6354344122657581, 0.6538330494037479, 0.6752981260647359, 0.6957410562180579, 0.7294718909710391, 0.7444633730834753, 0.7638841567291311, 0.7802385008517888, 0.8023850085178875, 0.8201022146507666, 0.8337308347529813, 0.8517887563884157, 0.8701873935264055, 0.8885860306643952, 0.9011925042589438, 0.9148211243611585, 0.9277683134582624, 0.9431005110732539, 0.9584327086882453, 0.9724020442930154, 0.9805792163543441, 0.9914821124361158, 1.0], "fscore_best_i": 3, "precision_curve": [0.7966883821932682, 0.806764624341558, 0.8162223482699943, 0.8274862278921427, 0.8352137767220903, 0.8421052631578947, 0.8482866043613707, 0.8559132929550526, 0.8632506527415144, 0.8699132755170114, 0.8755570791909496, 0.8802816901408451, 0.8843512829779545, 0.8904920458749538, 0.8968012185833968, 0.899803536345776, 0.9036678758565094, 0.9089018302828619, 0.9114516815666242, 0.9194056731202161, 0.9244402985074627, 0.926605504587156, 0.9301745635910225, 0.9324324324324325, 0.9334055224688684, 0.9348680516563729, 0.9391100702576113, 0.9434542102028273, 0.9450194049159121, 0.9488054607508533, 0.9513938527519656, 0.9532428355957768, 0.9590361445783132, 0.9581911262798635, 0.9620253164556962, 0.9640427599611273, 0.9640657084188912, 0.9669603524229075, 0.9688622754491018, 0.974934036939314, 0.9743954480796586, 0.9764521193092621, 0.9772329246935202, 0.9767441860465116, 0.9774266365688488, 0.978891820580475, 0.9814814814814815, 0.9806201550387597, 0.979381443298969, 0.984375, 0.984375, 1.0], "recall_curve": [1.0, 0.9914821124361158, 0.9805792163543441, 0.9724020442930154, 0.9584327086882453, 0.9431005110732539, 0.9277683134582624, 0.9148211243611585, 0.9011925042589438, 0.8885860306643952, 0.8701873935264055, 0.8517887563884157, 0.8337308347529813, 0.8201022146507666, 0.8023850085178875, 0.7802385008517888, 0.7638841567291311, 0.7444633730834753, 0.7294718909710391, 0.6957410562180579, 0.6752981260647359, 0.6538330494037479, 0.6354344122657581, 0.611243611584327, 0.5873935264054514, 0.5672913117546848, 0.5465076660988075, 0.5229982964224872, 0.49778534923339013, 0.4735945485519591, 0.4534923339011925, 0.43066439522998295, 0.40681431005110735, 0.3826235093696763, 0.3625212947189097, 0.33798977853492335, 0.31993185689948894, 0.2991482112436116, 0.2756388415672913, 0.2517887563884157, 0.23339011925042588, 0.2119250425894378, 0.19011925042589436, 0.1717206132879046, 0.1475298126064736, 0.12640545144804088, 0.10834752981260648, 0.08620102214650767, 0.06473594548551959, 0.04293015332197615, 0.021465076660988076, 0.0]}, "metrics_train": {"acc": 0.8285875786052427, "auc": 0.8012986147999702, "pr_auc": 0.9441442123318872, "nll": 0.3879967777988537, "mse": 0.12338551581289274, "rmse": 0.3512627446981714, "f1": 0.9019560297445846, "gmean": 0.7253670656334945, "cm": [[568, 2090], [336, 11159]], "cm_roc_opt": [[2097, 561], [3876, 7619]], "cm_pr_opt": [[704, 1954], [506, 10989]], "roc_opt_t": 0.8241396506578529, "pr_opt_t": 0.5612072928025017, "J_best_i": 32, "fpr_curve": [0.0, 0.0, 0.0003762227238525207, 0.0007524454477050414, 0.0015048908954100827, 0.002257336343115124, 0.0030097817908201654, 0.004138449962377728, 0.006772009029345372, 0.008653122648607976, 0.0109104589917231, 0.013544018058690745, 0.01655379984951091, 0.021068472535741158, 0.02671181339352897, 0.031226486079759218, 0.035364936042136946, 0.04138449962377728, 0.047780285929270125, 0.056809631301730626, 0.06621519939804364, 0.07674943566591422, 0.08615500376222723, 0.09894657637321294, 0.11211437170805116, 0.1256583897667419, 0.13920240782543267, 0.14973664409330323, 0.163280662151994, 0.17795334838224228, 0.19149736644093304, 0.2110609480812641, 0.2310007524454477, 0.26787057938299474, 0.28517682468021066, 0.31000752445447705, 0.33182844243792325, 0.36042136945071485, 0.390142964635064, 0.4179834462001505, 0.45146726862302483, 0.4860797592174567, 0.5244544770504138, 0.5560571858540256, 0.5974416854778029, 0.6407072987208428, 0.6854778028592927, 0.7351392024078255, 0.7863054928517682, 0.8544018058690744, 0.9251316779533484, 1.0], "tpr_curve": [0.0, 0.02183558068725533, 0.043584167029143105, 0.06376685515441496, 0.08542844715093519, 0.10552414093083949, 0.12387994780339277, 0.14545454545454545, 0.17094388864723792, 0.18903871248368856, 0.20878642888212265, 0.22844715093518922, 0.2462809917355372, 0.2712483688560244, 0.2960417572857764, 0.3152675076120052, 0.33284036537625056, 0.3574597651152675, 0.37625054371465855, 0.40026098303610264, 0.42470639408438454, 0.44836885602435844, 0.46646367986080906, 0.49012614180078296, 0.5137016093953893, 0.5371900826446281, 0.5601565898216616, 0.5779904306220096, 0.6008699434536755, 0.6240974336668117, 0.6412353197042192, 0.6628099173553719, 0.6842105263157895, 0.7193562418442802, 0.7338842975206612, 0.7541539799913005, 0.770943888647238, 0.7909525880817747, 0.8100913440626359, 0.8254893431926925, 0.8438451500652457, 0.8618529795563289, 0.8795998260113093, 0.8925619834710744, 0.9090909090909091, 0.925184862983906, 0.9408438451500652, 0.9559808612440192, 0.9707698999565029, 0.9810352327098738, 0.9913005654632449, 1.0], "fscore_best_i": 3,