{"time": "2022-06-19T11:35:25.561304", "features": ["i"], "seed": 888, "split_id": 4, "metrics_test": {"acc": 0.8150087260034904, "auc": 0.7750502229938802, "pr_auc": 0.9320487725683649, "nll": 0.4144111512537693, "mse": 0.13215016621107759, "rmse": 0.36352464319641054, "f1": 0.8937520882058135, "gmean": 0.7085772301028606, "cm": [[127, 540], [96, 2675]], "cm_roc_opt": [[524, 143], [1015, 1756]], "cm_pr_opt": [[86, 581], [64, 2707]], "roc_opt_t": 0.8376798418334748, "pr_opt_t": 0.3661330810860459, "J_best_i": 29, "fpr_curve": [0.0, 0.0, 0.0014992503748125937, 0.0029985007496251873, 0.005997001499250375, 0.005997001499250375, 0.0074962518740629685, 0.013493253373313344, 0.014992503748125937, 0.017991004497751123, 0.017991004497751123, 0.029985007496251874, 0.031484257871064465, 0.041979010494752625, 0.047976011994003, 0.05697151424287856, 0.06446776611694154, 0.06896551724137931, 0.08395802098950525, 0.08845577211394302, 0.10194902548725637, 0.10944527736131934, 0.12293853073463268, 0.1424287856071964, 0.17091454272863568, 0.17991004497751126, 0.1874062968515742, 0.20239880059970014, 0.2143928035982009, 0.23388305847076463, 0.2563718140929535, 0.28335832083958024, 0.29535232383808097, 0.3268365817091454, 0.3373313343328336, 0.3658170914542729, 0.383808095952024, 0.424287856071964, 0.4482758620689655, 0.4827586206896552, 0.512743628185907, 0.5547226386806596, 0.5997001499250375, 0.6296851574212894, 0.671664167916042, 0.7091454272863568, 0.7571214392803598, 0.8095952023988006, 0.8710644677661169, 0.9280359820089955, 1.0], "tpr_curve": [0.0, 0.022374594009382895, 0.06676290147961025, 0.08588957055214724, 0.10754240346445326, 0.1270299530855287, 0.14435221941537352, 0.16925297726452543, 0.18657524359437028, 0.20353662937567665, 0.2230241789967521, 0.24648141465175027, 0.26560808372428724, 0.28942619992782387, 0.3056658246120534, 0.32984482136412846, 0.34752796824251175, 0.3727896066402021, 0.3955250811981234, 0.41392998917358353, 0.43846986647419706, 0.4561530133525803, 0.47924936845904004, 0.5023457235654998, 0.5510645976181884, 0.5683868639480332, 0.5943702634428004, 0.6171057380007218, 0.6337062432334897, 0.6553590761457957, 0.6723204619271022, 0.6881992060627932, 0.7116564417177914, 0.73042223024179, 0.7455792132804042, 0.7665102850956333, 0.784554312522555, 0.8011548177553229, 0.8217250090220137, 0.8397690364489354, 0.8549260194875496, 0.8726091663659329, 0.8881270299530856, 0.9003969686033922, 0.9166365932876218, 0.9339588596174666, 0.9501984843016962, 0.9653554673403103, 0.9769036448935402, 0.9909779862865391, 1.0], "fscore_best_i": 1, "precision_curve": [0.8059918557300756, 0.8160475482912333, 0.8232968369829684, 0.8320373250388803, 0.8390694710006373, 0.8454753348578896, 0.8500669344042838, 0.855917667238422, 0.8601887451939881, 0.8672883787661406, 0.8738472888233124, 0.8784446961117403, 0.8839285714285714, 0.8869356771873752, 0.8946502057613168, 0.8969594594594594, 0.9017896115233522, 0.9027653880463872, 0.909174734900876, 0.9098282442748091, 0.915929203539823, 0.920892494929006, 0.9246972090573986, 0.926829268292683, 0.9294582392776524, 0.9292035398230089, 0.9305301645338209, 0.9361129791526563, 0.9418439716312057, 0.9454001495886313, 0.9469992205767732, 0.951077943615257, 0.9513888888888888, 0.9573679332715477, 0.9572564612326043, 0.9600840336134454, 0.9635949943117179, 0.9662650602409638, 0.9722589167767504, 0.9715504978662873, 0.9809523809523809, 0.9791666666666666, 0.9810246679316889, 0.9811715481171548, 0.9876543209876543, 0.9887640449438202, 0.9867549668874173, 0.9916666666666667, 0.9946236559139785, 1.0, 1.0], "recall_curve": [1.0, 0.9909779862865391, 0.9769036448935402, 0.9653554673403103, 0.9501984843016962, 0.9339588596174666, 0.9166365932876218, 0.9003969686033922, 0.8881270299530856, 0.8726091663659329, 0.8549260194875496, 0.8397690364489354, 0.8217250090220137, 0.8011548177553229, 0.784554312522555, 0.7665102850956333, 0.7455792132804042, 0.73042223024179, 0.7116564417177914, 0.6881992060627932, 0.6723204619271022, 0.6553590761457957, 0.6337062432334897, 0.6171057380007218, 0.5943702634428004, 0.5683868639480332, 0.5510645976181884, 0.5023457235654998, 0.47924936845904004, 0.4561530133525803, 0.43846986647419706, 0.41392998917358353, 0.3955250811981234, 0.3727896066402021, 0.34752796824251175, 0.32984482136412846, 0.3056658246120534, 0.28942619992782387, 0.26560808372428724, 0.24648141465175027, 0.2230241789967521, 0.20353662937567665, 0.18657524359437028, 0.16925297726452543, 0.14435221941537352, 0.1270299530855287, 0.10754240346445326, 0.08588957055214724, 0.06676290147961025, 0.022374594009382895, 0.0]}, "metrics_train": {"acc": 0.8287381068129731, "auc": 0.8063453846312769, "pr_auc": 0.9442345450687838, "nll": 0.3871124001468235, "mse": 0.12298338117833173, "rmse": 0.35068986466439506, "f1": 0.9019171108105958, "gmean": 0.7303798440130488, "cm": [[595, 2145], [321, 11338]], "cm_roc_opt": [[2127, 613], [3667, 7992]], "cm_pr_opt": [[736, 2004], [490, 11169]], "roc_opt_t": 0.812178886310443, "pr_opt_t": 0.5507911199024882, "J_best_i": 31, "fpr_curve": [0.0, 0.000364963503649635, 0.0018248175182481751, 0.0025547445255474453, 0.0036496350364963502, 0.004744525547445255, 0.00583941605839416, 0.007664233576642336, 0.00948905109489051, 0.012043795620437956, 0.014963503649635036, 0.01897810218978102, 0.02226277372262774, 0.02664233576642336, 0.029927007299270073, 0.0354014598540146, 0.03978102189781022, 0.04817518248175182, 0.05693430656934306, 0.0645985401459854, 0.07445255474452554, 0.0843065693430657, 0.09671532846715329, 0.10948905109489052, 0.13576642335766423, 0.14635036496350365, 0.16058394160583941, 0.17445255474452553, 0.18905109489051095, 0.20693430656934306, 0.2237226277372263, 0.24124087591240875, 0.26386861313868615, 0.2875912408759124, 0.30583941605839415, 0.33248175182481754, 0.3551094890510949, 0.38503649635036497, 0.41715328467153284, 0.45072992700729925, 0.4791970802919708, 0.516058394160584, 0.5572992700729927, 0.5912408759124088, 0.6357664233576642, 0.6817518248175183, 0.7313868613138687, 0.7828467153284672, 0.8532846715328467, 0.9259124087591241, 1.0], "tpr_curve": [0.0, 0.0216142036195214, 0.06467106955999657, 0.08551333733596363, 0.1069559996569174, 0.12771249678360067, 0.14623895702890471, 0.17154129856763015, 0.18989621751436658, 0.20807959516253538, 0.22840723904279955, 0.25345226863367354, 0.2736941418646539, 0.29839608885839264, 0.3164079252079938, 0.34110987220173256, 0.3610944334848615, 0.38485290333647826, 0.4085256025388112, 0.4277382279783858, 0.45201132172570546, 0.47070932326957715, 0.4937816279269234, 0.5173685564799726, 0.5643708722875033, 0.5828973325328073, 0.6061411784887212, 0.6286130886010807, 0.6461960717042629, 0.6677245046745004, 0.6854790290762501, 0.7030620121794322, 0.7237327386568316, 0.7441461531863797, 0.7586413929153444, 0.7789690367956086, 0.7953512308088172, 0.8140492323526889, 0.8324899219487092, 0.8505875289475942, 0.8655973925722618, 0.8835234582725792, 0.8995625696886526, 0.9125997083797924, 0.9278668839523115, 0.9430482888755468, 0.9579723818509306, 0.9724676215798954, 0.981902393001115, 0.9914229350716185, 1.0], "fscore_best_i": 3,