{"time": "2022-06-18T22:19:46.538802", "features": ["i"], "seed": 888, "split_id": 3, "metrics_test": {"acc": 0.8388584606514846, "auc": 0.8124866886095942, "pr_auc": 0.9529460648807673, "nll": 0.37009203107833566, "mse": 0.11712468229392355, "rmse": 0.342234835009418, "f1": 0.908465695103979, "gmean": 0.7364922829546183, "cm": [[136, 471], [88, 2774]], "cm_roc_opt": [[504, 103], [1017, 1845]], "cm_pr_opt": [[167, 440], [133, 2729]], "roc_opt_t": 0.8310569172851993, "pr_opt_t": 0.5392955551974397, "J_best_i": 31, "fpr_curve": [0.0, 0.0, 0.0, 0.0016474464579901153, 0.0016474464579901153, 0.0016474464579901153, 0.0016474464579901153, 0.0016474464579901153, 0.0032948929159802307, 0.0032948929159802307, 0.004942339373970346, 0.008237232289950576, 0.008237232289950576, 0.013179571663920923, 0.014827018121911038, 0.016474464579901153, 0.019769357495881382, 0.023064250411861616, 0.03130148270181219, 0.036243822075782535, 0.042833607907743, 0.05930807248764415, 0.07084019769357495, 0.08731466227347612, 0.08896210873146623, 0.10214168039538715, 0.11037891268533773, 0.12355848434925865, 0.13838550247116968, 0.14991762767710048, 0.1696869851729819, 0.1812191103789127, 0.20922570016474465, 0.2273476112026359, 0.2471169686985173, 0.2784184514003295, 0.2915980230642504, 0.3163097199341021, 0.34761120263591433, 0.37067545304777594, 0.40197693574958815, 0.4415156507413509, 0.4645799011532125, 0.5041186161449753, 0.5485996705107083, 0.5766062602965404, 0.6260296540362438, 0.6721581548599671, 0.7248764415156508, 0.7759472817133443, 0.8632619439868204, 0.9258649093904449, 1.0], "tpr_curve": [0.0, 0.02061495457721873, 0.04122990915443746, 0.06114605171208945, 0.08176100628930817, 0.10202655485674354, 0.12264150943396226, 0.14081062194269742, 0.16596785464709993, 0.18413696715583508, 0.20405310971348709, 0.2236198462613557, 0.24178895877009085, 0.2662473794549266, 0.2840670859538784, 0.30957372466806427, 0.33473095737246683, 0.35429769392033544, 0.3780573025856045, 0.3972746331236897, 0.42138364779874216, 0.4444444444444444, 0.46226415094339623, 0.48532494758909855, 0.5115303983228512, 0.5345911949685535, 0.5531097134870719, 0.576869322152341, 0.5992313067784766, 0.623340321453529, 0.6446540880503144, 0.6624737945492662, 0.6823899371069182, 0.69916142557652, 0.7131376659678547, 0.7323549965059399, 0.7501747030048916, 0.7655485674353599, 0.7854647099930119, 0.806429070580014, 0.8252969951083159, 0.8427672955974843, 0.8584905660377359, 0.876659678546471, 0.8927323549965059, 0.907058001397624, 0.9224318658280922, 0.9381551362683438, 0.953529000698812, 0.9692522711390635, 0.977288609364081, 0.9898672257162823, 1.0], "fscore_best_i": 3, "precision_curve": [0.8250216200634188, 0.8344624447717232, 0.8422161999397771, 0.8548536209553159, 0.8611549384663932, 0.8680892337536372, 0.8741721854304636, 0.8811948404616429, 0.8846952908587258, 0.8912966252220249, 0.8970427163198248, 0.9, 0.906369915579432, 0.9111725227003553, 0.9141927612850752, 0.9194292908099034, 0.9238382099827883, 0.9253863134657837, 0.9315381104518484, 0.9354838709677419, 0.9389423076923077, 0.9451645064805583, 0.9471252566735113, 0.9514666666666667, 0.953307392996109, 0.9565469293163383, 0.9593939393939394, 0.9610552763819096, 0.9644268774703557, 0.963245492371706, 0.9685212298682284, 0.9724770642201835, 0.9788961038961039, 0.9810181190681622, 0.9827429609445958, 0.9863813229571985, 0.9876288659793815, 0.9888392857142857, 0.9890510948905109, 0.9896103896103896, 0.9928263988522238, 0.9922480620155039, 0.9948892674616695, 0.996219281663516, 0.9958071278825996, 0.9975247524752475, 0.9971590909090909, 0.9965870307167235, 0.9957446808510638, 0.9943181818181818, 1.0, 1.0, 1.0], "recall_curve": [1.0, 0.9898672257162823, 0.977288609364081, 0.9692522711390635, 0.953529000698812, 0.9381551362683438, 0.9224318658280922, 0.907058001397624, 0.8927323549965059, 0.876659678546471, 0.8584905660377359, 0.8427672955974843, 0.8252969951083159, 0.806429070580014, 0.7854647099930119, 0.7655485674353599, 0.7501747030048916, 0.7323549965059399, 0.7131376659678547, 0.69916142557652, 0.6823899371069182, 0.6624737945492662, 0.6446540880503144, 0.623340321453529, 0.5992313067784766, 0.576869322152341, 0.5531097134870719, 0.5345911949685535, 0.5115303983228512, 0.48532494758909855, 0.46226415094339623, 0.4444444444444444, 0.42138364779874216, 0.3972746331236897, 0.3780573025856045, 0.35429769392033544, 0.33473095737246683, 0.30957372466806427, 0.2840670859538784, 0.2662473794549266, 0.24178895877009085, 0.2236198462613557, 0.20405310971348709, 0.18413696715583508, 0.16596785464709993, 0.14081062194269742, 0.12264150943396226, 0.10202655485674354, 0.08176100628930817, 0.06114605171208945, 0.04122990915443746, 0.02061495457721873, 0.0]}, "metrics_train": {"acc": 0.8230094654788419, "auc": 0.7980958246887967, "pr_auc": 0.9394375589092319, "nll": 0.3979475251917451, "mse": 0.12659897383681631, "rmse": 0.3558074954758771, "f1": 0.8983653730866072, "gmean": 0.7239054482488352, "cm": [[586, 2214], [329, 11239]], "cm_roc_opt": [[2187, 613], [3863, 7705]], "cm_pr_opt": [[731, 2069], [495, 11073]], "roc_opt_t": 0.825555222772291, "pr_opt_t": 0.5392955551974397, "J_best_i": 32, "fpr_curve": [0.0, 0.00035714285714285714, 0.0010714285714285715, 0.0017857142857142857, 0.002857142857142857, 0.003928571428571429, 0.005714285714285714, 0.007142857142857143, 0.01, 0.012142857142857143, 0.014642857142857143, 0.0175, 0.020714285714285713, 0.02642857142857143, 0.030714285714285715, 0.037142857142857144, 0.04392857142857143, 0.04928571428571429, 0.05678571428571429, 0.06428571428571428, 0.075, 0.08642857142857142, 0.09535714285714286, 0.1075, 0.12, 0.1325, 0.1432142857142857, 0.1575, 0.17142857142857143, 0.18642857142857142, 0.2042857142857143, 0.21892857142857142, 0.23785714285714285, 0.2557142857142857, 0.2717857142857143, 0.2957142857142857, 0.31642857142857145, 0.3375, 0.36357142857142855, 0.39571428571428574, 0.4278571428571429, 0.46035714285714285, 0.4903571428571429, 0.5278571428571428, 0.5692857142857143, 0.6035714285714285, 0.6467857142857143, 0.6903571428571429, 0.7389285714285714, 0.7907142857142857, 0.8564285714285714, 0.9264285714285714, 1.0], "tpr_curve": [0.0, 0.022043568464730292, 0.04400069156293223, 0.06466113416320886, 0.08653181189488243, 0.1071058091286307, 0.12880359612724757, 0.14713001383125865, 0.17237206085753803, 0.19052558782849238, 0.21075380359612725, 0.23089557399723376, 0.24878976486860305, 0.2733402489626556, 0.29097510373443985, 0.3155255878284924, 0.3399896265560166, 0.3595262793914246, 0.38364453665283543, 0.4026625172890733, 0.4260027662517289, 0.4501210235131397, 0.4687932226832642, 0.4927385892116183, 0.516597510373444, 0.5396784232365145, 0.5579183955739973, 0.5813450899031812, 0.6039073305670816, 0.6271611341632088, 0.6487724757952974, 0.6660615491009682, 0.6875864453665284, 0.7053941908713693, 0.7201763485477178, 0.7404910096818811, 0.7576071922544951, 0.7746369294605809, 0.7952109266943291, 0.8135373443983402, 0.8316908713692946, 0.8499308437067773, 0.8647994467496543, 0.8826071922544951, 0.8985131396957123, 0.9110477178423236, 0.9266943291839558, 0.9420816044260027, 0.9572095435684648, 0.9715594744121715, 0.9825380359612724, 0.991701244813278, 1.0], "fscore_best_i": 3,