{"time": "2022-06-18T22:19:24.037586", "features": ["i"], "seed": 888, "split_id": 0, "metrics_test": {"acc": 0.8308903365906624, "auc": 0.7948475156345333, "pr_auc": 0.9386776606110718, "nll": 0.394940470279788, "mse": 0.1247500900812596, "rmse": 0.3531997877706888, "f1": 0.9032157837501941, "gmean": 0.7200828391942232, "cm": [[154, 550], [73, 2907]], "cm_roc_opt": [[502, 202], [823, 2157]], "cm_pr_opt": [[189, 515], [115, 2865]], "roc_opt_t": 0.7795693590675411, "pr_opt_t": 0.5507854775676436, "J_best_i": 30, "fpr_curve": [0.0, 0.0014204545454545455, 0.002840909090909091, 0.002840909090909091, 0.008522727272727272, 0.014204545454545454, 0.014204545454545454, 0.019886363636363636, 0.02130681818181818, 0.02556818181818182, 0.03125, 0.046875, 0.05113636363636364, 0.056818181818181816, 0.05965909090909091, 0.06818181818181818, 0.07670454545454546, 0.08948863636363637, 0.11505681818181818, 0.12926136363636365, 0.1434659090909091, 0.15767045454545456, 0.171875, 0.18323863636363635, 0.19602272727272727, 0.21164772727272727, 0.2315340909090909, 0.25, 0.2741477272727273, 0.2869318181818182, 0.30113636363636365, 0.3224431818181818, 0.34375, 0.3664772727272727, 0.40198863636363635, 0.43323863636363635, 0.46875, 0.4900568181818182, 0.5269886363636364, 0.5625, 0.6150568181818182, 0.6903409090909091, 0.7315340909090909, 0.78125, 0.8551136363636364, 0.921875, 1.0], "tpr_curve": [0.0, 0.04261744966442953, 0.06375838926174497, 0.10671140939597315, 0.14697986577181207, 0.16711409395973154, 0.18859060402684563, 0.2080536912751678, 0.23389261744966444, 0.2543624161073825, 0.2738255033557047, 0.29630872483221476, 0.3214765100671141, 0.3704697986577181, 0.3912751677852349, 0.41073825503355704, 0.4348993288590604, 0.4533557046979866, 0.49899328859060404, 0.521476510067114, 0.5395973154362416, 0.5614093959731543, 0.5838926174496645, 0.6070469798657718, 0.6302013422818792, 0.647986577181208, 0.6694630872483222, 0.6902684563758389, 0.7053691275167785, 0.7238255033557047, 0.7419463087248322, 0.7583892617449665, 0.7785234899328859, 0.798993288590604, 0.815771812080537, 0.8345637583892618, 0.8513422818791946, 0.8677852348993289, 0.8848993288590604, 0.897986577181208, 0.9107382550335571, 0.9453020134228188, 0.9614093959731543, 0.975503355704698, 0.9832214765100671, 0.9932885906040269, 1.0], "fscore_best_i": 3, "precision_curve": [0.8089033659066233, 0.8201717927403713, 0.8295583238958097, 0.8409025166329187, 0.8476331360946746, 0.8528610354223434, 0.8624086431522084, 0.87109375, 0.8766622340425532, 0.8822927328556807, 0.8848971049877922, 0.8907593123209169, 0.895725865880619, 0.9022356953391436, 0.9055425448868072, 0.9087253719340571, 0.9125051588939331, 0.9143704959728699, 0.9159041394335512, 0.9211822660098522, 0.9244670991658943, 0.9283653846153846, 0.9315476190476191, 0.93343653250774, 0.9349811929070392, 0.9377802690582959, 0.9409011117612639, 0.9446808510638298, 0.9483418367346939, 0.9554455445544554, 0.96, 0.9622641509433962, 0.9652317880794702, 0.965034965034965, 0.9644527595884004, 0.9637826961770624, 0.9639737991266376, 0.9737470167064439, 0.9768041237113402, 0.9789325842696629, 0.9779179810725552, 0.9825174825174825, 0.9803149606299213, 0.9864864864864865, 0.99375, 0.9895833333333334, 0.9921875, 1.0], "recall_curve": [1.0, 0.9932885906040269, 0.9832214765100671, 0.975503355704698, 0.9614093959731543, 0.9453020134228188, 0.9107382550335571, 0.897986577181208, 0.8848993288590604, 0.8677852348993289, 0.8513422818791946, 0.8345637583892618, 0.815771812080537, 0.798993288590604, 0.7785234899328859, 0.7583892617449665, 0.7419463087248322, 0.7238255033557047, 0.7053691275167785, 0.6902684563758389, 0.6694630872483222, 0.647986577181208, 0.6302013422818792, 0.6070469798657718, 0.5838926174496645, 0.5614093959731543, 0.5395973154362416, 0.521476510067114, 0.49899328859060404, 0.4533557046979866, 0.4348993288590604, 0.41073825503355704, 0.3912751677852349, 0.3704697986577181, 0.3459731543624161, 0.3214765100671141, 0.29630872483221476, 0.2738255033557047, 0.2543624161073825, 0.23389261744966444, 0.2080536912751678, 0.18859060402684563, 0.16711409395973154, 0.14697986577181207, 0.10671140939597315, 0.06375838926174497, 0.04261744966442953, 0.0]}, "metrics_train": {"acc": 0.8248427895145906, "auc": 0.8017200361235371, "pr_auc": 0.9427376710097638, "nll": 0.39179364514043497, "mse": 0.12477751119916443, "rmse": 0.35323860377818905, "f1": 0.8995990441861407, "gmean": 0.7273881376345532, "cm": [[568, 2135], [344, 11106]], "cm_roc_opt": [[2143, 560], [3844, 7606]], "cm_pr_opt": [[709, 1994], [513, 10937]], "roc_opt_t": 0.8121878532408329, "pr_opt_t": 0.5507854775676436, "J_best_i": 28, "fpr_curve": [0.0, 0.0007399186089530152, 0.0014798372179060304, 0.003699593044765076, 0.0059193488716241215, 0.007399186089530152, 0.00924898261191269, 0.011098779134295227, 0.014058453570107288, 0.016648168701442843, 0.01997780244173141, 0.025527192008879023, 0.031446540880503145, 0.03773584905660377, 0.04476507584165742, 0.050314465408805034, 0.05697373288938217, 0.06733259341472438, 0.07584165741768406, 0.09877913429522753, 0.11061783203847576, 0.11986681465038845, 0.1320754716981132, 0.146503884572697, 0.1613022567517573, 0.1757306696263411, 0.1894191638919719, 0.20717721050684423, 0.2282648908620052, 0.24306326304106549, 0.26230114687384387, 0.2830188679245283, 0.30484646688864225, 0.3311135775064743, 0.3592304846466889, 0.38845726970033295, 0.42064372918978915, 0.45394006659267483, 0.48464668886422496, 0.5227524972253053, 0.5553089160192379, 0.5974842767295597, 0.6862745098039216, 0.7376988531261561, 0.7898631150573437, 0.857195708472068, 0.9274879763226045, 1.0], "tpr_curve": [0.0, 0.043668122270742356, 0.06541484716157205, 0.10593886462882096, 0.14139737991266377, 0.1615720524017467, 0.18305676855895198, 0.2006113537117904, 0.2256768558951965, 0.245589519650655, 0.2627947598253275, 0.2872489082969432, 0.3116157205240175, 0.33641921397379915, 0.36104803493449783, 0.3802620087336245, 0.39921397379912665, 0.4225327510917031, 0.4410480349344978, 0.48978165938864626, 0.514061135371179, 0.5324017467248908, 0.5558078602620087, 0.5794759825327511, 0.603056768558952, 0.625414847161572, 0.642707423580786, 0.6642794759825328, 0.6855895196506551, 0.7000873362445414, 0.7174672489082969, 0.7344978165938865, 0.7512663755458515, 0.771353711790393, 0.7917903930131004, 0.8111790393013101, 0.8293449781659389, 0.8477729257641922, 0.8624454148471615, 0.880524017467249, 0.8933624454148471, 0.9096943231441048, 0.9402620087336244, 0.9551965065502184, 0.9699563318777292, 0.980349344978166, 0.990829694323144, 1.0], "fscore_best_i": 3, "precision_curve": [0.80901575637674, 0.8190153046491482, 0.8289026731649682, 0.8387584019333887, 0.8457969221251257, 0.8530227398779812, 0.865763444435209, 0.8720375106564365, 0.8770769899956503, 0.8828788556101922, 0.8877812328516553, 0.8930687482366219, 0.8984329657573998, 0.9032579456012753, 0.9079880744319935, 0.9125822193931679, 0.9166212534059945, 0.9205513222770059, 0.924247665167762, 0.9271288531947561, 0.9314229733039432, 0.9349510862660398, 0.9377946568884232, 0.940607546655769, 0.943677997439909, 0.9468829043297129, 0.9495327102803738, 0.9516572352465643, 0.9545531914893617, 0.9609895337773549, 0.9637450199203187, 0.9674074074074074, 0.9697104677060133, 0.9715628672150411, 0.9742033383915023, 0.976731453599781, 0.9794520547945206, 0.9823702252693438, 0.984249212460623, 0.9855072463768116, 0.9871078642028362, 0.9882131070249882, 0.9893048128342246, 0.9902140672782874, 0.9918233851185609, 0.9946879150066401, 0.9960159362549801, 1.0],